loan_amnt,term,int_rate,grade,emp_length,home_ownership,annual_inc,verification_status,purpose,dti,delinq_2yrs,open_acc,pub_rec,revol_bal,revol_util,total_acc,fico_range_low,issue_d,installment,fico_range_high,earliest_cr_line,loan_status,total_pymnt,recoveries,last_pymnt_d
36551, 60 months,18.5,B,,OWN,59823.0,Source Verified,small_business,16.43,0,23,0,27765,23.9,26,420,Feb-2017,700.56,424,Apr-1992,Fully Paid,42033.649999999994,0.0,Dec-2017
29616, 36 months,27.17,B,,OWN,36272.0,Source Verified,debt_consolidation,36.25,1,15,0,54313,46.7,54,350,Oct-2015,946.07,354,Jan-2012,Fully Paid,34058.399999999994,0.0,Dec-2017
29016, 36 months,22.86,D,< 1 year,RENT,46738.0,Verified,credit_card,18.76,0,20,0,3882,10.3,44,385,Jan-2015,926.9,389,Oct-2011,Fully Paid,33368.399999999994,0.0,Dec-2017
5976, 36 months,24.33,B,5 years,MORTGAGE,86922.0,Source Verified,credit_card,36.59,0,18,0,36866,91.8,18,365,Aug-2013,190.9,369,Sep-2010,Charged Off,2390.4,298.8,Dec-2017
15986, 60 months,18.53,B,,MORTGAGE,26493.0,Not Verified,credit_card,7.79,0,13,0,44183,8.4,9,390,Nov-2013,306.4,394,Jul-1998,Charged Off,6394.400000000001,799.3000000000001,Dec-2017
37856, 36 months,19.37,F,5 years,OWN,15973.0,Verified,small_business,16.18,0,27,0,27206,24.9,51,335,Mar-2012,1209.29,339,Jan-2003,Fully Paid,43534.399999999994,0.0,Dec-2017
6335, 36 months,19.84,D,1 year,MORTGAGE,30133.0,Not Verified,debt_consolidation,7.51,0,6,0,6343,8.0,41,370,Jun-2012,202.37,374,Dec-1995,Fully Paid,7285.249999999999,0.0,Dec-2017
20955, 36 months,11.85,E,10+ years,MORTGAGE,388879.0,Not Verified,small_business,9.33,0,5,0,12115,76.9,13,335,Feb-2012,669.4,339,Nov-1985,Fully Paid,24098.249999999996,0.0,Dec-2017
4923, 36 months,19.73,E,,RENT,60037.0,Not Verified,car,8.45,0,21,0,7052,46.1,20,395,Jan-2013,157.26,399,Jan-2000,Fully Paid,5661.45,0.0,Dec-2017
26167, 36 months,27.43,B,10+ years,OWN,97521.0,Not Verified,small_business,13.42,1,12,0,57645,73.1,10,365,Nov-2016,835.89,369,Sep-2007,In Grace Period,10466.800000000001,1308.3500000000001,Dec-2017
39155, 60 months,23.56,A,5 years,MORTGAGE,48068.0,Source Verified,debt_consolidation,18.31,0,22,0,19599,47.5,4,330,Nov-2015,750.47,334,Feb-2007,Fully Paid,45028.25,0.0,Dec-2017
1565, 36 months,14.19,E,1 year,OWN,165223.0,Verified,small_business,20.83,0,15,1,10803,68.9,27,385,Jun-2017,49.99,389,Sep-1999,In Grace Period,1799.7499999999998,0.0,Dec-2017
14402, 36 months,22.06,G,10+ years,OWN,18240.0,Source Verified,debt_consolidation,29.89,0,17,0,51857,98.6,29,335,Jan-2015,460.06,339,Jul-1990,Charged Off,5760.8,720.1,Dec-2017
6352, 36 months,12.14,F,,RENT,27702.0,Verified,car,17.18,0,23,0,30990,45.3,47,385,Aug-2015,202.91,389,Sep-1988,Fully Paid,7304.799999999999,0.0,Dec-2017
37205, 36 months,27.73,C,,RENT,46029.0,Source Verified,small_business,10.76,0,25,0,59018,66.9,21,385,Oct-2017,1188.49,389,May-1994,Fully Paid,42785.75,0.0,Dec-2017
32878, 36 months,10.99,D,< 1 year,OWN,36025.0,Verified,small_business,8.23,0,8,0,5403,47.0,29,410,May-2016,1050.27,414,Aug-1994,Fully Paid,37809.7,0.0,Dec-2017
36201, 36 months,25.11,F,,RENT,63375.0,Not Verified,small_business,17.07,0,4,0,47578,15.5,32,330,Oct-2015,1156.42,334,Mar-2005,Fully Paid,41631.149999999994,0.0,Dec-2017
3267, 36 months,25.46,B,10+ years,RENT,51990.0,Source Verified,car,23.5,0,6,0,51019,53.2,28,395,Apr-2015,104.36,399,May-1992,Fully Paid,3757.0499999999997,0.0,Dec-2017
38492, 36 months,10.11,G,10+ years,OWN,19146.0,Not Verified,credit_card,19.81,0,2,0,39866,63.4,24,345,May-2015,1229.61,349,Jun-1999,Fully Paid,44265.799999999996,0.0,Dec-2017
2637, 36 months,19.73,C,10+ years,OWN,63886.0,Verified,debt_consolidation,23.29,0,29,1,54417,22.9,28,365,Aug-2017,84.24,369,Nov-1988,Fully Paid,3032.5499999999997,0.0,Dec-2017
31829, 60 months,10.84,E,,OWN,116568.0,Not Verified,car,15.07,0,7,1,57673,4.1,8,365,Aug-2013,610.06,369,Oct-1992,Fully Paid,36603.35,0.0,Dec-2017
4377, 60 months,25.37,G,< 1 year,MORTGAGE,32305.0,Not Verified,debt_consolidation,22.69,0,6,1,46977,16.2,40,395,Nov-2016,83.89,399,Jan-2012,Fully Paid,5033.549999999999,0.0,Dec-2017
22087, 36 months,14.93,F,< 1 year,RENT,32875.0,Not Verified,car,19.87,0,20,0,24072,56.0,28,330,Jan-2016,705.56,334,Jan-2006,Fully Paid,25400.05,0.0,Dec-2017
7799, 60 months,6.87,B,10+ years,MORTGAGE,130163.0,Verified,debt_consolidation,16.9,0,5,0,23668,30.1,10,370,Jan-2012,149.48,374,Dec-1992,Fully Paid,8968.849999999999,0.0,Dec-2017
2007, 36 months,16.34,C,< 1 year,OWN,33709.0,Verified,debt_consolidation,7.11,1,11,0,35622,31.4,59,375,May-2014,64.11,379,Mar-1986,Fully Paid,2308.0499999999997,0.0,Dec-2017
30273, 36 months,12.12,F,< 1 year,MORTGAGE,46264.0,Source Verified,car,30.73,0,19,0,30519,43.5,36,350,Feb-2017,967.05,354,Dec-2011,Fully Paid,34813.95,0.0,Dec-2017
4941, 36 months,24.96,F,,OWN,15334.0,Verified,car,12.16,0,25,0,5069,13.7,40,370,Apr-2015,157.84,374,Dec-2000,Fully Paid,5682.15,0.0,Dec-2017
26940, 60 months,22.71,D,5 years,OWN,80525.0,Source Verified,debt_consolidation,25.59,1,25,0,53849,10.4,31,395,Mar-2012,516.35,399,Sep-1990,Fully Paid,30980.999999999996,0.0,Dec-2017
39519, 60 months,15.74,A,1 year,MORTGAGE,43324.0,Not Verified,debt_consolidation,21.56,1,20,0,50199,27.5,34,345,Aug-2016,757.45,349,Jul-2010,In Grace Period,45446.85,0.0,Dec-2017
31840, 60 months,25.47,G,5 years,MORTGAGE,86942.0,Verified,car,23.02,0,20,0,39004,37.7,34,405,May-2016,610.27,409,Feb-1998,Fully Paid,36616.0,0.0,Dec-2017
19850, 36 months,22.64,C,5 years,MORTGAGE,57496.0,Source Verified,debt_consolidation,22.04,0,24,0,16376,85.8,23,340,Jan-2017,634.1,344,Aug-2011,Fully Paid,22827.5,0.0,Dec-2017
30710, 60 months,8.39,G,< 1 year,OWN,28337.0,Source Verified,small_business,26.19,1,16,0,14791,40.0,53,330,Jan-2013,588.61,334,Apr-1983,Fully Paid,35316.5,0.0,Dec-2017
35577, 36 months,25.29,E,5 years,RENT,63651.0,Source Verified,car,20.36,1,25,0,52362,75.8,54,350,Jul-2012,1136.49,354,Apr-1990,Fully Paid,40913.549999999996,0.0,Dec-2017
3525, 36 months,27.28,G,10+ years,MORTGAGE,31359.0,Not Verified,credit_card,13.55,0,11,0,6088,2.4,17,345,Mar-2017,112.6,349,Sep-1987,Fully Paid,4053.7499999999995,0.0,Dec-2017
4471, 60 months,7.9,B,,RENT,93628.0,Not Verified,car,10.2,0,10,0,11607,58.4,37,405,Feb-2012,85.69,409,Mar-2003,Fully Paid,5141.65,0.0,Dec-2017
10642, 36 months,20.21,F,10+ years,MORTGAGE,130710.0,Source Verified,credit_card,13.63,0,3,1,34012,18.5,8,365,Mar-2015,339.95,369,May-1988,Fully Paid,12238.3,0.0,Dec-2017
34237, 60 months,22.43,D,,OWN,41350.0,Verified,debt_consolidation,28.77,0,28,0,26020,31.6,19,415,Jun-2012,656.21,419,Nov-1995,Fully Paid,39372.549999999996,0.0,Dec-2017
37219, 36 months,20.1,D,10+ years,RENT,54281.0,Not Verified,credit_card,26.84,0,13,0,29446,10.3,17,405,Oct-2013,1188.94,409,Aug-1990,Charged Off,14887.6,1860.95,Dec-2017
12016, 36 months,21.14,G,,RENT,36973.0,Verified,car,19.12,0,28,0,6630,61.3,36,355,Nov-2014,383.84,359,Sep-1992,Fully Paid,13818.4,0.0,Dec-2017
21882, 60 months,7.27,E,5 years,MORTGAGE,76533.0,Verified,small_business,8.99,1,29,0,22889,96.3,36,410,Jul-2014,419.4,414,Jan-2010,Fully Paid,25164.3,0.0,Dec-2017
17917, 36 months,25.73,E,1 year,OWN,73784.0,Not Verified,car,15.8,0,15,0,45859,90.0,43,405,Jun-2014,572.35,409,Feb-1990,Fully Paid,20604.55,0.0,Dec-2017
28455, 36 months,16.66,B,,OWN,52492.0,Verified,credit_card,25.65,0,9,0,20223,76.6,22,335,Mar-2012,908.98,339,Sep-1991,Fully Paid,32723.249999999996,0.0,Dec-2017
26322, 36 months,12.41,A,5 years,MORTGAGE,41995.0,Source Verified,small_business,23.43,0,8,0,50577,8.7,44,410,Jan-2012,840.84,414,Aug-1989,Fully Paid,30270.3,0.0,Dec-2017
39104, 36 months,9.3,C,1 year,RENT,128643.0,Not Verified,small_business,22.53,0,9,1,12445,37.6,50,335,Sep-2012,1249.16,339,Aug-1985,Fully Paid,44969.6,0.0,Dec-2017
23982, 36 months,16.19,D,1 year,MORTGAGE,76811.0,Source Verified,debt_consolidation,17.96,0,29,0,4827,47.3,52,375,Jan-2012,766.09,379,Sep-2005,Fully Paid,27579.3,0.0,Dec-2017
37149, 36 months,14.63,G,10+ years,MORTGAGE,64269.0,Source Verified,car,20.91,0,12,1,24289,41.0,36,405,Jan-2016,1186.7,409,Nov-2010,Fully Paid,42721.35,0.0,Dec-2017
3899, 60 months,22.71,F,,RENT,67300.0,Not Verified,debt_consolidation,20.78,0,11,0,56026,69.9,29,385,Feb-2015,74.73,389,Jan-2003,Fully Paid,4483.849999999999,0.0,Dec-2017
37146, 36 months,14.44,B,5 years,RENT,67670.0,Source Verified,debt_consolidation,14.02,1,17,0,41634,7.0,38,390,Nov-2015,1186.61,394,Mar-1992,Fully Paid,42717.899999999994,0.0,Dec-2017
18841, 36 months,16.38,D,< 1 year,RENT,58126.0,Verified,credit_card,17.49,0,24,0,14411,84.9,23,415,Jul-2013,601.87,419,Apr-1996,Charged Off,7536.400000000001,942.0500000000001,Dec-2017
17004, 36 months,18.55,F,< 1 year,OWN,42478.0,Verified,debt_consolidation,25.53,1,6,0,33741,17.7,48,355,Sep-2015,543.18,359,Apr-2002,Fully Paid,19554.6,0.0,Dec-2017
34666, 36 months,13.5,F,,RENT,162793.0,Verified,debt_consolidation,31.98,0,14,0,14753,21.7,59,385,Jul-2016,1107.39,389,Aug-1995,Late (31-120 days),39865.899999999994,0.0,Dec-2017
21893, 36 months,13.03,D,1 year,MORTGAGE,32429.0,Not Verified,credit_card,6.34,0,8,0,26582,26.2,52,390,Apr-2014,699.36,394,May-1996,Fully Paid,25176.949999999997,0.0,Dec-2017
13743, 36 months,13.09,A,1 year,MORTGAGE,29737.0,Not Verified,credit_card,18.59,0,19,1,23769,98.3,28,375,Oct-2014,439.01,379,Jun-2004,Fully Paid,15804.449999999999,0.0,Dec-2017
3620, 60 months,21.18,G,5 years,RENT,39782.0,Source Verified,car,21.9,0,21,0,5635,39.2,39,365,Dec-2017,69.38,369,Dec-2011,Fully Paid,4163.0,0.0,Dec-2017
9909, 36 months,16.01,D,1 year,OWN,69373.0,Verified,car,27.58,0,11,0,45914,69.2,47,345,Oct-2016,316.54,349,Mar-2005,Fully Paid,11395.349999999999,0.0,Dec-2017
2861, 60 months,18.59,D,,OWN,87412.0,Source Verified,debt_consolidation,22.64,2,21,0,35237,93.2,32,400,Nov-2017,54.84,404,Jun-2000,In Grace Period,3290.1499999999996,0.0,Dec-2017
16869, 60 months,27.62,G,5 years,MORTGAGE,45834.0,Not Verified,small_business,9.37,0,19,0,48103,28.7,12,405,Apr-2014,323.32,409,Jan-1991,Fully Paid,19399.35,0.0,Dec-2017
21845, 36 months,11.1,A,1 year,OWN,60554.0,Not Verified,debt_consolidation,20.29,0,28,0,938,15.8,20,335,Feb-2016,697.83,339,Nov-2002,Fully Paid,25121.749999999996,0.0,Dec-2017
1747, 60 months,7.49,B,< 1 year,MORTGAGE,49005.0,Source Verified,car,9.25,0,3,0,56808,33.4,4,330,Sep-2017,33.48,334,Apr-2014,Fully Paid,2009.05,0.0,Dec-2017
9971, 36 months,11.16,D,< 1 year,MORTGAGE,75589.0,Source Verified,debt_consolidation,14.49,0,12,0,16337,51.3,8,330,Nov-2015,318.52,334,Jan-2012,Fully Paid,11466.65,0.0,Dec-2017
12188, 60 months,21.45,D,10+ years,RENT,20961.0,Source Verified,small_business,20.02,0,24,0,7074,62.6,27,355,Jan-2017,233.6,359,Sep-2006,Fully Paid,14016.199999999999,0.0,Dec-2017
14741, 60 months,22.61,C,10+ years,RENT,185265.0,Verified,small_business,12.86,1,18,0,11565,99.7,58,345,Feb-2016,282.54,349,Mar-1987,Fully Paid,16952.149999999998,0.0,Dec-2017
23097, 36 months,10.17,A,10+ years,OWN,70735.0,Not Verified,car,23.44,0,14,0,21529,85.4,5,330,Mar-2016,737.82,334,Oct-2012,Fully Paid,26561.55,0.0,Dec-2017
10726, 60 months,14.44,E,1 year,OWN,51124.0,Not Verified,debt_consolidation,12.99,0,9,0,31677,31.4,37,330,May-2014,205.58,334,May-1986,Fully Paid,12334.9,0.0,Dec-2017
30388, 36 months,15.39,C,5 years,MORTGAGE,30158.0,Verified,credit_card,26.07,0,3,0,56412,38.1,5,365,Mar-2017,970.73,369,Jun-1997,Current,34946.2,0.0,Dec-2017
19207, 36 months,15.09,C,< 1 year,MORTGAGE,113669.0,Source Verified,credit_card,15.35,0,23,0,51449,100.0,28,395,Oct-2012,613.56,399,Dec-1994,Fully Paid,22088.05,0.0,Dec-2017
32561, 36 months,21.55,D,,MORTGAGE,74102.0,Verified,small_business,18.96,1,17,0,2598,74.7,59,400,Jun-2015,1040.14,404,Sep-2010,Fully Paid,37445.149999999994,0.0,Dec-2017
37165, 36 months,27.38,D,1 year,OWN,38363.0,Verified,car,10.07,0,26,0,34955,47.7,49,410,Apr-2016,1187.22,414,Feb-1998,Fully Paid,42739.75,0.0,Dec-2017
25703, 36 months,10.76,D,1 year,RENT,87031.0,Verified,debt_consolidation,14.15,0,13,0,22016,44.2,23,400,Jan-2017,821.07,404,Apr-1993,In Grace Period,29558.449999999997,0.0,Dec-2017
9982, 36 months,16.47,D,10+ years,RENT,105354.0,Not Verified,car,17.94,0,19,0,16571,15.2,41,370,Feb-2015,318.87,374,Nov-1997,Fully Paid,11479.3,0.0,Dec-2017
1816, 60 months,16.67,D,,OWN,176534.0,Verified,small_business,19.66,0,11,0,52290,19.8,34,405,Apr-2014,34.81,409,Feb-1985,Fully Paid,2088.3999999999996,0.0,Dec-2017
4180, 36 months,9.93,E,5 years,RENT,82203.0,Source Verified,credit_card,17.99,1,25,0,45995,61.4,38,375,Nov-2013,133.53,379,Mar-1994,Fully Paid,4807.0,0.0,Dec-2017
2320, 36 months,17.36,D,< 1 year,OWN,41394.0,Source Verified,credit_card,22.98,1,25,1,37750,93.3,17,330,Jul-2014,74.11,334,Apr-2010,Fully Paid,2668.0,0.0,Dec-2017
38177, 36 months,10.93,F,< 1 year,MORTGAGE,108856.0,Source Verified,car,27.96,1,21,0,28317,51.7,59,370,Nov-2014,1219.54,374,Aug-2007,Fully Paid,43903.549999999996,0.0,Dec-2017
24154, 60 months,18.74,D,< 1 year,RENT,65066.0,Source Verified,credit_card,26.89,0,4,0,15237,83.9,36,395,Apr-2016,462.95,399,Jan-2014,Fully Paid,27777.1,0.0,Dec-2017
25847, 36 months,12.79,F,10+ years,RENT,92211.0,Source Verified,car,24.86,0,6,0,3444,99.5,40,360,May-2017,825.67,364,Feb-1993,Fully Paid,29724.05,0.0,Dec-2017
3384, 60 months,12.92,C,10+ years,MORTGAGE,35837.0,Not Verified,car,19.34,0,15,1,36087,51.1,43,380,Jun-2012,64.86,384,Aug-1987,Fully Paid,3891.6,0.0,Dec-2017
15441, 36 months,16.59,D,5 years,MORTGAGE,59477.0,Verified,small_business,19.9,1,14,0,28895,22.3,22,405,Aug-2017,493.25,409,Jul-1994,Late (31-120 days),17757.149999999998,0.0,Dec-2017
27946, 60 months,26.76,B,< 1 year,MORTGAGE,22933.0,Source Verified,small_business,32.46,0,10,0,41229,36.3,28,405,Mar-2015,535.63,409,Jul-2003,Fully Paid,32137.899999999998,0.0,Dec-2017
20613, 60 months,25.43,B,10+ years,MORTGAGE,128746.0,Source Verified,small_business,21.56,1,8,2,24892,58.8,20,390,Feb-2014,395.08,394,May-2002,Fully Paid,23704.949999999997,0.0,Dec-2017
17864, 36 months,20.75,A,< 1 year,MORTGAGE,33007.0,Not Verified,credit_card,19.23,2,3,0,9582,29.4,58,350,Jan-2016,570.66,354,Feb-2004,Charged Off,7145.6,893.2,Dec-2017
4778, 60 months,27.81,E,5 years,MORTGAGE,58213.0,Not Verified,car,16.75,0,17,0,34560,72.2,39,375,Jun-2015,91.58,379,Mar-1996,Fully Paid,5494.7,0.0,Dec-2017
19977, 36 months,13.61,C,1 year,OWN,32640.0,Source Verified,small_business,6.95,1,19,0,5045,36.5,7,345,Jul-2013,638.15,349,Apr-1985,Fully Paid,22973.55,0.0,Dec-2017
13132, 36 months,6.85,F,5 years,OWN,139914.0,Source Verified,credit_card,0.97,0,26,0,13000,54.6,52,350,Dec-2013,419.49,354,Aug-1999,Fully Paid,15101.8,0.0,Dec-2017
27986, 36 months,13.84,E,< 1 year,MORTGAGE,35395.0,Verified,car,23.01,0,29,0,27261,91.3,34,360,Apr-2016,894.0,364,Nov-2010,Fully Paid,32183.899999999998,0.0,Dec-2017
2506, 36 months,15.94,G,5 years,MORTGAGE,117273.0,Verified,credit_card,15.58,0,29,0,18495,77.3,35,365,Jul-2015,80.05,369,Apr-2000,Fully Paid,2881.8999999999996,0.0,Dec-2017
22875, 36 months,16.7,G,< 1 year,MORTGAGE,142393.0,Not Verified,debt_consolidation,28.19,0,15,0,56992,19.8,59,420,Jan-2015,730.73,424,Jul-1989,Fully Paid,26306.249999999996,0.0,Dec-2017
6853, 36 months,24.27,D,5 years,OWN,133414.0,Source Verified,debt_consolidation,22.13,0,18,0,51587,54.5,36,410,Jan-2014,218.92,414,Mar-2009,Fully Paid,7880.95,0.0,Dec-2017
21157, 60 months,12.89,B,,MORTGAGE,40455.0,Not Verified,small_business,2.66,0,24,0,953,94.0,19,415,Jul-2016,405.51,419,Apr-1994,Fully Paid,24330.55,0.0,Dec-2017
19499, 60 months,17.41,E,1 year,MORTGAGE,68894.0,Source Verified,car,12.53,0,12,0,59875,25.5,28,405,May-2014,373.73,409,Dec-1984,Fully Paid,22423.85,0.0,Dec-2017
30587, 36 months,24.86,D,< 1 year,MORTGAGE,174208.0,Verified,credit_card,17.98,0,6,0,33916,15.9,58,370,Dec-2013,977.08,374,Jul-2007,Fully Paid,35175.049999999996,0.0,Dec-2017
4217, 36 months,10.02,E,,RENT,69059.0,Verified,credit_card,17.45,2,25,0,3585,21.4,11,410,May-2017,134.71,414,Mar-2007,In Grace Period,4849.549999999999,0.0,Dec-2017
23467, 36 months,26.0,C,10+ years,MORTGAGE,86298.0,Source Verified,car,24.36,1,16,1,49256,94.5,10,340,Aug-2013,749.64,344,Nov-1998,Fully Paid,26987.05,0.0,Dec-2017
13613, 36 months,9.01,B,< 1 year,MORTGAGE,40125.0,Source Verified,debt_consolidation,12.99,0,11,0,29899,53.4,20,355,May-2013,434.86,359,Jan-1998,Fully Paid,15654.949999999999,0.0,Dec-2017
10977, 36 months,21.23,G,,MORTGAGE,50449.0,Verified,small_business,17.41,0,16,0,25862,7.6,5,400,Apr-2016,350.65,404,Aug-1992,Fully Paid,12623.55,0.0,Dec-2017
24095, 36 months,26.92,G,,RENT,66160.0,Source Verified,credit_card,14.2,0,18,0,9973,2.0,12,370,Sep-2015,769.7,374,Apr-2008,Fully Paid,27709.249999999996,0.0,Dec-2017
25357, 36 months,19.36,G,< 1 year,OWN,32131.0,Not Verified,credit_card,29.74,0,16,0,6169,98.3,20,365,Apr-2012,810.02,369,Mar-1987,Fully Paid,29160.55,0.0,Dec-2017
34624, 36 months,21.07,D,,MORTGAGE,53286.0,Source Verified,small_business,18.17,0,10,0,39503,61.9,45,405,Jul-2012,1106.04,409,Oct-1994,Fully Paid,39817.6,0.0,Dec-2017
28433, 36 months,22.89,F,< 1 year,OWN,39099.0,Verified,debt_consolidation,27.03,2,6,1,10746,17.6,57,370,Apr-2014,908.28,374,Jul-1990,Fully Paid,32697.949999999997,0.0,Dec-2017
9912, 36 months,11.31,A,10+ years,MORTGAGE,65535.0,Source Verified,small_business,31.4,0,9,0,9976,29.2,58,355,Dec-2016,316.63,359,Mar-1992,In Grace Period,11398.8,0.0,Dec-2017
3703, 36 months,8.19,D,5 years,OWN,19212.0,Not Verified,debt_consolidation,13.87,1,16,0,39195,50.2,5,335,May-2014,118.29,339,Oct-1994,Fully Paid,4258.45,0.0,Dec-2017
15150, 36 months,15.61,C,1 year,MORTGAGE,92522.0,Verified,debt_consolidation,20.92,0,6,0,23199,39.7,20,340,Sep-2016,483.96,344,Jul-2005,Late (31-120 days),17422.5,0.0,Dec-2017
17817, 60 months,18.76,E,1 year,OWN,210744.0,Verified,credit_card,27.0,0,24,0,37617,44.8,40,370,Nov-2013,341.49,374,May-1996,Fully Paid,20489.55,0.0,Dec-2017
11813, 36 months,11.94,E,1 year,MORTGAGE,155140.0,Verified,small_business,20.01,1,26,0,7866,96.9,31,405,Jun-2013,377.36,409,Apr-2004,Fully Paid,13584.949999999999,0.0,Dec-2017
28867, 60 months,6.96,E,1 year,MORTGAGE,83018.0,Source Verified,credit_card,30.63,1,2,1,58733,13.3,18,420,Sep-2016,553.28,424,Nov-2005,Late (31-120 days),33197.049999999996,0.0,Dec-2017
12167, 36 months,24.43,A,1 year,RENT,40232.0,Source Verified,debt_consolidation,28.78,1,16,0,55315,86.2,22,400,Apr-2017,388.67,404,Feb-2004,Late (31-120 days),4866.8,608.35,Dec-2017
31650, 36 months,22.52,F,5 years,RENT,109939.0,Source Verified,small_business,40.56,0,17,0,46141,13.4,15,410,Jun-2012,1011.04,414,Nov-1997,Fully Paid,36397.5,0.0,Dec-2017
38445, 36 months,26.82,G,5 years,OWN,37553.0,Not Verified,credit_card,18.79,0,6,0,53780,42.4,55,360,May-2012,1228.1,364,Nov-1996,Fully Paid,44211.75,0.0,Dec-2017
28841, 36 months,9.38,B,,RENT,84955.0,Verified,car,18.16,0,24,0,9176,19.3,14,385,Jan-2016,921.31,389,Mar-1998,Fully Paid,33167.149999999994,0.0,Dec-2017
17890, 36 months,6.73,G,5 years,MORTGAGE,160773.0,Verified,car,22.07,1,13,0,17629,85.1,18,390,Jan-2014,571.49,394,Nov-2004,Fully Paid,20573.5,0.0,Dec-2017
32629, 36 months,22.25,G,,OWN,26498.0,Not Verified,small_business,17.9,1,2,0,17371,90.0,19,400,Jun-2015,1042.32,404,Jul-1998,Charged Off,13051.6,1631.45,Dec-2017
32567, 36 months,25.06,G,1 year,OWN,50537.0,Not Verified,debt_consolidation,20.49,0,5,0,39202,16.4,6,380,Nov-2012,1040.33,384,Sep-2007,Fully Paid,37452.049999999996,0.0,Dec-2017
22004, 36 months,10.89,D,< 1 year,RENT,19687.0,Not Verified,car,1.6,0,19,0,5580,36.2,28,420,Feb-2017,702.91,424,Mar-2014,Late (31-120 days),25304.6,0.0,Dec-2017
6840, 60 months,14.3,F,5 years,RENT,34161.0,Source Verified,small_business,26.68,0,12,0,14687,91.9,33,395,Sep-2014,131.1,399,May-2007,Charged Off,2736.0,342.0,Dec-2017
5954, 36 months,24.64,D,< 1 year,RENT,116999.0,Verified,debt_consolidation,14.2,1,24,0,27497,27.2,36,355,May-2017,190.2,359,Aug-1993,Fully Paid,6847.099999999999,0.0,Dec-2017
18994, 36 months,6.25,F,< 1 year,OWN,76691.0,Not Verified,small_business,20.53,0,7,0,48179,74.0,57,405,Oct-2016,606.75,409,Oct-2010,Fully Paid,21843.1,0.0,Dec-2017
3508, 36 months,11.88,A,,RENT,79349.0,Not Verified,small_business,25.39,0,19,0,12749,19.2,29,345,Mar-2016,112.06,349,May-2012,Charged Off,1403.2,175.4,Dec-2017
19235, 36 months,8.85,B,< 1 year,RENT,19413.0,Source Verified,debt_consolidation,15.97,0,20,0,19360,3.8,42,365,May-2013,614.45,369,Feb-2011,Fully Paid,22120.25,0.0,Dec-2017
2789, 36 months,26.85,A,1 year,OWN,33889.0,Verified,car,34.99,0,7,0,58321,52.0,35,360,Aug-2016,89.09,364,Dec-1999,Late (31-120 days),1115.6000000000001,139.45000000000002,Dec-2017
25270, 60 months,6.97,B,,MORTGAGE,51449.0,Source Verified,car,20.36,1,22,0,12695,88.1,10,385,Apr-2012,484.34,389,Oct-1990,Fully Paid,29060.499999999996,0.0,Dec-2017
16985, 36 months,17.72,E,10+ years,RENT,77562.0,Not Verified,credit_card,20.44,0,15,0,28553,99.4,21,340,Jun-2015,542.58,344,Jun-1999,Fully Paid,19532.75,0.0,Dec-2017
27236, 60 months,21.44,D,1 year,MORTGAGE,69818.0,Verified,debt_consolidation,27.69,0,26,0,1086,82.0,12,335,Jun-2014,522.02,339,Sep-2001,Fully Paid,31321.399999999998,0.0,Dec-2017
21231, 36 months,16.45,B,,MORTGAGE,52513.0,Verified,car,14.68,0,13,0,4049,44.0,36,420,Dec-2017,678.21,424,Sep-2008,Fully Paid,24415.649999999998,0.0,Dec-2017
16301, 60 months,11.78,C,,OWN,103094.0,Source Verified,credit_card,25.13,1,20,0,13971,60.8,57,340,Mar-2013,312.44,344,Jan-1995,Fully Paid,18746.149999999998,0.0,Dec-2017
27783, 36 months,13.28,G,< 1 year,MORTGAGE,56153.0,Not Verified,credit_card,22.1,0,7,0,11445,12.2,44,380,Sep-2017,887.51,384,Sep-2003,Late (31-120 days),31950.449999999997,0.0,Dec-2017
8733, 36 months,10.91,A,,OWN,104774.0,Verified,debt_consolidation,2.42,0,17,0,4455,48.9,35,365,Jul-2012,278.97,369,Sep-2009,Fully Paid,10042.949999999999,0.0,Dec-2017
16021, 36 months,24.8,A,,OWN,50865.0,Verified,debt_consolidation,7.52,0,12,0,58081,23.3,52,355,Sep-2015,511.78,359,Aug-2011,Fully Paid,18424.149999999998,0.0,Dec-2017
37844, 36 months,6.06,F,< 1 year,OWN,19037.0,Source Verified,credit_card,11.68,0,16,0,11731,64.5,23,400,Jun-2015,1208.91,404,May-1988,Fully Paid,43520.6,0.0,Dec-2017
23367, 36 months,8.77,D,,MORTGAGE,199190.0,Source Verified,credit_card,10.07,1,19,0,59443,44.7,32,420,May-2017,746.45,424,Nov-2003,Fully Paid,26872.05,0.0,Dec-2017
15446, 36 months,25.07,G,,MORTGAGE,42069.0,Source Verified,debt_consolidation,7.36,1,16,0,58692,79.8,32,335,Oct-2013,493.41,339,Sep-1990,Fully Paid,17762.899999999998,0.0,Dec-2017
37168, 60 months,27.58,A,10+ years,MORTGAGE,85025.0,Source Verified,credit_card,22.83,2,20,0,21168,97.7,40,370,May-2017,712.39,374,May-1994,Current,42743.2,0.0,Dec-2017
5872, 60 months,15.74,D,< 1 year,MORTGAGE,85507.0,Not Verified,car,5.95,0,22,0,23403,78.8,44,335,Jan-2016,112.55,339,Oct-1989,Fully Paid,6752.799999999999,0.0,Dec-2017
10269, 60 months,23.02,D,10+ years,RENT,57892.0,Verified,credit_card,17.42,0,27,0,43876,78.7,51,355,May-2017,196.82,359,Nov-2004,Fully Paid,11809.349999999999,0.0,Dec-2017
22126, 36 months,25.47,E,< 1 year,MORTGAGE,41956.0,Source Verified,debt_consolidation,16.13,0,17,0,20395,34.3,10,365,Mar-2013,706.8,369,Dec-2001,Fully Paid,25444.899999999998,0.0,Dec-2017
32035, 36 months,24.08,C,1 year,OWN,27279.0,Verified,credit_card,11.91,0,29,0,29004,63.7,6,375,Jul-2016,1023.34,379,Apr-1990,Fully Paid,36840.25,0.0,Dec-2017
9068, 60 months,15.25,D,,OWN,86088.0,Not Verified,small_business,23.94,1,27,0,53029,70.9,16,330,Aug-2017,173.8,334,Feb-2006,Current,10428.199999999999,0.0,Dec-2017
5353, 36 months,25.35,E,10+ years,OWN,45544.0,Not Verified,small_business,19.84,0,22,0,18112,5.4,36,355,Apr-2012,171.0,359,Jul-1996,Fully Paid,6155.95,0.0,Dec-2017
32229, 36 months,16.09,A,1 year,MORTGAGE,79051.0,Not Verified,small_business,25.97,1,17,0,25595,72.9,10,350,Mar-2014,1029.54,354,Dec-1990,Fully Paid,37063.35,0.0,Dec-2017
16475, 36 months,21.24,E,5 years,OWN,86686.0,Source Verified,small_business,18.2,0,9,0,2435,60.7,9,335,Oct-2015,526.28,339,Feb-1986,Fully Paid,18946.25,0.0,Dec-2017
27937, 36 months,27.67,D,10+ years,MORTGAGE,81375.0,Source Verified,car,27.7,0,22,0,54057,65.8,13,385,Aug-2012,892.43,389,Apr-1996,Fully Paid,32127.55,0.0,Dec-2017
27653, 36 months,13.68,G,1 year,MORTGAGE,38778.0,Not Verified,small_business,25.74,0,15,0,9377,11.7,14,360,Jan-2015,883.36,364,Feb-1992,Fully Paid,31800.949999999997,0.0,Dec-2017
24397, 60 months,14.31,D,,MORTGAGE,35300.0,Not Verified,car,12.75,1,21,0,37394,85.9,54,370,Oct-2015,467.61,374,Dec-1996,Fully Paid,28056.55,0.0,Dec-2017
27059, 60 months,22.22,D,< 1 year,RENT,58692.0,Source Verified,credit_card,19.09,1,21,0,19141,44.0,57,395,Jul-2016,518.63,399,Feb-2013,In Grace Period,31117.85,0.0,Dec-2017
1603, 36 months,22.64,G,1 year,MORTGAGE,89500.0,Verified,debt_consolidation,20.97,1,15,0,10552,53.5,20,405,Jul-2017,51.21,409,Feb-2000,Fully Paid,1843.4499999999998,0.0,Dec-2017
7729, 36 months,7.88,E,,RENT,79246.0,Source Verified,car,22.49,0,2,0,21328,87.7,49,415,Jun-2014,246.9,419,Oct-1995,Fully Paid,8888.349999999999,0.0,Dec-2017
17479, 60 months,10.69,C,< 1 year,OWN,47953.0,Source Verified,car,17.74,0,27,0,59693,50.2,54,385,Aug-2014,335.01,389,May-1989,Fully Paid,20100.85,0.0,Dec-2017
27358, 36 months,14.94,A,5 years,RENT,44207.0,Not Verified,debt_consolidation,26.3,0,16,0,7896,9.0,25,345,Nov-2014,873.94,349,Feb-1999,Fully Paid,31461.699999999997,0.0,Dec-2017
22534, 60 months,15.09,B,1 year,RENT,41703.0,Source Verified,credit_card,34.93,1,24,0,27102,53.6,18,335,Sep-2017,431.9,339,Dec-2014,In Grace Period,25914.1,0.0,Dec-2017
9787, 36 months,8.83,A,10+ years,RENT,70121.0,Verified,credit_card,13.29,0,26,0,45566,86.0,52,400,Mar-2013,312.64,404,Apr-1991,Fully Paid,11255.05,0.0,Dec-2017
30789, 36 months,9.27,B,1 year,MORTGAGE,103770.0,Verified,credit_card,31.02,1,11,0,59986,62.8,59,410,Dec-2014,983.54,414,Sep-1990,Fully Paid,35407.35,0.0,Dec-2017
20875, 36 months,12.42,B,1 year,MORTGAGE,117911.0,Verified,credit_card,29.92,0,4,0,6889,61.8,16,355,Apr-2012,666.84,359,Oct-1987,Fully Paid,24006.249999999996,0.0,Dec-2017
14295, 60 months,22.78,G,< 1 year,MORTGAGE,21186.0,Source Verified,debt_consolidation,18.75,0,2,0,59439,25.2,44,405,Jul-2014,273.99,409,Oct-1988,Fully Paid,16439.25,0.0,Dec-2017
5674, 36 months,17.04,B,10+ years,MORTGAGE,87547.0,Source Verified,small_business,5.89,0,9,0,58285,19.9,12,380,Sep-2017,181.25,384,Mar-1989,Fully Paid,6525.099999999999,0.0,Dec-2017
37489, 36 months,11.28,D,10+ years,MORTGAGE,24957.0,Not Verified,credit_card,15.8,0,4,0,14698,17.7,37,370,Sep-2015,1197.57,374,Dec-1996,Fully Paid,43112.35,0.0,Dec-2017
30123, 60 months,10.35,A,10+ years,RENT,86921.0,Source Verified,small_business,15.7,0,8,0,6943,90.9,55,385,Feb-2014,577.36,389,Jun-2007,Fully Paid,34641.45,0.0,Dec-2017
18411, 60 months,7.43,B,10+ years,RENT,27435.0,Verified,small_business,13.31,0,26,0,14541,40.1,35,410,Dec-2017,352.88,414,Aug-1990,Fully Paid,21172.649999999998,0.0,Dec-2017
20833, 36 months,16.03,G,10+ years,MORTGAGE,87256.0,Source Verified,credit_card,24.41,3,27,0,37894,42.9,24,405,Aug-2015,665.5,409,Oct-1987,Fully Paid,23957.949999999997,0.0,Dec-2017
4361, 36 months,27.69,G,< 1 year,RENT,161910.0,Verified,car,20.86,0,7,0,46399,62.9,49,370,Sep-2017,139.31,374,Mar-1991,Late (31-120 days),5015.15,0.0,Dec-2017
3103, 36 months,12.0,A,,MORTGAGE,14957.0,Verified,credit_card,17.07,0,19,0,50800,3.9,55,415,Feb-2012,99.12,419,Apr-1990,Fully Paid,3568.45,0.0,Dec-2017
18003, 36 months,19.86,A,1 year,OWN,97889.0,Verified,small_business,18.46,0,13,0,13421,15.7,16,410,Oct-2014,575.1,414,Aug-2001,Fully Paid,20703.449999999997,0.0,Dec-2017
1543, 36 months,16.19,G,10+ years,OWN,174168.0,Verified,debt_consolidation,34.63,0,11,0,18783,33.0,9,375,Jan-2017,49.29,379,Sep-1994,In Grace Period,1774.4499999999998,0.0,Dec-2017
33804, 36 months,18.07,B,5 years,MORTGAGE,30756.0,Source Verified,debt_consolidation,19.55,0,20,0,21195,89.8,13,330,Jul-2016,1079.85,334,Apr-2011,Fully Paid,38874.6,0.0,Dec-2017
3902, 36 months,10.94,B,< 1 year,OWN,94917.0,Verified,small_business,13.94,0,9,0,44775,91.3,46,415,Jun-2014,124.65,419,May-1989,Fully Paid,4487.299999999999,0.0,Dec-2017
8335, 60 months,23.0,F,10+ years,MORTGAGE,70706.0,Verified,car,31.94,0,11,0,45173,97.7,37,330,Dec-2014,159.75,334,Dec-2000,Fully Paid,9585.25,0.0,Dec-2017
12703, 36 months,22.34,D,5 years,OWN,154791.0,Not Verified,credit_card,14.72,0,21,0,41858,70.4,32,350,Jul-2014,405.79,354,Apr-1994,Fully Paid,14608.449999999999,0.0,Dec-2017
13577, 36 months,22.75,C,10+ years,RENT,72095.0,Not Verified,car,8.3,0,13,0,41560,85.9,20,370,Mar-2015,433.71,374,Dec-2001,Fully Paid,15613.55,0.0,Dec-2017
22014, 36 months,18.6,G,5 years,OWN,28198.0,Source Verified,small_business,24.08,2,29,0,37012,10.5,12,360,May-2013,703.22,364,Apr-2003,Charged Off,8805.6,1100.7,Dec-2017
39123, 36 months,7.89,D,< 1 year,RENT,48369.0,Not Verified,credit_card,12.17,1,10,0,21690,67.3,58,350,Sep-2016,1249.76,354,Aug-2013,Fully Paid,44991.45,0.0,Dec-2017
26639, 36 months,24.04,E,,OWN,81989.0,Verified,debt_consolidation,9.07,0,2,0,58849,55.3,12,380,Jun-2012,850.97,384,Jan-1996,Fully Paid,30634.85,0.0,Dec-2017
3863, 36 months,6.31,A,5 years,OWN,40929.0,Not Verified,small_business,7.3,0,18,0,45061,86.7,59,340,Jun-2014,123.4,344,Aug-2007,Fully Paid,4442.45,0.0,Dec-2017
8200, 36 months,11.32,E,< 1 year,RENT,59886.0,Verified,small_business,3.03,0,2,0,44032,69.2,6,375,Sep-2013,261.94,379,Jan-1986,Fully Paid,9430.0,0.0,Dec-2017
14216, 36 months,14.99,B,,RENT,38169.0,Not Verified,credit_card,9.37,0,14,0,4827,82.9,13,385,May-2016,454.12,389,Apr-2004,Fully Paid,16348.4,0.0,Dec-2017
39276, 36 months,12.74,B,< 1 year,RENT,78021.0,Not Verified,credit_card,12.9,0,15,0,1946,26.7,22,385,Jun-2016,1254.65,389,May-1988,In Grace Period,45167.399999999994,0.0,Dec-2017
18135, 36 months,16.98,E,1 year,OWN,35927.0,Source Verified,car,25.33,0,10,0,51970,89.7,43,415,Apr-2016,579.31,419,Aug-1991,Fully Paid,20855.25,0.0,Dec-2017
35321, 60 months,14.15,G,1 year,MORTGAGE,37915.0,Verified,credit_card,25.37,1,7,0,28000,6.7,36,375,Jul-2017,676.99,379,Apr-1999,Fully Paid,40619.149999999994,0.0,Dec-2017
19771, 36 months,13.3,C,5 years,RENT,41152.0,Verified,debt_consolidation,23.39,0,10,0,2597,94.4,27,415,Aug-2017,631.57,419,Jul-1992,Late (31-120 days),7908.400000000001,988.5500000000001,Dec-2017
32073, 36 months,11.79,E,10+ years,MORTGAGE,56628.0,Verified,small_business,40.66,0,10,0,14895,48.0,47,355,Feb-2013,1024.55,359,Jan-1996,Fully Paid,36883.95,0.0,Dec-2017
22388, 36 months,7.58,B,1 year,MORTGAGE,181595.0,Verified,debt_consolidation,19.82,0,25,0,46825,6.7,31,375,Sep-2012,715.17,379,Apr-1989,Fully Paid,25746.199999999997,0.0,Dec-2017
26437, 36 months,15.55,C,1 year,RENT,130622.0,Verified,debt_consolidation,25.61,0,20,0,35193,68.7,27,375,Oct-2012,844.52,379,May-2003,Fully Paid,30402.55,0.0,Dec-2017
27716, 36 months,6.69,C,< 1 year,RENT,45829.0,Verified,car,26.25,0,28,2,28370,65.6,4,350,May-2016,885.37,354,Jul-2012,Fully Paid,31873.399999999998,0.0,Dec-2017
11966, 36 months,7.87,E,5 years,RENT,65868.0,Source Verified,car,27.62,0,21,0,24768,25.6,36,370,Oct-2017,382.25,374,Jun-1995,Fully Paid,13760.9,0.0,Dec-2017
16248, 36 months,9.94,B,10+ years,OWN,23883.0,Not Verified,small_business,29.69,0,13,0,169,53.8,50,355,Jul-2017,519.03,359,Apr-2009,Fully Paid,18685.199999999997,0.0,Dec-2017
11188, 60 months,13.04,C,< 1 year,MORTGAGE,82562.0,Source Verified,car,15.77,0,3,0,38542,35.5,33,370,Jan-2016,214.44,374,Jun-2012,Fully Paid,12866.199999999999,0.0,Dec-2017
2344, 36 months,27.5,B,5 years,MORTGAGE,152400.0,Source Verified,debt_consolidation,8.1,0,4,0,11047,83.1,13,400,Oct-2017,74.88,404,Aug-1994,Current,2695.6,0.0,Dec-2017
7741, 60 months,23.49,A,,RENT,42995.0,Source Verified,car,7.11,0,23,0,9839,41.7,51,335,Mar-2017,148.37,339,Dec-2000,Current,8902.15,0.0,Dec-2017
14209, 36 months,6.46,E,5 years,MORTGAGE,156891.0,Source Verified,small_business,17.15,0,21,0,42727,72.1,11,410,Feb-2012,453.9,414,Nov-1985,Fully Paid,16340.349999999999,0.0,Dec-2017
12520, 36 months,22.14,E,10+ years,RENT,44653.0,Verified,car,8.29,1,10,0,46720,77.2,53,395,Sep-2012,399.94,399,Sep-1998,Charged Off,5008.0,626.0,Dec-2017
1828, 36 months,9.7,C,5 years,OWN,50154.0,Verified,debt_consolidation,19.85,0,13,1,31970,25.4,22,375,Mar-2017,58.39,379,Jul-2006,Late (31-120 days),2102.2,0.0,Dec-2017
23739, 36 months,9.56,A,,MORTGAGE,27246.0,Source Verified,car,15.85,0,11,0,14307,30.1,31,375,Jun-2012,758.33,379,Feb-1996,Fully Paid,27299.85,0.0,Dec-2017
20534, 36 months,22.91,C,10+ years,OWN,37545.0,Verified,credit_card,6.15,0,8,0,41985,72.6,15,410,Nov-2017,655.95,414,Jun-2009,Fully Paid,23614.1,0.0,Dec-2017
22560, 36 months,10.4,D,,OWN,64497.0,Not Verified,debt_consolidation,31.86,0,9,0,13722,1.7,35,375,Dec-2016,720.67,379,Dec-1987,Current,25943.999999999996,0.0,Dec-2017
34896, 36 months,15.39,C,10+ years,RENT,86347.0,Source Verified,debt_consolidation,2.83,0,2,0,26660,32.4,12,385,Sep-2017,1114.73,389,Dec-2001,Current,40130.399999999994,0.0,Dec-2017
23415, 36 months,18.7,E,1 year,RENT,36711.0,Verified,small_business,31.18,0,26,0,36105,76.5,51,400,Feb-2014,747.98,404,Nov-1996,Fully Paid,26927.249999999996,0.0,Dec-2017
4283, 36 months,22.26,F,< 1 year,RENT,151970.0,Verified,small_business,29.2,0,21,0,8769,25.8,6,365,Nov-2012,136.82,369,Oct-2002,Fully Paid,4925.45,0.0,Dec-2017
28163, 36 months,21.71,E,10+ years,RENT,59915.0,Source Verified,small_business,17.81,0,7,0,52068,25.4,6,420,Feb-2015,899.65,424,Sep-2003,Fully Paid,32387.449999999997,0.0,Dec-2017
16863, 36 months,14.36,B,< 1 year,MORTGAGE,127549.0,Source Verified,debt_consolidation,28.22,1,28,0,5369,85.9,44,360,Oct-2017,538.68,364,Jan-2002,In Grace Period,19392.449999999997,0.0,Dec-2017
12299, 36 months,17.31,D,1 year,OWN,88762.0,Source Verified,car,20.93,0,27,0,11502,66.2,39,335,Mar-2014,392.88,339,Jun-2008,Fully Paid,14143.849999999999,0.0,Dec-2017
36609, 36 months,12.67,F,10+ years,MORTGAGE,108233.0,Source Verified,credit_card,23.4,0,20,0,45295,8.9,33,420,May-2017,1169.45,424,Jun-2001,Fully Paid,42100.35,0.0,Dec-2017
23140, 36 months,20.84,A,1 year,OWN,132900.0,Verified,debt_consolidation,4.29,1,4,1,39981,80.5,59,375,Apr-2014,739.19,379,Dec-2011,Fully Paid,26610.999999999996,0.0,Dec-2017
33381, 36 months,15.28,C,,RENT,94967.0,Source Verified,small_business,17.78,0,25,0,20503,72.2,9,375,Dec-2016,1066.34,379,Oct-1990,In Grace Period,38388.149999999994,0.0,Dec-2017
18009, 36 months,23.61,A,,OWN,128767.0,Verified,credit_card,13.5,1,26,0,7308,40.0,9,355,May-2013,575.29,359,Jul-1983,Charged Off,7203.6,900.45,Dec-2017
29794, 36 months,27.99,C,,RENT,78676.0,Verified,debt_consolidation,13.31,0,18,0,15190,35.9,11,420,Nov-2014,951.75,424,Jun-2001,Fully Paid,34263.1,0.0,Dec-2017
38815, 36 months,14.11,C,10+ years,RENT,119762.0,Verified,credit_card,20.14,0,22,1,56093,58.1,24,340,Dec-2013,1239.92,344,Sep-1984,Fully Paid,44637.25,0.0,Dec-2017
28714, 60 months,14.8,G,5 years,OWN,78266.0,Source Verified,credit_card,25.63,0,9,0,33384,60.6,21,385,May-2013,550.35,389,Sep-1992,Fully Paid,33021.1,0.0,Dec-2017
25176, 60 months,23.78,C,1 year,OWN,21334.0,Not Verified,car,13.11,0,8,0,2620,75.5,8,375,May-2017,482.54,379,Nov-2010,Fully Paid,28952.399999999998,0.0,Dec-2017
1300, 36 months,12.72,C,< 1 year,MORTGAGE,86547.0,Source Verified,car,9.84,1,13,0,56869,30.7,19,360,Oct-2016,41.53,364,Nov-1992,In Grace Period,1494.9999999999998,0.0,Dec-2017
15784, 60 months,12.93,E,10+ years,OWN,85913.0,Source Verified,credit_card,15.83,1,19,0,54711,90.6,30,390,Nov-2012,302.53,394,May-1990,Fully Paid,18151.6,0.0,Dec-2017
17994, 60 months,17.87,G,5 years,OWN,33849.0,Source Verified,debt_consolidation,20.56,0,20,0,12413,84.4,34,420,Jul-2017,344.88,424,Mar-1988,Charged Off,7197.6,899.7,Dec-2017
39985, 36 months,14.15,A,5 years,OWN,37751.0,Verified,credit_card,10.46,0,8,0,55419,93.9,34,385,Oct-2017,1277.3,389,Jul-2000,Fully Paid,45982.75,0.0,Dec-2017
35689, 60 months,8.45,G,10+ years,OWN,65971.0,Verified,small_business,27.28,0,13,0,48086,19.9,18,360,Aug-2013,684.04,364,Apr-1985,Fully Paid,41042.35,0.0,Dec-2017
29298, 36 months,12.49,A,10+ years,RENT,117320.0,Source Verified,small_business,20.45,0,20,0,22270,30.4,37,390,Jul-2014,935.91,394,Aug-2001,Fully Paid,33692.7,0.0,Dec-2017
29166, 36 months,27.95,B,< 1 year,RENT,24384.0,Verified,car,24.9,0,7,0,33809,45.1,6,355,Mar-2015,931.69,359,Feb-1993,Fully Paid,33540.899999999994,0.0,Dec-2017
8374, 36 months,15.73,D,10+ years,MORTGAGE,67298.0,Source Verified,credit_card,19.52,0,2,0,34689,50.6,14,340,Dec-2015,267.5,344,Jul-1994,Fully Paid,9630.099999999999,0.0,Dec-2017
14725, 36 months,24.66,A,5 years,MORTGAGE,114180.0,Verified,small_business,31.0,0,13,1,39507,82.6,51,375,Aug-2014,470.38,379,Aug-2000,Charged Off,5890.0,736.25,Dec-2017
36270, 60 months,8.81,E,1 year,MORTGAGE,106531.0,Not Verified,debt_consolidation,19.02,1,14,0,3251,99.9,56,390,Nov-2012,695.18,394,Jan-1988,Fully Paid,41710.5,0.0,Dec-2017
22863, 36 months,15.73,F,,RENT,78217.0,Source Verified,car,0.0,0,27,0,29290,93.0,10,385,Jul-2017,730.35,389,Jun-2003,Current,26292.449999999997,0.0,Dec-2017
6346, 36 months,8.49,B,1 year,MORTGAGE,59748.0,Verified,credit_card,9.91,0,29,0,38664,75.6,16,365,Feb-2016,202.72,369,May-1992,Fully Paid,7297.9,0.0,Dec-2017
25147, 36 months,21.95,F,1 year,RENT,24155.0,Not Verified,debt_consolidation,15.69,0,21,1,54698,34.9,6,360,Mar-2012,803.31,364,Mar-2004,Fully Paid,28919.05,0.0,Dec-2017
26545, 36 months,13.25,C,,OWN,35080.0,Not Verified,debt_consolidation,33.1,0,6,0,27640,56.0,36,350,Nov-2016,847.97,354,Apr-2004,Current,30526.749999999996,0.0,Dec-2017
34682, 36 months,25.8,A,< 1 year,OWN,79585.0,Source Verified,credit_card,11.63,0,8,1,4111,12.7,49,410,May-2016,1107.9,414,Dec-2001,Fully Paid,39884.299999999996,0.0,Dec-2017
19693, 36 months,13.83,B,1 year,OWN,46062.0,Source Verified,car,34.85,1,28,0,27679,15.8,38,415,Feb-2013,629.08,419,May-1999,Fully Paid,22646.949999999997,0.0,Dec-2017
22397, 60 months,27.92,E,,RENT,138565.0,Verified,debt_consolidation,20.1,0,9,0,19681,70.9,37,340,Sep-2015,429.28,344,Aug-2000,Charged Off,8958.800000000001,1119.8500000000001,Dec-2017
31685, 36 months,17.21,B,5 years,OWN,92503.0,Not Verified,debt_consolidation,31.91,1,10,0,28941,37.9,29,390,Jan-2015,1012.16,394,Aug-2001,Fully Paid,36437.75,0.0,Dec-2017
34320, 60 months,27.49,C,< 1 year,MORTGAGE,47145.0,Verified,small_business,19.47,0,5,0,30664,50.6,33,350,Mar-2012,657.8,354,Mar-1998,Fully Paid,39468.0,0.0,Dec-2017
11724, 36 months,15.36,A,,OWN,62655.0,Source Verified,car,17.02,1,9,0,13002,41.7,23,355,Jul-2017,374.52,359,Nov-2008,Fully Paid,13482.599999999999,0.0,Dec-2017
29736, 60 months,12.83,F,,MORTGAGE,32312.0,Source Verified,small_business,7.31,1,11,0,51754,55.1,49,330,Apr-2016,569.94,334,Mar-2000,Fully Paid,34196.399999999994,0.0,Dec-2017
2251, 36 months,23.36,E,< 1 year,MORTGAGE,73230.0,Verified,small_business,16.12,0,16,0,33330,13.9,50,360,Nov-2013,71.91,364,Sep-1996,Fully Paid,2588.6499999999996,0.0,Dec-2017
39871, 60 months,14.18,E,< 1 year,RENT,46616.0,Source Verified,small_business,14.7,1,8,0,12934,0.4,59,360,Feb-2012,764.19,364,Sep-1982,Fully Paid,45851.649999999994,0.0,Dec-2017
17876, 60 months,13.37,A,10+ years,MORTGAGE,134200.0,Source Verified,debt_consolidation,13.62,1,16,0,38853,7.6,25,420,Jul-2012,342.62,424,Mar-2000,Fully Paid,20557.399999999998,0.0,Dec-2017
14307, 36 months,25.5,B,5 years,MORTGAGE,12710.0,Not Verified,small_business,29.01,0,27,0,50297,45.8,51,360,Jul-2016,457.03,364,Jun-2006,Current,5722.8,715.35,Dec-2017
18541, 36 months,19.83,F,,RENT,58085.0,Verified,debt_consolidation,20.37,1,13,0,34321,67.4,19,345,Nov-2012,592.28,349,Sep-2008,Fully Paid,21322.149999999998,0.0,Dec-2017
21111, 36 months,16.25,A,< 1 year,RENT,34793.0,Not Verified,car,15.75,0,13,0,2056,34.0,52,375,Jan-2015,674.38,379,Feb-2003,Fully Paid,24277.649999999998,0.0,Dec-2017
3367, 36 months,22.74,E,,OWN,275939.0,Not Verified,credit_card,19.95,2,9,1,51685,32.3,44,410,May-2017,107.56,414,Jul-2005,Fully Paid,3872.0499999999997,0.0,Dec-2017
25609, 60 months,12.68,A,,RENT,75810.0,Not Verified,car,28.08,0,28,0,26395,32.7,18,355,Jul-2017,490.84,359,Jul-2003,Fully Paid,29450.35,0.0,Dec-2017
13896, 60 months,9.74,D,< 1 year,OWN,13765.0,Verified,small_business,16.04,0,22,0,32989,21.5,5,420,Aug-2013,266.34,424,Oct-2005,Fully Paid,15980.4,0.0,Dec-2017
1580, 36 months,24.47,F,< 1 year,RENT,50993.0,Verified,car,19.6,0,4,0,3957,21.0,33,415,May-2012,50.47,419,Apr-1992,Fully Paid,1816.9999999999998,0.0,Dec-2017
25788, 36 months,11.44,G,< 1 year,RENT,75515.0,Source Verified,credit_card,15.7,0,16,0,38203,46.5,28,415,Dec-2014,823.78,419,Mar-1988,Fully Paid,29656.199999999997,0.0,Dec-2017
22027, 60 months,10.32,F,,MORTGAGE,55653.0,Source Verified,car,7.9,1,26,0,34386,73.4,14,355,Jan-2017,422.18,359,Dec-2001,Fully Paid,25331.05,0.0,Dec-2017
16147, 60 months,13.28,C,< 1 year,RENT,68998.0,Not Verified,small_business,15.76,0,8,0,23614,54.3,38,380,Sep-2015,309.48,384,Oct-2012,Charged Off,6458.8,807.35,Dec-2017
19332, 36 months,8.84,D,,RENT,76460.0,Source Verified,credit_card,15.01,1,15,0,40648,75.4,19,375,May-2012,617.55,379,Aug-2003,Fully Paid,22231.8,0.0,Dec-2017
23657, 36 months,25.24,D,< 1 year,RENT,38264.0,Not Verified,small_business,19.77,0,14,1,23569,28.8,22,380,Nov-2015,755.71,384,Aug-1994,Fully Paid,27205.55,0.0,Dec-2017
11869, 36 months,16.23,F,< 1 year,RENT,29118.0,Verified,car,24.5,0,6,0,14811,85.0,8,410,Jan-2014,379.15,414,Nov-1997,Fully Paid,13649.349999999999,0.0,Dec-2017
39173, 60 months,9.38,E,10+ years,RENT,92650.0,Verified,credit_card,0.0,1,16,0,52754,21.8,50,390,May-2013,750.82,394,Nov-2006,Fully Paid,45048.95,0.0,Dec-2017
25009, 36 months,16.83,D,5 years,MORTGAGE,188876.0,Source Verified,car,0.0,0,29,0,59007,52.4,34,395,Jul-2014,798.9,399,Dec-2001,Fully Paid,28760.35,0.0,Dec-2017
13064, 60 months,15.14,G,1 year,MORTGAGE,61888.0,Verified,credit_card,26.74,0,23,1,56168,3.8,32,330,Mar-2017,250.39,334,Jun-1991,In Grace Period,15023.599999999999,0.0,Dec-2017
29130, 36 months,16.03,F,5 years,MORTGAGE,54663.0,Verified,debt_consolidation,35.6,0,16,0,34973,37.7,59,390,Oct-2017,930.54,394,May-2000,Current,33499.5,0.0,Dec-2017
33422, 60 months,6.06,B,1 year,RENT,58604.0,Not Verified,debt_consolidation,18.19,2,5,0,29621,87.7,22,395,Nov-2012,640.59,399,May-1989,Fully Paid,38435.299999999996,0.0,Dec-2017
27138, 36 months,13.13,D,,RENT,115225.0,Source Verified,car,19.76,0,28,1,34831,97.1,47,335,May-2015,866.91,339,Dec-2007,Fully Paid,31208.699999999997,0.0,Dec-2017
16256, 36 months,24.44,F,1 year,RENT,20883.0,Source Verified,credit_card,17.38,0,10,0,10647,39.8,11,335,Jul-2016,519.29,339,Mar-2013,Late (31-120 days),18694.399999999998,0.0,Dec-2017
36347, 60 months,18.19,C,5 years,MORTGAGE,86088.0,Not Verified,small_business,2.27,1,10,0,6436,25.8,46,350,Jul-2013,696.65,354,May-2011,Fully Paid,41799.049999999996,0.0,Dec-2017
19091, 36 months,22.69,A,5 years,RENT,8514.0,Verified,small_business,7.9,1,18,0,52516,3.5,14,345,Aug-2013,609.85,349,Nov-2010,Fully Paid,21954.649999999998,0.0,Dec-2017
19136, 36 months,17.05,A,10+ years,MORTGAGE,118580.0,Verified,car,11.1,0,11,0,16776,58.9,5,385,Jun-2013,611.29,389,Aug-1985,Fully Paid,22006.399999999998,0.0,Dec-2017
2320, 36 months,9.78,F,,OWN,34933.0,Verified,credit_card,27.2,0,10,0,55006,38.6,7,350,Apr-2013,74.11,354,Dec-1998,Fully Paid,2668.0,0.0,Dec-2017
28770, 60 months,8.11,C,< 1 year,MORTGAGE,104124.0,Verified,credit_card,36.98,0,15,0,1351,7.5,13,340,Apr-2017,551.42,344,Jan-1992,In Grace Period,33085.5,0.0,Dec-2017
5641, 36 months,11.0,D,5 years,RENT,55737.0,Verified,credit_card,3.56,1,11,0,29633,15.0,16,390,Apr-2013,180.2,394,Jun-1989,Fully Paid,6487.15,0.0,Dec-2017
8000, 36 months,22.41,G,< 1 year,OWN,68385.0,Not Verified,debt_consolidation,9.9,0,16,0,50394,90.5,19,400,May-2013,255.56,404,Apr-2002,Fully Paid,9200.0,0.0,Dec-2017
3709, 36 months,16.13,B,5 years,MORTGAGE,84546.0,Source Verified,debt_consolidation,12.28,1,11,0,46555,82.8,33,400,Oct-2012,118.48,404,Apr-2007,Fully Paid,4265.349999999999,0.0,Dec-2017
26462, 36 months,11.58,E,,MORTGAGE,36688.0,Source Verified,small_business,21.98,0,7,0,26884,31.0,39,335,Sep-2012,845.31,339,Feb-1990,Fully Paid,30431.3,0.0,Dec-2017
3165, 60 months,10.6,C,5 years,RENT,25899.0,Verified,car,15.47,0,9,0,2532,92.9,58,410,Aug-2016,60.66,414,Jul-1994,Late (31-120 days),3639.7499999999995,0.0,Dec-2017
6148, 36 months,24.71,E,< 1 year,MORTGAGE,105959.0,Verified,credit_card,25.05,1,12,0,36938,57.8,27,360,Sep-2013,196.39,364,Apr-1984,Fully Paid,7070.2,0.0,Dec-2017
11431, 36 months,21.02,B,1 year,RENT,45925.0,Source Verified,debt_consolidation,24.78,0,3,0,56299,90.1,23,420,Oct-2016,365.16,424,Nov-2007,In Grace Period,13145.65,0.0,Dec-2017
32043, 60 months,6.11,C,,RENT,232266.0,Verified,debt_consolidation,26.04,0,24,0,28610,95.7,9,400,Jul-2015,614.16,404,Feb-1993,Fully Paid,36849.45,0.0,Dec-2017
17438, 60 months,27.34,F,10+ years,MORTGAGE,44449.0,Source Verified,small_business,21.16,0,20,0,40322,46.4,43,335,Feb-2017,334.23,339,Jun-1997,Charged Off,6975.200000000001,871.9000000000001,Dec-2017
32667, 36 months,23.1,C,,MORTGAGE,50910.0,Verified,small_business,21.87,0,14,0,1254,41.5,35,350,Apr-2015,1043.53,354,Jul-2009,Fully Paid,37567.049999999996,0.0,Dec-2017
7681, 36 months,23.8,D,5 years,MORTGAGE,33458.0,Verified,car,22.71,0,15,0,52131,82.5,9,330,Jul-2016,245.37,334,Jul-2008,In Grace Period,8833.15,0.0,Dec-2017
6431, 36 months,8.05,G,1 year,RENT,92471.0,Source Verified,small_business,25.15,0,5,1,12463,56.2,16,360,Nov-2016,205.43,364,Sep-1988,Late (31-120 days),7395.65,0.0,Dec-2017
21238, 60 months,20.33,E,< 1 year,RENT,158800.0,Not Verified,debt_consolidation,30.35,0,19,0,6169,71.8,47,420,May-2012,407.06,424,Oct-1982,Fully Paid,24423.699999999997,0.0,Dec-2017
37072, 36 months,14.26,F,< 1 year,OWN,44484.0,Source Verified,small_business,13.03,2,29,0,50558,91.7,30,335,May-2015,1184.24,339,May-2010,Fully Paid,42632.799999999996,0.0,Dec-2017
30438, 60 months,15.48,F,10+ years,MORTGAGE,23839.0,Not Verified,car,8.42,0,13,0,39007,54.3,58,370,Sep-2014,583.4,374,Nov-1993,Fully Paid,35003.7,0.0,Dec-2017
20076, 60 months,15.06,D,< 1 year,OWN,33818.0,Not Verified,debt_consolidation,23.52,0,15,0,12628,73.1,46,340,Sep-2013,384.79,344,Jun-2006,Fully Paid,23087.399999999998,0.0,Dec-2017
15357, 36 months,15.31,A,< 1 year,RENT,15413.0,Source Verified,credit_card,15.35,0,17,0,37083,4.7,40,410,Sep-2014,490.57,414,Jul-2008,Fully Paid,17660.55,0.0,Dec-2017
36616, 60 months,7.05,D,10+ years,RENT,329591.0,Verified,small_business,27.44,0,20,0,3305,85.2,57,335,Jun-2014,701.81,339,Jul-1995,Fully Paid,42108.399999999994,0.0,Dec-2017
30767, 60 months,8.45,E,5 years,OWN,76895.0,Not Verified,small_business,24.13,0,5,0,29449,90.8,17,355,Dec-2014,589.7,359,Jul-1996,Fully Paid,35382.049999999996,0.0,Dec-2017
34736, 36 months,24.97,F,10+ years,RENT,93464.0,Source Verified,credit_card,15.67,0,23,0,47113,60.8,11,390,Nov-2016,1109.62,394,May-1987,Late (31-120 days),39946.399999999994,0.0,Dec-2017
9203, 60 months,7.07,F,5 years,OWN,17952.0,Source Verified,small_business,2.88,1,18,0,19017,55.1,24,335,Dec-2016,176.39,339,Jan-2005,Fully Paid,10583.449999999999,0.0,Dec-2017
14782, 36 months,21.05,C,< 1 year,OWN,98137.0,Not Verified,small_business,18.08,1,2,0,38005,48.1,4,350,Oct-2015,472.2,354,May-1989,Fully Paid,16999.3,0.0,Dec-2017
11680, 36 months,26.13,B,< 1 year,MORTGAGE,69355.0,Not Verified,credit_card,19.45,0,12,0,58552,22.7,58,390,Apr-2016,373.11,394,Jul-1999,Fully Paid,13431.999999999998,0.0,Dec-2017
29430, 36 months,19.22,B,5 years,MORTGAGE,42176.0,Verified,small_business,9.25,0,2,0,13854,19.0,7,350,Oct-2017,940.12,354,Apr-2006,Late (31-120 days),33844.5,0.0,Dec-2017
20468, 60 months,13.84,B,10+ years,MORTGAGE,130990.0,Not Verified,car,33.9,1,8,0,19074,17.9,6,360,Oct-2015,392.3,364,Jun-2007,Fully Paid,23538.199999999997,0.0,Dec-2017
35379, 36 months,8.99,G,1 year,OWN,53109.0,Source Verified,debt_consolidation,19.31,0,4,0,15312,1.0,22,420,Mar-2014,1130.16,424,Feb-2002,Fully Paid,40685.85,0.0,Dec-2017
2194, 60 months,23.99,F,< 1 year,OWN,97138.0,Source Verified,credit_card,17.55,1,19,0,53934,4.2,16,375,Jun-2012,42.05,379,Feb-1991,Fully Paid,2523.1,0.0,Dec-2017
39958, 36 months,15.36,C,,RENT,218449.0,Not Verified,debt_consolidation,14.52,0,28,1,43199,6.1,54,365,Apr-2015,1276.44,369,Jul-2006,Fully Paid,45951.7,0.0,Dec-2017
18457, 60 months,17.68,E,5 years,OWN,27959.0,Verified,debt_consolidation,21.19,1,11,0,41261,66.7,29,395,May-2013,353.76,399,Sep-1998,Fully Paid,21225.55,0.0,Dec-2017
10882, 36 months,17.17,A,< 1 year,RENT,457505.0,Source Verified,debt_consolidation,35.23,0,18,0,1320,27.9,53,395,Jul-2015,347.62,399,Feb-1990,Fully Paid,12514.3,0.0,Dec-2017
33346, 36 months,25.4,G,10+ years,RENT,136942.0,Source Verified,car,25.32,0,24,0,14450,7.1,33,415,Feb-2012,1065.22,419,Sep-1985,Fully Paid,38347.899999999994,0.0,Dec-2017
31770, 60 months,21.99,G,,OWN,71849.0,Not Verified,debt_consolidation,9.1,0,15,1,49523,4.5,54,400,Jan-2017,608.92,404,Jan-2007,In Grace Period,36535.5,0.0,Dec-2017
32938, 36 months,19.17,E,,RENT,42030.0,Source Verified,small_business,19.99,0,17,0,49320,78.9,6,350,Aug-2017,1052.19,354,Jun-1998,Fully Paid,37878.7,0.0,Dec-2017
16094, 60 months,27.18,F,1 year,OWN,31149.0,Verified,debt_consolidation,22.69,0,10,0,14432,3.1,39,400,Nov-2012,308.47,404,Feb-2002,Fully Paid,18508.1,0.0,Dec-2017
39280, 36 months,23.13,C,< 1 year,RENT,20674.0,Source Verified,credit_card,19.63,0,19,0,48185,41.4,57,400,Nov-2016,1254.78,404,Jun-1987,Fully Paid,45172.0,0.0,Dec-2017
3653, 36 months,13.26,D,,OWN,41965.0,Not Verified,debt_consolidation,15.53,0,29,0,20902,89.8,42,405,Jun-2014,116.69,409,Jul-2003,Fully Paid,4200.95,0.0,Dec-2017
9880, 36 months,15.47,C,5 years,OWN,18086.0,Source Verified,debt_consolidation,19.47,2,3,0,114,96.5,10,360,Apr-2012,315.61,364,Feb-2001,Fully Paid,11362.0,0.0,Dec-2017
11951, 60 months,17.91,A,1 year,OWN,47985.0,Verified,car,17.5,0,16,0,33160,71.0,37,385,Jun-2017,229.06,389,Apr-1999,In Grace Period,13743.65,0.0,Dec-2017
7373, 60 months,22.39,G,,RENT,256309.0,Not Verified,car,27.61,0,18,0,56709,30.5,4,395,Aug-2017,141.32,399,Jul-2008,Late (31-120 days),8478.949999999999,0.0,Dec-2017
7209, 36 months,16.84,C,< 1 year,MORTGAGE,41551.0,Verified,car,18.93,1,28,0,38593,89.6,6,355,Apr-2012,230.29,359,Jan-1998,Fully Paid,8290.349999999999,0.0,Dec-2017
39750, 36 months,23.54,G,5 years,OWN,35648.0,Not Verified,credit_card,10.44,1,17,0,18767,65.6,12,330,Jul-2015,1269.79,334,Mar-2004,Fully Paid,45712.5,0.0,Dec-2017
29164, 36 months,10.21,G,< 1 year,OWN,43178.0,Source Verified,small_business,25.9,0,7,0,23935,98.1,42,340,Dec-2016,931.63,344,Jul-1989,Current,33538.6,0.0,Dec-2017
27760, 36 months,23.75,B,,RENT,71430.0,Source Verified,debt_consolidation,11.4,1,8,0,51793,56.1,6,390,Sep-2016,886.78,394,Apr-2013,In Grace Period,31923.999999999996,0.0,Dec-2017
22266, 36 months,23.04,G,,OWN,220134.0,Verified,credit_card,29.93,0,6,0,32212,56.8,16,360,Jun-2014,711.28,364,May-1993,Fully Paid,25605.899999999998,0.0,Dec-2017
19158, 60 months,14.42,D,,MORTGAGE,174821.0,Not Verified,small_business,2.49,0,9,1,50862,1.5,39,345,Feb-2017,367.2,349,Nov-2010,Current,22031.699999999997,0.0,Dec-2017
6927, 36 months,8.98,E,< 1 year,MORTGAGE,46976.0,Source Verified,debt_consolidation,24.66,0,4,0,28193,34.7,52,370,Dec-2016,221.28,374,Feb-2014,Late (31-120 days),7966.049999999999,0.0,Dec-2017
20221, 36 months,21.62,C,< 1 year,MORTGAGE,152470.0,Verified,car,23.43,0,19,0,10212,72.9,53,355,Sep-2012,645.95,359,Apr-1996,Fully Paid,23254.149999999998,0.0,Dec-2017
24582, 36 months,22.82,C,1 year,RENT,146711.0,Not Verified,debt_consolidation,34.11,1,5,1,55849,76.4,10,410,Jan-2012,785.26,414,Dec-2000,Fully Paid,28269.3,0.0,Dec-2017
30399, 60 months,11.18,E,1 year,MORTGAGE,68128.0,Not Verified,car,21.21,0,16,0,11457,28.5,59,375,Aug-2012,582.65,379,May-1992,Fully Paid,34958.85,0.0,Dec-2017
7272, 36 months,20.65,D,10+ years,MORTGAGE,53195.0,Source Verified,credit_card,23.75,0,29,0,51128,28.0,13,365,Mar-2014,232.3,369,Apr-1989,Fully Paid,8362.8,0.0,Dec-2017
7643, 36 months,18.96,B,< 1 year,OWN,115025.0,Not Verified,small_business,19.25,1,11,0,5996,61.7,53,420,Aug-2012,244.15,424,Dec-1986,Fully Paid,8789.449999999999,0.0,Dec-2017
23310, 60 months,20.51,D,< 1 year,RENT,50486.0,Not Verified,debt_consolidation,32.13,1,5,0,24667,44.6,34,355,Jun-2012,446.78,359,Feb-1994,Fully Paid,26806.499999999996,0.0,Dec-2017
8923, 36 months,19.46,E,< 1 year,MORTGAGE,129825.0,Not Verified,debt_consolidation,28.54,0,28,0,41392,59.9,29,360,Jul-2013,285.04,364,Jul-1991,Fully Paid,10261.449999999999,0.0,Dec-2017
14412, 36 months,12.63,G,10+ years,MORTGAGE,102613.0,Source Verified,credit_card,10.26,0,2,0,42314,64.8,11,335,Nov-2015,460.38,339,Feb-2007,Fully Paid,16573.8,0.0,Dec-2017
10710, 36 months,23.71,F,10+ years,OWN,67169.0,Not Verified,car,24.22,0,2,0,43042,43.4,56,420,Feb-2015,342.12,424,Jun-2008,Fully Paid,12316.499999999998,0.0,Dec-2017
30583, 60 months,17.71,B,1 year,RENT,90266.0,Not Verified,credit_card,11.95,0,12,0,22224,73.5,5,375,Aug-2013,586.17,379,Mar-1986,Fully Paid,35170.45,0.0,Dec-2017
18144, 60 months,18.41,G,5 years,MORTGAGE,34797.0,Source Verified,car,18.92,0,18,0,48407,56.3,45,400,Sep-2017,347.76,404,Oct-1995,Fully Paid,20865.6,0.0,Dec-2017
20249, 36 months,27.23,D,,MORTGAGE,32831.0,Not Verified,debt_consolidation,7.12,2,17,0,27399,93.4,57,380,Mar-2016,646.84,384,May-2009,Charged Off,8099.6,1012.45,Dec-2017
7217, 36 months,12.91,F,1 year,MORTGAGE,53182.0,Source Verified,small_business,22.88,0,28,0,17643,48.9,49,380,Oct-2015,230.54,384,Jul-1987,Fully Paid,8299.55,0.0,Dec-2017
33132, 60 months,10.27,C,,OWN,93466.0,Not Verified,credit_card,24.48,0,20,1,59424,74.4,17,330,Aug-2017,635.03,334,Dec-1988,Charged Off,13252.800000000001,1656.6000000000001,Dec-2017
35503, 36 months,10.91,B,5 years,RENT,29440.0,Source Verified,small_business,11.39,0,8,0,20016,54.8,38,345,Sep-2016,1134.12,349,Jun-1990,Fully Paid,40828.45,0.0,Dec-2017
14721, 36 months,15.59,B,5 years,OWN,22484.0,Not Verified,car,21.99,1,11,0,56371,48.0,15,345,Oct-2012,470.25,349,Sep-2004,Fully Paid,16929.149999999998,0.0,Dec-2017
16748, 36 months,8.24,E,10+ years,OWN,19276.0,Verified,small_business,27.09,0,13,0,4516,64.6,12,420,Mar-2012,535.01,424,Mar-1999,Fully Paid,19260.199999999997,0.0,Dec-2017
16793, 60 months,14.08,C,,RENT,20380.0,Not Verified,debt_consolidation,31.07,1,13,0,43156,64.9,17,375,Mar-2017,321.87,379,Jan-1999,Current,19311.949999999997,0.0,Dec-2017
1064, 60 months,13.96,E,10+ years,MORTGAGE,53892.0,Verified,debt_consolidation,14.14,0,8,0,37160,95.6,45,385,Jun-2014,20.39,389,Jun-1989,Fully Paid,1223.6,0.0,Dec-2017
11648, 36 months,8.91,D,,OWN,42370.0,Verified,credit_card,11.22,0,12,0,58520,76.1,58,350,May-2012,372.09,354,Nov-1991,Fully Paid,13395.199999999999,0.0,Dec-2017
28604, 36 months,13.87,B,5 years,OWN,83405.0,Source Verified,small_business,17.85,0,27,0,46534,93.4,25,370,Nov-2014,913.74,374,Dec-1988,Fully Paid,32894.6,0.0,Dec-2017
28054, 36 months,15.9,B,1 year,OWN,131456.0,Not Verified,car,20.65,0,3,0,24532,22.1,7,365,Apr-2014,896.17,369,Sep-1991,Fully Paid,32262.1,0.0,Dec-2017
32892, 36 months,7.89,C,,MORTGAGE,162788.0,Not Verified,small_business,44.39,0,8,0,44007,78.9,42,370,Aug-2014,1050.72,374,Feb-1998,Fully Paid,37825.799999999996,0.0,Dec-2017
37182, 60 months,21.2,A,5 years,MORTGAGE,39292.0,Source Verified,small_business,16.51,1,10,0,37174,72.0,21,395,Jul-2014,712.66,399,Aug-1988,Fully Paid,42759.299999999996,0.0,Dec-2017
5672, 36 months,22.73,C,< 1 year,OWN,134892.0,Verified,small_business,10.5,1,22,0,21160,24.1,54,400,Nov-2013,181.19,404,Mar-2007,Fully Paid,6522.799999999999,0.0,Dec-2017
3751, 36 months,17.18,F,,OWN,85952.0,Source Verified,credit_card,20.2,1,25,0,6773,80.7,5,355,Dec-2014,119.82,359,Jan-1994,Fully Paid,4313.65,0.0,Dec-2017
17869, 36 months,22.69,A,< 1 year,MORTGAGE,62847.0,Source Verified,small_business,0.21,0,24,0,4117,46.0,6,345,Dec-2014,570.82,349,Aug-2002,Fully Paid,20549.35,0.0,Dec-2017
23772, 36 months,14.99,D,5 years,MORTGAGE,79180.0,Verified,debt_consolidation,11.21,0,5,0,49554,33.3,46,395,Nov-2017,759.38,399,Apr-2012,Fully Paid,27337.8,0.0,Dec-2017
17490, 36 months,12.72,B,5 years,OWN,15799.0,Verified,debt_consolidation,29.21,0,21,0,34662,30.4,41,370,Feb-2016,558.71,374,Sep-1988,Fully Paid,20113.5,0.0,Dec-2017
21825, 36 months,10.61,A,,MORTGAGE,59692.0,Not Verified,car,2.28,0,21,0,16533,64.8,28,335,Aug-2016,697.19,339,Jul-2002,Fully Paid,25098.749999999996,0.0,Dec-2017
1654, 36 months,12.5,D,10+ years,RENT,27702.0,Source Verified,debt_consolidation,21.02,0,16,0,53506,75.3,14,355,Jan-2012,52.84,359,May-1992,Fully Paid,1902.1,0.0,Dec-2017
33843, 60 months,12.02,B,5 years,RENT,53106.0,Not Verified,small_business,1.3,0,3,0,41748,67.2,18,330,Nov-2013,648.66,334,Apr-1996,Fully Paid,38919.45,0.0,Dec-2017
34950, 36 months,25.71,F,1 year,OWN,67861.0,Source Verified,car,25.86,0,29,0,48916,39.6,18,415,Nov-2017,1116.46,419,Feb-2010,Fully Paid,40192.5,0.0,Dec-2017
19595, 36 months,19.88,C,5 years,MORTGAGE,133655.0,Source Verified,debt_consolidation,35.96,2,11,0,35868,31.7,28,355,Aug-2013,625.95,359,Mar-1992,Fully Paid,22534.25,0.0,Dec-2017
18422, 60 months,25.72,A,5 years,OWN,125661.0,Source Verified,credit_card,18.81,0,6,0,30067,95.8,51,380,Jan-2015,353.09,384,Dec-1997,Fully Paid,21185.3,0.0,Dec-2017
25601, 36 months,7.13,C,,RENT,59195.0,Source Verified,debt_consolidation,12.94,0,24,0,34080,53.1,36,345,Mar-2017,817.81,349,Jul-2007,Late (31-120 days),29441.149999999998,0.0,Dec-2017
22562, 36 months,23.79,B,< 1 year,MORTGAGE,55726.0,Not Verified,car,9.46,0,27,0,29372,8.9,11,410,Oct-2015,720.73,414,Jan-2006,Fully Paid,25946.3,0.0,Dec-2017
12624, 36 months,6.79,B,,RENT,28577.0,Not Verified,credit_card,12.11,0,23,0,40494,32.2,47,335,Apr-2017,403.27,339,Oct-2002,Fully Paid,14517.599999999999,0.0,Dec-2017
25462, 60 months,12.0,B,,MORTGAGE,67218.0,Not Verified,credit_card,5.18,1,9,0,34935,87.8,58,385,Dec-2012,488.02,389,Feb-1997,Fully Paid,29281.3,0.0,Dec-2017
25055, 36 months,16.16,G,< 1 year,MORTGAGE,44910.0,Not Verified,credit_card,5.55,1,23,0,47944,27.6,7,390,Jan-2015,800.37,394,Feb-2010,Fully Paid,28813.249999999996,0.0,Dec-2017
37009, 36 months,25.61,A,< 1 year,MORTGAGE,109653.0,Verified,debt_consolidation,20.71,0,21,0,36858,96.1,23,405,Oct-2015,1182.23,409,Feb-1990,Fully Paid,42560.35,0.0,Dec-2017
33006, 36 months,8.16,C,10+ years,MORTGAGE,165498.0,Source Verified,credit_card,24.52,0,4,0,14360,35.6,37,365,Jan-2014,1054.36,369,May-2000,Fully Paid,37956.899999999994,0.0,Dec-2017
1564, 36 months,21.09,D,,OWN,46877.0,Verified,small_business,15.45,2,5,0,1027,29.5,8,385,Jun-2015,49.96,389,Jun-1993,Fully Paid,1798.6,0.0,Dec-2017
5629, 60 months,18.25,B,5 years,MORTGAGE,94328.0,Verified,car,7.39,0,15,0,12242,39.6,29,410,Dec-2017,107.89,414,Mar-2012,In Grace Period,2251.6,281.45,Dec-2017
27522, 60 months,15.44,C,< 1 year,MORTGAGE,9928.0,Verified,debt_consolidation,10.67,1,14,0,6110,15.4,28,410,Jun-2016,527.5,414,Jul-1994,Fully Paid,31650.3,0.0,Dec-2017
27195, 36 months,11.19,E,,OWN,118805.0,Not Verified,car,20.8,0,24,0,39515,95.0,39,385,Nov-2013,868.73,389,Jan-1991,Fully Paid,31274.249999999996,0.0,Dec-2017
20770, 36 months,13.46,C,1 year,RENT,51640.0,Source Verified,car,28.5,0,29,0,13531,81.7,8,375,May-2012,663.49,379,Mar-1997,Fully Paid,23885.499999999996,0.0,Dec-2017
5574, 36 months,14.61,B,10+ years,MORTGAGE,158635.0,Source Verified,small_business,16.74,1,5,2,55587,28.9,26,400,Feb-2013,178.06,404,Mar-1983,Fully Paid,6410.099999999999,0.0,Dec-2017
24001, 60 months,27.22,C,1 year,OWN,78925.0,Not Verified,debt_consolidation,15.72,0,10,0,45326,99.0,32,390,Aug-2013,460.02,394,Mar-1993,Fully Paid,27601.149999999998,0.0,Dec-2017
31450, 60 months,7.12,B,< 1 year,RENT,48633.0,Verified,credit_card,20.89,0,23,0,30890,35.2,4,370,Apr-2017,602.79,374,Aug-2009,In Grace Period,36167.5,0.0,Dec-2017
19875, 36 months,26.93,G,5 years,MORTGAGE,31287.0,Not Verified,credit_card,22.55,0,7,0,19609,14.5,14,395,Aug-2013,634.9,399,Nov-2009,Fully Paid,22856.25,0.0,Dec-2017
21351, 60 months,11.76,A,1 year,RENT,58981.0,Verified,car,23.43,0,2,0,26551,87.4,48,415,Nov-2016,409.23,419,Feb-2012,Late (31-120 days),24553.649999999998,0.0,Dec-2017
30261, 36 months,6.79,B,< 1 year,MORTGAGE,27051.0,Source Verified,car,28.22,1,25,0,7021,97.3,55,410,Aug-2013,966.67,414,Oct-1991,Fully Paid,34800.149999999994,0.0,Dec-2017
24707, 36 months,18.1,G,10+ years,MORTGAGE,93917.0,Not Verified,debt_consolidation,18.61,0,22,0,49701,51.9,42,405,Jan-2016,789.25,409,Sep-2006,Fully Paid,28413.05,0.0,Dec-2017
9500, 60 months,21.89,A,5 years,RENT,84414.0,Not Verified,small_business,16.73,0,21,0,24844,4.5,28,360,Feb-2015,182.08,364,Dec-1998,Fully Paid,10925.0,0.0,Dec-2017
16551, 60 months,20.62,E,5 years,RENT,50729.0,Source Verified,small_business,7.5,0,12,0,47625,35.4,7,415,Sep-2017,317.23,419,Aug-1988,In Grace Period,19033.649999999998,0.0,Dec-2017
38220, 60 months,26.46,B,10+ years,MORTGAGE,153797.0,Source Verified,small_business,24.02,0,4,0,46443,72.7,6,340,May-2015,732.55,344,Jan-1993,Fully Paid,43953.0,0.0,Dec-2017
19779, 36 months,19.15,D,1 year,RENT,52900.0,Verified,small_business,13.66,0,18,0,44820,67.1,21,400,Jul-2017,631.83,404,Sep-1987,In Grace Period,22745.85,0.0,Dec-2017
32044, 36 months,22.68,B,,MORTGAGE,53389.0,Not Verified,car,16.27,0,24,0,7715,70.2,35,400,Oct-2017,1023.63,404,Nov-2007,Charged Off,12817.6,1602.2,Dec-2017
7918, 60 months,22.16,C,,RENT,14345.0,Not Verified,debt_consolidation,13.96,1,6,0,3759,60.2,41,345,Jun-2016,151.76,349,Feb-1990,Late (31-120 days),9105.699999999999,0.0,Dec-2017
9500, 36 months,24.22,E,5 years,RENT,84003.0,Source Verified,small_business,14.51,0,8,0,43546,59.6,10,420,Oct-2015,303.47,424,Oct-1999,Fully Paid,10925.0,0.0,Dec-2017
32969, 36 months,18.21,E,< 1 year,OWN,62234.0,Source Verified,credit_card,8.26,1,19,0,40464,31.9,54,395,Feb-2017,1053.18,399,Nov-1998,Current,37914.35,0.0,Dec-2017
7271, 36 months,6.11,B,5 years,MORTGAGE,46707.0,Not Verified,car,28.84,1,24,0,48158,82.7,19,365,Dec-2017,232.27,369,Apr-1988,In Grace Period,8361.65,0.0,Dec-2017
10616, 36 months,21.98,G,5 years,OWN,49150.0,Not Verified,small_business,19.91,1,9,0,9886,24.5,12,345,Jun-2013,339.12,349,May-2000,Fully Paid,12208.4,0.0,Dec-2017
13119, 36 months,14.03,A,< 1 year,OWN,65201.0,Verified,credit_card,16.45,0,7,0,47187,7.5,42,330,May-2015,419.08,334,Nov-2006,Fully Paid,15086.849999999999,0.0,Dec-2017
24493, 60 months,19.37,F,,OWN,49966.0,Source Verified,debt_consolidation,15.24,0,4,0,4883,36.0,45,360,Nov-2012,469.45,364,Jan-1984,Fully Paid,28166.949999999997,0.0,Dec-2017
31980, 36 months,26.56,D,1 year,OWN,23859.0,Not Verified,small_business,16.49,2,26,0,25170,93.2,49,375,Aug-2012,1021.58,379,Jul-2008,Fully Paid,36777.0,0.0,Dec-2017
27725, 36 months,9.17,A,1 year,RENT,39577.0,Not Verified,debt_consolidation,13.96,0,8,0,44145,55.7,56,365,Jan-2016,885.66,369,Jan-2004,Fully Paid,31883.749999999996,0.0,Dec-2017
23893, 60 months,27.05,F,5 years,MORTGAGE,72217.0,Source Verified,credit_card,12.04,0,3,0,36115,94.1,33,345,Apr-2012,457.95,349,Oct-1998,Fully Paid,27476.949999999997,0.0,Dec-2017
12535, 36 months,25.12,B,5 years,RENT,93498.0,Not Verified,car,18.0,0,17,0,19263,40.0,20,370,Apr-2016,400.42,374,Jun-1989,Fully Paid,14415.249999999998,0.0,Dec-2017
12031, 36 months,6.85,E,< 1 year,MORTGAGE,45442.0,Verified,debt_consolidation,23.42,0,26,0,47462,34.2,23,375,Dec-2016,384.32,379,Jul-2005,Current,13835.65,0.0,Dec-2017
5702, 60 months,12.25,E,,OWN,65067.0,Verified,small_business,0.0,0,13,0,38844,29.6,58,405,Dec-2012,109.29,409,Aug-2010,Fully Paid,6557.299999999999,0.0,Dec-2017
28250, 36 months,21.18,G,< 1 year,MORTGAGE,35139.0,Verified,debt_consolidation,16.5,0,3,0,16253,58.4,47,410,Jan-2016,902.43,414,Apr-2008,Fully Paid,32487.499999999996,0.0,Dec-2017
7199, 36 months,12.87,E,< 1 year,OWN,124524.0,Verified,debt_consolidation,16.88,0,4,0,53474,4.8,44,390,May-2014,229.97,394,May-1997,Fully Paid,8278.849999999999,0.0,Dec-2017
22930, 36 months,17.86,B,10+ years,MORTGAGE,101752.0,Not Verified,credit_card,25.6,0,2,0,21233,91.2,4,380,May-2017,732.49,384,Sep-1996,In Grace Period,26369.499999999996,0.0,Dec-2017
6558, 36 months,15.28,C,5 years,OWN,56958.0,Not Verified,debt_consolidation,0.97,0,26,0,7096,41.1,35,355,Jun-2017,209.49,359,Dec-2003,Fully Paid,7541.7,0.0,Dec-2017
30782, 60 months,26.55,F,,MORTGAGE,78548.0,Verified,credit_card,24.4,0,19,0,18093,28.4,19,380,Jun-2015,589.99,384,Oct-1993,Fully Paid,35399.299999999996,0.0,Dec-2017
19623, 36 months,17.16,F,5 years,MORTGAGE,10375.0,Verified,small_business,4.62,0,29,0,58401,33.2,5,350,May-2015,626.85,354,Oct-1995,Fully Paid,22566.449999999997,0.0,Dec-2017
29270, 36 months,25.92,E,1 year,OWN,81030.0,Not Verified,credit_card,28.17,2,13,0,33090,85.2,6,365,Apr-2016,935.01,369,Sep-1998,Fully Paid,33660.5,0.0,Dec-2017
14399, 60 months,21.77,A,1 year,RENT,70396.0,Not Verified,credit_card,12.74,0,24,1,54310,63.7,37,380,Jun-2015,275.98,384,Aug-1986,Fully Paid,16558.85,0.0,Dec-2017
8918, 60 months,20.93,C,5 years,MORTGAGE,47461.0,Verified,small_business,18.94,0,11,0,17277,5.5,19,340,Jun-2016,170.93,344,Mar-1992,Fully Paid,10255.699999999999,0.0,Dec-2017
6765, 36 months,17.95,C,1 year,OWN,17833.0,Source Verified,debt_consolidation,21.42,2,8,0,57967,41.0,29,345,Mar-2013,216.1,349,Mar-2004,Fully Paid,7779.749999999999,0.0,Dec-2017
28808, 36 months,26.92,D,5 years,OWN,102188.0,Source Verified,small_business,15.22,0,9,0,19572,42.7,53,335,Sep-2016,920.26,339,Mar-1994,Fully Paid,33129.2,0.0,Dec-2017
35825, 60 months,22.57,F,5 years,RENT,46348.0,Verified,car,19.86,1,12,1,10230,18.3,59,405,Feb-2015,686.65,409,Jun-1999,Fully Paid,41198.75,0.0,Dec-2017
4929, 36 months,6.52,G,1 year,OWN,111625.0,Verified,credit_card,16.24,0,22,0,18534,40.3,57,365,Jul-2016,157.45,369,Dec-2004,Current,5668.349999999999,0.0,Dec-2017
11017, 36 months,24.71,B,< 1 year,OWN,128108.0,Verified,small_business,34.96,0,17,0,32601,56.5,29,395,Feb-2015,351.93,399,Jan-2006,Fully Paid,12669.55,0.0,Dec-2017
21901, 60 months,8.07,E,< 1 year,RENT,84755.0,Source Verified,car,22.82,1,10,0,31836,24.2,41,340,Nov-2013,419.77,344,Jan-1985,Fully Paid,25186.149999999998,0.0,Dec-2017
1012, 36 months,19.81,D,10+ years,OWN,61064.0,Verified,car,21.01,0,3,0,9525,67.2,43,350,Jul-2012,32.33,354,Oct-1993,Fully Paid,1163.8,0.0,Dec-2017
22878, 36 months,16.71,C,10+ years,RENT,41713.0,Not Verified,car,6.46,0,20,0,46034,86.3,43,345,Feb-2015,730.82,349,Jun-2000,Fully Paid,26309.699999999997,0.0,Dec-2017
13286, 36 months,14.76,C,5 years,RENT,30097.0,Verified,small_business,30.48,0,21,1,46763,89.3,7,335,Nov-2017,424.41,339,Oct-1993,Late (31-120 days),15278.9,0.0,Dec-2017
23090, 36 months,9.91,F,1 year,OWN,53102.0,Source Verified,small_business,22.45,0,12,0,47026,5.3,24,395,Mar-2012,737.6,399,Aug-1990,Fully Paid,26553.499999999996,0.0,Dec-2017
11053, 36 months,24.43,B,5 years,MORTGAGE,20146.0,Source Verified,credit_card,19.47,0,27,0,14048,37.1,28,345,Jun-2015,353.08,349,Jan-1997,Fully Paid,12710.949999999999,0.0,Dec-2017
5955, 36 months,19.18,C,< 1 year,MORTGAGE,46651.0,Verified,debt_consolidation,11.75,0,23,0,6039,51.9,37,400,Sep-2014,190.23,404,May-1988,Fully Paid,6848.249999999999,0.0,Dec-2017
16445, 36 months,21.22,C,1 year,OWN,50836.0,Not Verified,car,3.55,1,20,0,25502,24.7,17,410,Jan-2012,525.33,414,Sep-2009,Fully Paid,18911.75,0.0,Dec-2017
2078, 60 months,16.84,D,< 1 year,RENT,79759.0,Verified,car,21.42,1,16,0,17388,77.1,17,335,Apr-2015,39.83,339,Sep-2009,Fully Paid,2389.7,0.0,Dec-2017
10228, 60 months,8.74,G,,OWN,92616.0,Source Verified,small_business,20.79,1,25,0,12151,10.3,22,330,Aug-2016,196.04,334,Feb-2005,Current,11762.199999999999,0.0,Dec-2017
26734, 60 months,12.34,D,10+ years,OWN,90344.0,Source Verified,credit_card,18.59,0,19,0,42299,34.5,57,350,Jun-2016,512.4,354,May-1991,Fully Paid,30744.1,0.0,Dec-2017
14184, 36 months,22.26,E,1 year,MORTGAGE,12699.0,Verified,debt_consolidation,9.03,0,7,0,32008,36.9,41,385,Nov-2017,453.1,389,Nov-2000,Fully Paid,16311.599999999999,0.0,Dec-2017
9577, 36 months,23.96,B,5 years,MORTGAGE,41116.0,Source Verified,small_business,18.16,0,4,0,46892,57.3,44,350,Mar-2015,305.93,354,May-2000,Fully Paid,11013.55,0.0,Dec-2017
22696, 60 months,23.56,A,,MORTGAGE,25833.0,Verified,debt_consolidation,7.94,0,11,0,5318,39.3,48,370,Jul-2015,435.01,374,Apr-2008,Fully Paid,26100.399999999998,0.0,Dec-2017
9394, 36 months,12.75,G,5 years,MORTGAGE,61080.0,Not Verified,car,19.86,2,20,1,1584,91.1,26,405,Oct-2017,300.09,409,Aug-1997,Fully Paid,10803.099999999999,0.0,Dec-2017
3627, 36 months,27.48,C,,RENT,19236.0,Source Verified,debt_consolidation,22.77,1,17,0,52286,10.2,43,390,Dec-2013,115.86,394,Nov-2006,Fully Paid,4171.049999999999,0.0,Dec-2017
16474, 60 months,22.62,B,< 1 year,MORTGAGE,91438.0,Not Verified,debt_consolidation,35.4,0,8,0,31791,24.3,55,400,Oct-2016,315.75,404,Aug-1987,Late (31-120 days),18945.1,0.0,Dec-2017
3662, 60 months,22.17,F,< 1 year,RENT,254937.0,Source Verified,credit_card,12.45,0,6,0,40219,7.8,40,385,Feb-2013,70.19,389,Feb-1990,Fully Paid,4211.299999999999,0.0,Dec-2017
36392, 36 months,24.47,D,< 1 year,MORTGAGE,57123.0,Source Verified,debt_consolidation,28.0,0,8,1,58959,51.8,54,395,Mar-2014,1162.52,399,Jun-2009,Fully Paid,41850.799999999996,0.0,Dec-2017
10939, 36 months,19.24,D,10+ years,MORTGAGE,164871.0,Verified,credit_card,25.46,0,22,0,23629,66.1,46,330,Jan-2016,349.44,334,Mar-2004,Fully Paid,12579.849999999999,0.0,Dec-2017
26366, 36 months,17.67,B,,OWN,83631.0,Source Verified,credit_card,25.29,1,2,0,28852,26.6,11,345,Jun-2015,842.25,349,May-2013,Fully Paid,30320.899999999998,0.0,Dec-2017
18188, 60 months,27.52,B,10+ years,MORTGAGE,152090.0,Not Verified,credit_card,22.92,0,9,0,21408,46.7,54,330,Mar-2013,348.6,334,Jun-2000,Fully Paid,20916.199999999997,0.0,Dec-2017
21843, 36 months,7.88,B,10+ years,OWN,62352.0,Verified,small_business,27.17,0,11,0,41922,56.4,38,360,Dec-2015,697.76,364,Sep-1995,Fully Paid,25119.449999999997,0.0,Dec-2017
21553, 36 months,9.08,B,5 years,RENT,110640.0,Source Verified,car,18.08,0,11,0,38189,14.8,24,355,Jun-2015,688.5,359,Apr-2002,Fully Paid,24785.949999999997,0.0,Dec-2017
32895, 36 months,27.26,B,< 1 year,MORTGAGE,29198.0,Not Verified,small_business,21.01,0,16,0,1524,41.5,52,335,Jul-2017,1050.81,339,Oct-1987,Current,37829.25,0.0,Dec-2017
12860, 36 months,15.91,B,5 years,MORTGAGE,54544.0,Verified,small_business,24.68,1,4,0,49752,82.8,48,390,Aug-2015,410.81,394,Jan-1995,Fully Paid,14788.999999999998,0.0,Dec-2017
18017, 60 months,14.97,C,1 year,OWN,107532.0,Not Verified,credit_card,11.34,0,17,0,19891,68.8,17,385,Apr-2017,345.33,389,Jul-2012,Current,20719.55,0.0,Dec-2017
2124, 60 months,25.04,F,,RENT,95933.0,Source Verified,credit_card,28.72,1,4,0,14334,74.8,19,365,Oct-2017,40.71,369,Jan-2010,Current,2442.6,0.0,Dec-2017
9575, 36 months,24.66,C,< 1 year,MORTGAGE,54702.0,Verified,car,29.28,1,3,0,54176,19.9,9,415,Jul-2012,305.87,419,Oct-1985,Fully Paid,11011.25,0.0,Dec-2017
35535, 60 months,19.88,C,1 year,RENT,36653.0,Source Verified,small_business,13.0,0,21,0,18494,34.5,40,380,Jun-2012,681.09,384,Jul-1990,Fully Paid,40865.25,0.0,Dec-2017
16903, 36 months,13.48,F,10+ years,OWN,30283.0,Verified,credit_card,30.98,2,24,0,53590,56.5,48,385,Jan-2015,539.96,389,Mar-1995,Fully Paid,19438.449999999997,0.0,Dec-2017
12119, 60 months,25.14,A,10+ years,RENT,45922.0,Source Verified,credit_card,14.32,0,18,1,32388,63.2,25,330,Dec-2014,232.28,334,Mar-2008,Fully Paid,13936.849999999999,0.0,Dec-2017
33619, 36 months,8.26,D,5 years,RENT,68632.0,Source Verified,credit_card,17.76,0,9,1,45215,34.5,8,400,Apr-2015,1073.94,404,Nov-1996,Fully Paid,38661.85,0.0,Dec-2017
20524, 36 months,20.38,D,10+ years,OWN,62153.0,Verified,car,29.91,0,10,0,10613,56.4,28,395,Jun-2016,655.63,399,Jun-2005,In Grace Period,23602.6,0.0,Dec-2017
25895, 36 months,22.72,F,10+ years,MORTGAGE,54589.0,Source Verified,debt_consolidation,11.59,0,24,0,54097,85.8,37,390,Nov-2013,827.2,394,Aug-1988,Fully Paid,29779.249999999996,0.0,Dec-2017
4767, 36 months,18.03,A,5 years,MORTGAGE,67087.0,Verified,debt_consolidation,27.27,0,7,0,36240,49.5,32,360,Jan-2013,152.28,364,Jun-1996,Fully Paid,5482.049999999999,0.0,Dec-2017
28008, 36 months,18.74,G,1 year,RENT,61026.0,Verified,small_business,19.43,0,25,0,18435,48.5,4,370,Jan-2016,894.7,374,Apr-2009,Fully Paid,32209.199999999997,0.0,Dec-2017
6570, 36 months,27.48,A,< 1 year,MORTGAGE,63402.0,Not Verified,debt_consolidation,16.63,1,2,0,52960,3.3,42,415,Apr-2014,209.87,419,May-1984,Fully Paid,7555.499999999999,0.0,Dec-2017
3699, 36 months,19.1,A,5 years,RENT,34539.0,Source Verified,debt_consolidation,34.01,0,17,0,27738,81.6,22,370,Jul-2017,118.16,374,Sep-1998,In Grace Period,4253.849999999999,0.0,Dec-2017
27291, 36 months,15.82,F,< 1 year,MORTGAGE,67870.0,Source Verified,debt_consolidation,20.01,0,10,0,41900,27.0,9,340,May-2012,871.8,344,Apr-1990,Fully Paid,31384.649999999998,0.0,Dec-2017
37418, 60 months,24.63,A,1 year,RENT,34358.0,Verified,small_business,28.61,1,4,0,2757,37.8,12,345,Apr-2016,717.18,349,Feb-1993,Charged Off,14967.2,1870.9,Dec-2017
10296, 36 months,10.3,C,< 1 year,RENT,34786.0,Source Verified,credit_card,20.53,0,10,0,15202,88.1,52,410,May-2016,328.9,414,Oct-1990,Fully Paid,11840.4,0.0,Dec-2017
35085, 60 months,9.92,E,< 1 year,OWN,55079.0,Source Verified,small_business,12.54,0,25,1,10551,40.0,17,375,Aug-2013,672.46,379,Jun-2008,Fully Paid,40347.75,0.0,Dec-2017
24851, 36 months,23.9,E,5 years,MORTGAGE,127757.0,Source Verified,credit_card,10.73,0,19,0,45379,4.8,21,395,Jul-2012,793.85,399,Feb-1997,Fully Paid,28578.649999999998,0.0,Dec-2017
1091, 36 months,23.58,A,10+ years,MORTGAGE,76551.0,Not Verified,car,19.38,0,15,0,54437,33.6,26,405,Nov-2013,34.85,409,Sep-1994,Charged Off,436.40000000000003,54.550000000000004,Dec-2017
21480, 36 months,9.39,D,10+ years,RENT,29966.0,Verified,car,15.61,0,23,0,42861,29.1,4,405,May-2014,686.17,409,Mar-2008,Fully Paid,24701.999999999996,0.0,Dec-2017
25973, 60 months,14.24,D,,MORTGAGE,33794.0,Source Verified,small_business,16.56,0,14,0,30365,91.0,34,330,Nov-2017,497.82,334,Jun-2013,Fully Paid,29868.949999999997,0.0,Dec-2017
21736, 36 months,17.18,F,,RENT,69103.0,Source Verified,small_business,21.35,2,3,0,3711,25.6,38,380,Mar-2017,694.34,384,Jan-1989,Current,24996.399999999998,0.0,Dec-2017
23647, 36 months,18.6,B,,RENT,69575.0,Verified,credit_card,15.65,0,9,0,29007,19.5,21,340,May-2013,755.39,344,Jun-2002,Fully Paid,27194.05,0.0,Dec-2017
36097, 60 months,7.93,E,5 years,MORTGAGE,38325.0,Not Verified,credit_card,19.79,1,14,0,19024,98.7,13,390,Oct-2014,691.86,394,Jul-2005,Fully Paid,41511.549999999996,0.0,Dec-2017
28016, 36 months,10.24,C,5 years,MORTGAGE,212210.0,Not Verified,credit_card,35.0,0,19,0,32711,91.8,27,395,Aug-2015,894.96,399,Jan-1987,Fully Paid,32218.399999999998,0.0,Dec-2017
19444, 60 months,20.44,E,< 1 year,RENT,61528.0,Not Verified,debt_consolidation,34.33,0,28,0,28508,61.6,57,365,Jun-2017,372.68,369,Oct-2004,Charged Off,7777.6,972.2,Dec-2017
25587, 60 months,8.66,B,,MORTGAGE,51896.0,Source Verified,credit_card,19.5,0,21,0,9200,39.9,50,415,Oct-2012,490.42,419,Nov-1990,Fully Paid,29425.05,0.0,Dec-2017
36637, 60 months,12.57,F,5 years,MORTGAGE,14280.0,Source Verified,small_business,12.7,0,28,0,28662,80.0,14,345,Aug-2016,702.21,349,May-1989,Charged Off,14654.800000000001,1831.8500000000001,Dec-2017
4471, 60 months,10.47,G,1 year,RENT,26831.0,Source Verified,small_business,22.45,0,18,0,35945,78.5,21,410,Jul-2017,85.69,414,Dec-2007,Fully Paid,5141.65,0.0,Dec-2017
24452, 60 months,6.92,G,< 1 year,OWN,64444.0,Verified,credit_card,39.3,0,14,0,31419,42.5,43,355,Jun-2017,468.66,359,Mar-2001,Current,28119.8,0.0,Dec-2017
4084, 36 months,17.0,C,1 year,RENT,85697.0,Source Verified,credit_card,10.54,0,14,0,18626,16.3,53,420,Aug-2013,130.46,424,Dec-1990,Fully Paid,4696.599999999999,0.0,Dec-2017
29949, 36 months,23.02,A,1 year,OWN,86464.0,Verified,credit_card,6.71,0,11,1,11821,69.8,7,420,Oct-2012,956.7,424,Sep-1995,Fully Paid,34441.35,0.0,Dec-2017
11825, 60 months,17.35,B,< 1 year,MORTGAGE,47000.0,Source Verified,debt_consolidation,13.27,0,23,0,42684,80.8,8,385,Jul-2015,226.65,389,Jan-2006,Fully Paid,13598.749999999998,0.0,Dec-2017
19368, 36 months,7.64,E,< 1 year,RENT,28711.0,Source Verified,credit_card,20.33,0,9,0,55901,53.6,27,385,Jun-2012,618.7,389,Nov-1986,Fully Paid,22273.199999999997,0.0,Dec-2017
11338, 36 months,25.92,B,5 years,OWN,78643.0,Not Verified,small_business,19.39,0,6,0,6509,31.5,32,410,Oct-2012,362.19,414,Jul-2003,Fully Paid,13038.699999999999,0.0,Dec-2017
25738, 60 months,24.91,F,1 year,MORTGAGE,83093.0,Source Verified,credit_card,15.82,0,2,0,50464,45.4,5,380,Jun-2012,493.31,384,Dec-1996,Fully Paid,29598.699999999997,0.0,Dec-2017
33639, 60 months,9.13,D,,RENT,38358.0,Verified,car,11.11,0,27,0,661,78.9,55,345,Apr-2013,644.75,349,Apr-1995,Charged Off,13455.6,1681.95,Dec-2017
36063, 36 months,10.93,B,5 years,MORTGAGE,101065.0,Not Verified,credit_card,26.27,2,7,0,40621,47.5,50,350,Mar-2017,1152.01,354,Dec-2012,Fully Paid,41472.45,0.0,Dec-2017
6863, 36 months,16.0,E,1 year,MORTGAGE,28514.0,Verified,debt_consolidation,24.68,0,7,0,42263,79.2,16,410,Jan-2016,219.23,414,Oct-1986,Fully Paid,7892.45,0.0,Dec-2017
24008, 36 months,18.31,F,< 1 year,MORTGAGE,75944.0,Verified,debt_consolidation,7.57,2,5,0,22167,59.4,31,415,Oct-2015,766.92,419,Apr-1998,Fully Paid,27609.199999999997,0.0,Dec-2017
36575, 36 months,10.29,F,< 1 year,OWN,35160.0,Not Verified,small_business,9.5,1,12,0,58797,21.2,19,420,Nov-2017,1168.37,424,Dec-1999,Fully Paid,42061.25,0.0,Dec-2017
28210, 60 months,7.42,D,1 year,OWN,44236.0,Not Verified,credit_card,32.71,0,3,0,10084,98.0,20,360,Dec-2014,540.69,364,Feb-2006,Fully Paid,32441.499999999996,0.0,Dec-2017
1194, 36 months,24.41,E,1 year,RENT,31961.0,Not Verified,small_business,7.93,0,9,0,40503,25.6,43,405,Mar-2012,38.14,409,Aug-1988,Fully Paid,1373.1,0.0,Dec-2017
8564, 60 months,21.84,A,10+ years,RENT,41790.0,Verified,credit_card,8.88,0,5,0,9128,26.8,48,420,Dec-2012,164.14,424,Feb-1990,Fully Paid,9848.599999999999,0.0,Dec-2017
19218, 36 months,24.72,C,5 years,OWN,30922.0,Source Verified,debt_consolidation,34.58,0,27,1,50362,60.3,20,340,Jul-2013,613.91,344,Jul-2001,Fully Paid,22100.699999999997,0.0,Dec-2017
4065, 60 months,12.21,D,< 1 year,RENT,46477.0,Source Verified,credit_card,36.47,0,21,1,2749,37.1,47,405,Jan-2016,77.91,409,Oct-2010,Fully Paid,4674.75,0.0,Dec-2017
14137, 60 months,6.14,A,1 year,OWN,27079.0,Verified,debt_consolidation,16.02,1,2,1,1329,34.2,17,415,Feb-2014,270.96,419,Jul-2005,Fully Paid,16257.55,0.0,Dec-2017
38162, 36 months,16.87,F,5 years,RENT,161268.0,Verified,car,18.31,0,19,0,14083,15.6,55,395,Nov-2013,1219.06,399,Mar-2000,Fully Paid,43886.299999999996,0.0,Dec-2017
26736, 60 months,15.32,A,1 year,RENT,132937.0,Source Verified,credit_card,16.95,0,13,1,33017,8.0,20,395,Sep-2012,512.44,399,Feb-1996,Fully Paid,30746.399999999998,0.0,Dec-2017
8143, 60 months,15.82,E,10+ years,MORTGAGE,57793.0,Verified,small_business,19.5,0,9,0,52499,90.6,22,365,Apr-2016,156.07,369,Nov-2009,Fully Paid,9364.449999999999,0.0,Dec-2017
21022, 36 months,23.49,D,10+ years,MORTGAGE,55381.0,Not Verified,debt_consolidation,7.67,0,18,0,19329,52.5,13,355,Feb-2012,671.54,359,Dec-2008,Fully Paid,24175.3,0.0,Dec-2017
13222, 60 months,21.54,G,,MORTGAGE,30446.0,Verified,credit_card,24.25,0,29,0,45597,28.7,23,330,Oct-2014,253.42,334,Nov-2006,Fully Paid,15205.3,0.0,Dec-2017
10171, 36 months,21.03,D,5 years,RENT,27294.0,Verified,credit_card,20.8,2,25,1,34044,60.5,46,375,Jun-2016,324.91,379,Nov-2001,Late (31-120 days),11696.65,0.0,Dec-2017
16895, 36 months,15.39,G,,OWN,95816.0,Source Verified,small_business,26.41,0,28,0,28438,44.9,42,420,Jan-2015,539.7,424,Jul-2004,Fully Paid,19429.25,0.0,Dec-2017
15897, 36 months,15.39,F,5 years,RENT,27485.0,Source Verified,credit_card,14.92,0,18,0,59564,88.8,48,350,Feb-2016,507.82,354,Apr-1994,Fully Paid,18281.55,0.0,Dec-2017
32864, 60 months,13.73,F,5 years,RENT,41471.0,Verified,credit_card,7.95,0,29,0,24422,76.5,29,335,Sep-2016,629.89,339,Mar-2008,Late (31-120 days),13145.6,1643.2,Dec-2017
30508, 36 months,23.35,D,,RENT,84790.0,Source Verified,small_business,17.85,0,8,1,26572,63.5,52,340,May-2013,974.56,344,Nov-1992,Fully Paid,35084.2,0.0,Dec-2017
12569, 36 months,17.43,B,5 years,OWN,31206.0,Source Verified,debt_consolidation,12.14,0,21,0,42837,6.4,55,405,Jul-2012,401.51,409,Jul-2005,Fully Paid,14454.349999999999,0.0,Dec-2017
19047, 60 months,26.52,A,< 1 year,OWN,40694.0,Source Verified,credit_card,26.06,0,12,0,13017,42.8,59,415,May-2012,365.07,419,Apr-2001,Fully Paid,21904.05,0.0,Dec-2017
7130, 60 months,11.71,G,,MORTGAGE,28341.0,Not Verified,small_business,22.32,0,6,1,47316,3.4,46,395,Jun-2015,136.66,399,Jul-2011,Fully Paid,8199.5,0.0,Dec-2017
39655, 36 months,13.13,G,10+ years,OWN,78144.0,Source Verified,debt_consolidation,20.69,0,2,0,39101,62.1,23,340,Aug-2013,1266.76,344,May-2008,Fully Paid,45603.25,0.0,Dec-2017
17671, 60 months,23.06,G,10+ years,OWN,35284.0,Verified,credit_card,13.19,0,14,0,42680,30.3,11,365,Mar-2013,338.69,369,Jul-1993,Fully Paid,20321.649999999998,0.0,Dec-2017
1851, 36 months,6.45,F,1 year,OWN,40442.0,Source Verified,credit_card,3.4,0,3,0,33915,35.8,19,340,May-2016,59.13,344,Nov-2009,Fully Paid,2128.6499999999996,0.0,Dec-2017
33181, 36 months,13.75,F,,RENT,130407.0,Not Verified,debt_consolidation,18.31,1,5,0,56739,16.4,42,355,Nov-2016,1059.95,359,Mar-2012,Fully Paid,38158.149999999994,0.0,Dec-2017
23485, 60 months,27.8,B,5 years,MORTGAGE,172122.0,Source Verified,small_business,21.11,0,12,0,34038,17.2,24,370,Sep-2017,450.13,374,Apr-2014,Late (31-120 days),27007.749999999996,0.0,Dec-2017
2717, 36 months,14.74,A,5 years,MORTGAGE,36819.0,Source Verified,small_business,0.0,0,7,0,32629,12.6,58,385,Dec-2014,86.79,389,Dec-2003,Fully Paid,3124.5499999999997,0.0,Dec-2017
31668, 36 months,7.06,G,5 years,RENT,30213.0,Source Verified,car,28.94,0,24,0,29574,94.5,7,410,Feb-2015,1011.62,414,Apr-1987,Fully Paid,36418.2,0.0,Dec-2017
21810, 36 months,15.85,G,5 years,RENT,64026.0,Not Verified,credit_card,0.0,0,22,0,9753,68.6,52,355,Dec-2017,696.71,359,Jul-2000,Fully Paid,25081.499999999996,0.0,Dec-2017
27330, 36 months,10.76,A,10+ years,RENT,67094.0,Source Verified,debt_consolidation,15.25,0,24,0,18063,70.8,7,380,Jan-2015,873.04,384,Jan-1996,Fully Paid,31429.499999999996,0.0,Dec-2017
28457, 36 months,10.58,G,< 1 year,OWN,53182.0,Verified,debt_consolidation,8.25,0,21,0,39349,97.4,42,390,Feb-2013,909.04,394,Apr-2002,Fully Paid,32725.55,0.0,Dec-2017
1221, 36 months,22.77,G,5 years,MORTGAGE,97241.0,Source Verified,debt_consolidation,7.11,0,15,0,39998,79.2,6,415,Jul-2013,39.0,419,Dec-1998,Fully Paid,1404.1499999999999,0.0,Dec-2017
19193, 36 months,11.32,A,10+ years,RENT,76018.0,Source Verified,small_business,13.88,1,6,0,23904,24.9,55,420,Oct-2017,613.11,424,Feb-2011,Late (31-120 days),22071.949999999997,0.0,Dec-2017
34063, 36 months,9.99,A,10+ years,MORTGAGE,173152.0,Source Verified,debt_consolidation,21.6,0,3,0,35190,74.5,37,335,Apr-2012,1088.12,339,Mar-1998,Fully Paid,39172.45,0.0,Dec-2017
35028, 36 months,15.86,G,1 year,MORTGAGE,119035.0,Source Verified,credit_card,19.24,1,6,0,11351,59.3,53,390,Oct-2016,1118.95,394,May-2013,In Grace Period,40282.2,0.0,Dec-2017
29734, 36 months,25.12,E,10+ years,OWN,55335.0,Source Verified,small_business,6.25,1,15,0,32287,71.1,49,415,Nov-2015,949.84,419,Nov-2010,Fully Paid,34194.1,0.0,Dec-2017
15868, 36 months,25.5,G,10+ years,MORTGAGE,73041.0,Not Verified,debt_consolidation,6.35,1,8,0,50679,43.9,54,355,Nov-2014,506.89,359,Sep-2003,Fully Paid,18248.199999999997,0.0,Dec-2017
1825, 36 months,23.89,D,10+ years,RENT,155811.0,Source Verified,car,21.07,0,3,0,18239,88.9,39,415,Dec-2016,58.3,419,May-1990,Fully Paid,2098.75,0.0,Dec-2017
28571, 36 months,9.77,B,< 1 year,MORTGAGE,46595.0,Verified,small_business,25.12,1,21,0,31016,4.4,24,395,Nov-2016,912.68,399,Dec-2004,Current,32856.649999999994,0.0,Dec-2017
19460, 60 months,21.8,A,5 years,RENT,220213.0,Source Verified,debt_consolidation,4.14,0,19,0,58856,36.2,8,360,Aug-2014,372.98,364,Nov-1986,Fully Paid,22379.0,0.0,Dec-2017
7582, 60 months,16.54,C,1 year,OWN,71227.0,Source Verified,small_business,43.8,1,17,1,45668,99.5,42,350,Aug-2015,145.32,354,Aug-1993,Fully Paid,8719.3,0.0,Dec-2017
21482, 36 months,24.72,C,5 years,MORTGAGE,57188.0,Source Verified,car,18.17,0,21,0,766,29.3,43,345,Jul-2016,686.23,349,Dec-1995,Fully Paid,24704.3,0.0,Dec-2017
6316, 36 months,27.26,G,,OWN,86274.0,Verified,car,23.85,0,16,0,17291,61.4,57,385,Dec-2015,201.76,389,Jun-2000,Fully Paid,7263.4,0.0,Dec-2017
9830, 36 months,22.25,F,< 1 year,MORTGAGE,93970.0,Not Verified,debt_consolidation,27.35,0,25,0,52740,12.2,37,360,Nov-2014,314.01,364,Jan-1987,Charged Off,3932.0,491.5,Dec-2017
25726, 36 months,11.22,A,1 year,OWN,84357.0,Verified,credit_card,24.8,1,9,0,22320,64.3,33,410,Jun-2017,821.8,414,Aug-1990,In Grace Period,29584.899999999998,0.0,Dec-2017
23644, 36 months,6.9,C,< 1 year,MORTGAGE,119301.0,Verified,credit_card,0.0,0,17,0,59396,37.1,35,365,Apr-2017,755.29,369,Jun-2006,In Grace Period,27190.6,0.0,Dec-2017
17772, 36 months,18.37,D,< 1 year,OWN,55207.0,Source Verified,credit_card,18.06,1,28,0,41320,56.8,12,365,May-2012,567.72,369,Apr-2002,Fully Paid,20437.8,0.0,Dec-2017
37259, 36 months,16.25,A,10+ years,MORTGAGE,76728.0,Source Verified,car,22.54,0,22,0,20510,56.0,20,370,Apr-2015,1190.22,374,Jun-2008,Fully Paid,42847.85,0.0,Dec-2017
22057, 36 months,27.21,B,,OWN,36827.0,Verified,car,28.82,0,2,1,31823,49.6,16,400,Jan-2017,704.6,404,Feb-1992,Fully Paid,25365.55,0.0,Dec-2017
4626, 60 months,21.09,D,5 years,OWN,81923.0,Source Verified,car,26.2,0,21,0,42034,88.6,20,420,Jul-2012,88.66,424,Apr-1999,Fully Paid,5319.9,0.0,Dec-2017
25047, 36 months,11.93,E,1 year,MORTGAGE,80820.0,Not Verified,small_business,8.4,1,15,1,25424,40.8,38,345,Apr-2014,800.11,349,Jan-2008,Fully Paid,28804.05,0.0,Dec-2017
36669, 36 months,7.28,A,,RENT,124436.0,Source Verified,car,15.85,0,4,0,13306,58.3,45,335,Jan-2015,1171.37,339,Mar-2001,Fully Paid,42169.35,0.0,Dec-2017
11970, 36 months,6.77,B,,MORTGAGE,60353.0,Verified,debt_consolidation,7.19,1,20,0,8678,27.4,13,375,Dec-2013,382.37,379,Aug-2004,Fully Paid,13765.499999999998,0.0,Dec-2017
31356, 36 months,27.75,B,10+ years,RENT,278357.0,Source Verified,car,20.76,0,17,0,44979,29.6,12,420,Mar-2016,1001.65,424,Mar-1998,Fully Paid,36059.399999999994,0.0,Dec-2017
20059, 36 months,19.25,G,10+ years,OWN,51909.0,Source Verified,small_business,2.08,0,12,0,45104,59.6,6,355,Dec-2017,640.77,359,Apr-2007,Fully Paid,23067.85,0.0,Dec-2017
39412, 36 months,10.01,D,< 1 year,OWN,55551.0,Verified,credit_card,17.39,0,7,0,4734,38.4,20,380,Mar-2014,1258.99,384,Oct-1998,Fully Paid,45323.799999999996,0.0,Dec-2017
33799, 36 months,17.2,E,< 1 year,RENT,30453.0,Source Verified,credit_card,16.62,0,23,0,7014,43.3,42,410,Sep-2016,1079.69,414,Jul-2009,In Grace Period,38868.85,0.0,Dec-2017
29560, 36 months,9.53,G,1 year,OWN,125635.0,Source Verified,credit_card,23.74,0,21,0,15441,94.9,31,405,Sep-2012,944.28,409,Nov-1995,Fully Paid,33994.0,0.0,Dec-2017
4530, 36 months,21.16,F,5 years,RENT,56670.0,Not Verified,debt_consolidation,21.27,1,21,1,57130,22.7,15,420,Nov-2014,144.71,424,Apr-1990,Fully Paid,5209.5,0.0,Dec-2017
28748, 36 months,9.66,A,10+ years,OWN,56994.0,Not Verified,credit_card,27.84,0,21,0,19508,52.3,57,405,Jan-2012,918.34,409,May-2002,Fully Paid,33060.2,0.0,Dec-2017
23277, 36 months,18.58,E,,MORTGAGE,64296.0,Verified,credit_card,25.55,0,26,0,19109,65.0,58,400,Jul-2014,743.57,404,Jul-1996,Fully Paid,26768.55,0.0,Dec-2017
6800, 36 months,19.62,B,10+ years,RENT,53015.0,Not Verified,car,0.0,0,5,0,53466,12.1,19,415,Jan-2012,217.22,419,Feb-1984,Fully Paid,7819.999999999999,0.0,Dec-2017
33300, 36 months,26.88,D,10+ years,MORTGAGE,42069.0,Verified,credit_card,13.02,0,13,0,43107,78.4,59,355,Apr-2017,1063.75,359,Sep-1989,Late (31-120 days),38295.0,0.0,Dec-2017
24272, 60 months,15.66,A,,OWN,61174.0,Not Verified,credit_card,27.68,0,20,0,47210,53.9,6,400,Oct-2017,465.21,404,Dec-2009,Late (31-120 days),27912.8,0.0,Dec-2017
1808, 36 months,26.67,B,5 years,RENT,31564.0,Not Verified,car,7.24,0,9,1,32545,89.6,45,350,Jul-2012,57.76,354,May-1983,Fully Paid,2079.2,0.0,Dec-2017
35978, 60 months,6.02,E,5 years,RENT,76891.0,Source Verified,credit_card,24.92,1,12,1,15093,56.0,37,360,Nov-2016,689.58,364,Jul-2003,Fully Paid,41374.7,0.0,Dec-2017
28902, 60 months,24.84,D,10+ years,OWN,57606.0,Not Verified,debt_consolidation,11.91,0,23,0,34074,73.8,35,370,Mar-2016,553.95,374,Jun-1998,Fully Paid,33237.299999999996,0.0,Dec-2017
32222, 60 months,21.49,G,< 1 year,OWN,41463.0,Verified,credit_card,13.94,0,13,0,48129,97.6,38,380,Oct-2013,617.59,384,Jul-2000,Fully Paid,37055.299999999996,0.0,Dec-2017
8871, 60 months,13.61,C,1 year,MORTGAGE,70813.0,Not Verified,credit_card,22.13,2,8,0,25135,67.7,58,370,Sep-2016,170.03,374,Aug-2001,Charged Off,3548.4,443.55,Dec-2017
17238, 60 months,23.09,D,10+ years,OWN,76641.0,Verified,credit_card,17.55,0,9,0,44414,49.5,54,370,Oct-2017,330.4,374,Jan-1990,Current,19823.699999999997,0.0,Dec-2017
13960, 36 months,27.61,F,1 year,MORTGAGE,52991.0,Verified,car,20.93,0,3,0,53554,71.0,16,330,Oct-2016,445.94,334,Aug-1996,Fully Paid,16053.999999999998,0.0,Dec-2017
35110, 36 months,16.11,G,< 1 year,MORTGAGE,94788.0,Source Verified,small_business,25.91,0,14,0,32743,75.1,41,355,Feb-2016,1121.57,359,Feb-1993,Fully Paid,40376.5,0.0,Dec-2017
1146, 60 months,12.15,D,< 1 year,OWN,133274.0,Not Verified,debt_consolidation,12.26,1,24,0,56265,39.8,23,340,Dec-2013,21.96,344,Jan-1994,Fully Paid,1317.8999999999999,0.0,Dec-2017
9130, 60 months,22.47,G,1 year,MORTGAGE,95593.0,Not Verified,car,21.05,1,13,0,33556,96.3,52,335,Aug-2015,174.99,339,Mar-2012,Fully Paid,10499.5,0.0,Dec-2017
14304, 60 months,6.78,E,5 years,OWN,81715.0,Not Verified,car,16.63,0,26,0,8224,86.3,23,335,Oct-2016,274.16,339,Sep-2000,Late (31-120 days),16449.6,0.0,Dec-2017
2709, 36 months,24.41,D,< 1 year,MORTGAGE,18116.0,Not Verified,car,14.4,0,15,0,6418,97.3,19,365,Apr-2016,86.54,369,Sep-1988,Fully Paid,3115.35,0.0,Dec-2017
33574, 36 months,21.14,A,< 1 year,RENT,50757.0,Not Verified,small_business,30.33,0,24,0,14029,65.4,55,405,May-2013,1072.5,409,Jan-1998,Fully Paid,38610.1,0.0,Dec-2017
15282, 36 months,23.46,D,,MORTGAGE,147631.0,Source Verified,debt_consolidation,10.79,0,25,0,18862,54.1,50,400,Jun-2014,488.17,404,Oct-1987,Fully Paid,17574.3,0.0,Dec-2017
4127, 36 months,15.76,E,< 1 year,MORTGAGE,62696.0,Verified,credit_card,11.23,1,3,0,15910,27.4,52,350,Mar-2014,131.83,354,Oct-1985,Fully Paid,4746.049999999999,0.0,Dec-2017
11023, 36 months,13.7,E,< 1 year,OWN,45636.0,Source Verified,car,19.97,1,6,0,14492,90.2,6,375,Mar-2016,352.12,379,Jan-1999,Fully Paid,12676.449999999999,0.0,Dec-2017
36757, 36 months,13.84,E,1 year,MORTGAGE,64950.0,Not Verified,car,18.93,0,20,0,59375,13.8,55,370,Jul-2014,1174.18,374,Feb-1999,Fully Paid,42270.549999999996,0.0,Dec-2017
20567, 60 months,22.82,F,< 1 year,OWN,46805.0,Source Verified,credit_card,23.13,1,3,1,38629,93.7,41,415,Jul-2014,394.2,419,May-1996,Fully Paid,23652.05,0.0,Dec-2017
17772, 60 months,27.15,B,,MORTGAGE,79901.0,Source Verified,credit_card,29.18,0,17,0,17489,13.4,46,330,Mar-2015,340.63,334,Dec-2010,Fully Paid,20437.8,0.0,Dec-2017
28299, 60 months,18.04,G,< 1 year,RENT,53806.0,Source Verified,credit_card,25.47,0,16,0,22136,27.1,21,360,Jun-2015,542.4,364,May-1987,Fully Paid,32543.85,0.0,Dec-2017
20284, 36 months,9.92,C,,RENT,133786.0,Source Verified,small_business,22.85,0,18,0,31491,90.5,38,390,Sep-2012,647.96,394,Mar-2000,Fully Paid,23326.6,0.0,Dec-2017
24029, 36 months,19.58,F,10+ years,MORTGAGE,39799.0,Source Verified,small_business,22.58,0,28,0,13828,11.0,35,330,Jul-2017,767.59,334,Jul-1991,Current,27633.35,0.0,Dec-2017
12117, 60 months,8.96,F,5 years,RENT,29017.0,Not Verified,car,3.91,0,7,0,21703,4.2,43,380,Jun-2014,232.24,384,Dec-2000,Fully Paid,13934.55,0.0,Dec-2017
34879, 60 months,19.2,G,5 years,OWN,144488.0,Not Verified,small_business,17.71,1,11,0,53452,47.0,56,420,Jan-2013,668.51,424,Jun-1998,Charged Off,13951.6,1743.95,Dec-2017
37479, 36 months,7.46,E,,MORTGAGE,32973.0,Not Verified,credit_card,27.57,0,7,0,33219,59.0,27,380,Jan-2012,1197.25,384,Jun-1986,Fully Paid,43100.85,0.0,Dec-2017
7375, 36 months,18.8,C,< 1 year,OWN,82914.0,Not Verified,credit_card,14.6,0,18,0,24028,33.2,20,375,Aug-2014,235.59,379,Apr-1990,Fully Paid,8481.25,0.0,Dec-2017
8720, 60 months,24.22,A,10+ years,MORTGAGE,29852.0,Verified,small_business,17.32,0,11,0,24773,18.7,24,340,Jun-2016,167.13,344,Oct-2008,In Grace Period,10028.0,0.0,Dec-2017
25583, 60 months,15.89,G,10+ years,OWN,42755.0,Not Verified,debt_consolidation,8.28,0,14,0,18437,67.8,9,330,Oct-2013,490.34,334,Jul-2007,Fully Paid,29420.449999999997,0.0,Dec-2017
31384, 36 months,19.22,A,1 year,RENT,29174.0,Source Verified,small_business,25.13,0,3,0,222,32.6,53,420,Feb-2017,1002.54,424,Feb-1990,Current,36091.6,0.0,Dec-2017
34274, 36 months,17.07,C,< 1 year,MORTGAGE,38830.0,Not Verified,small_business,13.2,0,7,0,19164,11.6,25,330,Mar-2013,1094.86,334,Mar-2007,Fully Paid,39415.1,0.0,Dec-2017
21527, 36 months,18.19,A,5 years,OWN,25497.0,Verified,credit_card,16.28,0,11,0,50962,87.9,49,410,Oct-2012,687.67,414,Sep-1990,Fully Paid,24756.05,0.0,Dec-2017
25333, 36 months,23.74,A,,OWN,69839.0,Verified,credit_card,16.69,1,8,0,8053,100.0,55,420,May-2014,809.25,424,Feb-1985,Fully Paid,29132.949999999997,0.0,Dec-2017
13294, 60 months,14.81,E,1 year,RENT,69070.0,Verified,credit_card,20.69,0,14,0,50187,54.1,39,385,Mar-2016,254.8,389,Jul-1993,Fully Paid,15288.099999999999,0.0,Dec-2017
4460, 36 months,11.77,C,5 years,RENT,87410.0,Source Verified,small_business,13.3,0,24,0,12985,59.4,30,330,Oct-2013,142.47,334,Apr-2009,Fully Paid,5129.0,0.0,Dec-2017
27455, 36 months,11.32,A,5 years,MORTGAGE,91236.0,Not Verified,credit_card,25.76,0,18,0,36615,29.9,44,350,Dec-2016,877.03,354,May-1991,Fully Paid,31573.249999999996,0.0,Dec-2017
15409, 60 months,19.93,E,,OWN,170148.0,Source Verified,small_business,23.51,0,2,0,26250,35.1,7,335,Feb-2012,295.34,339,Apr-2007,Fully Paid,17720.35,0.0,Dec-2017
31923, 36 months,24.15,F,,MORTGAGE,49590.0,Not Verified,car,14.78,0,3,0,15048,75.7,46,400,Nov-2017,1019.76,404,Jun-2001,Fully Paid,36711.45,0.0,Dec-2017
11498, 36 months,17.9,F,10+ years,OWN,50808.0,Not Verified,small_business,13.9,0,5,0,33662,43.5,15,360,Apr-2012,367.3,364,May-1992,Fully Paid,13222.699999999999,0.0,Dec-2017
35266, 36 months,20.69,G,10+ years,OWN,79249.0,Not Verified,credit_card,19.38,1,4,0,50253,48.0,56,400,Jan-2017,1126.55,404,Nov-2001,Fully Paid,40555.899999999994,0.0,Dec-2017
39073, 36 months,11.86,G,10+ years,MORTGAGE,53074.0,Not Verified,car,19.98,0,29,0,25592,65.2,33,395,Jan-2012,1248.17,399,Oct-1999,Fully Paid,44933.95,0.0,Dec-2017
3419, 36 months,21.15,C,10+ years,OWN,111015.0,Not Verified,debt_consolidation,16.38,1,8,0,49155,25.9,21,345,Jul-2014,109.22,349,May-1991,Fully Paid,3931.85,0.0,Dec-2017
10725, 36 months,9.89,G,1 year,OWN,44408.0,Verified,car,9.92,1,22,0,37724,30.9,20,415,Nov-2013,342.6,419,Dec-2006,Fully Paid,12333.749999999998,0.0,Dec-2017
1720, 36 months,8.78,E,< 1 year,MORTGAGE,51623.0,Source Verified,credit_card,28.84,0,24,0,17975,41.0,41,350,Nov-2017,54.94,354,Sep-1994,Late (31-120 days),1977.9999999999998,0.0,Dec-2017
13465, 36 months,6.13,G,1 year,OWN,117581.0,Source Verified,small_business,18.98,0,16,0,5155,17.0,35,380,Dec-2015,430.13,384,Oct-2008,Fully Paid,15484.749999999998,0.0,Dec-2017
11589, 36 months,6.77,B,< 1 year,RENT,23746.0,Source Verified,debt_consolidation,18.05,0,4,0,29678,10.4,4,420,Nov-2017,370.2,424,Jan-2011,In Grace Period,13327.349999999999,0.0,Dec-2017
2980, 36 months,15.97,D,,RENT,63258.0,Not Verified,small_business,13.97,0,22,0,1972,67.9,58,355,Jun-2014,95.19,359,Feb-1985,Fully Paid,3426.9999999999995,0.0,Dec-2017
13831, 36 months,21.88,C,,MORTGAGE,143407.0,Verified,credit_card,18.99,0,7,0,9619,82.2,45,375,Jan-2015,441.82,379,Nov-1999,Fully Paid,15905.65,0.0,Dec-2017
33890, 36 months,14.31,C,< 1 year,RENT,24210.0,Source Verified,credit_card,7.33,0,28,0,15420,83.5,41,395,Jan-2015,1082.6,399,Nov-1999,Fully Paid,38973.5,0.0,Dec-2017
11459, 36 months,16.22,G,10+ years,MORTGAGE,101247.0,Source Verified,credit_card,20.22,1,27,0,769,48.4,43,405,Jul-2016,366.05,409,Nov-2000,Current,13177.849999999999,0.0,Dec-2017
1637, 36 months,19.15,C,,RENT,36073.0,Source Verified,car,21.88,0,18,1,50411,88.2,29,375,Jan-2015,52.29,379,Dec-1995,Fully Paid,1882.55,0.0,Dec-2017
8365, 60 months,6.47,D,5 years,MORTGAGE,79203.0,Source Verified,small_business,20.02,0,15,0,7283,66.1,34,415,Jun-2017,160.33,419,Feb-1999,In Grace Period,9619.75,0.0,Dec-2017
27306, 36 months,10.89,G,10+ years,RENT,111426.0,Source Verified,credit_card,18.23,0,17,0,2636,28.1,26,360,Feb-2013,872.28,364,Mar-2010,Fully Paid,31401.899999999998,0.0,Dec-2017
11961, 36 months,6.29,B,1 year,OWN,131711.0,Source Verified,debt_consolidation,20.32,0,23,0,46873,47.4,42,405,Nov-2014,382.09,409,Jul-2003,Fully Paid,13755.15,0.0,Dec-2017
12074, 36 months,22.67,C,< 1 year,RENT,21643.0,Not Verified,car,14.11,1,17,0,13532,21.1,23,410,Jun-2013,385.7,414,Jul-1992,Fully Paid,13885.099999999999,0.0,Dec-2017
29508, 60 months,6.43,E,10+ years,RENT,18421.0,Not Verified,credit_card,13.44,0,15,0,56097,75.8,6,390,Mar-2017,565.57,394,Feb-1992,In Grace Period,33934.2,0.0,Dec-2017
3495, 36 months,24.53,C,< 1 year,OWN,25880.0,Source Verified,car,14.17,0,3,0,18454,28.8,48,340,Oct-2012,111.65,344,Mar-1985,Fully Paid,4019.2499999999995,0.0,Dec-2017
15006, 36 months,20.27,C,10+ years,RENT,69086.0,Verified,car,29.26,0,4,0,24255,65.9,26,410,Mar-2016,479.36,414,Dec-1993,Charged Off,6002.400000000001,750.3000000000001,Dec-2017
38885, 36 months,20.49,C,,OWN,33545.0,Not Verified,credit_card,24.8,2,24,0,4680,98.7,8,380,Jun-2017,1242.16,384,Feb-2008,Fully Paid,44717.75,0.0,Dec-2017
23888, 36 months,23.76,D,1 year,OWN,70786.0,Verified,car,25.88,0,7,0,55805,87.2,10,340,Oct-2013,763.09,344,Aug-2009,Fully Paid,27471.199999999997,0.0,Dec-2017
1055, 36 months,17.6,B,< 1 year,OWN,56478.0,Not Verified,car,9.5,0,23,0,49158,38.5,43,390,Sep-2013,33.7,394,Apr-1986,Fully Paid,1213.25,0.0,Dec-2017
22501, 36 months,27.94,G,1 year,RENT,61838.0,Verified,credit_card,8.83,0,12,0,41489,39.4,31,330,Aug-2016,718.78,334,Nov-1988,Fully Paid,25876.149999999998,0.0,Dec-2017
13971, 36 months,25.1,C,< 1 year,OWN,49081.0,Not Verified,small_business,23.76,1,20,1,54793,57.4,7,385,Jul-2015,446.3,389,Jul-1990,Fully Paid,16066.65,0.0,Dec-2017
32823, 36 months,10.86,G,,RENT,43303.0,Not Verified,car,10.98,1,10,0,57769,9.7,9,375,Jun-2015,1048.51,379,Jan-2012,Fully Paid,37746.45,0.0,Dec-2017
29671, 36 months,6.14,F,1 year,OWN,95648.0,Verified,small_business,24.15,0,23,1,36440,6.2,54,390,Apr-2017,947.82,394,Jul-2007,Late (31-120 days),34121.649999999994,0.0,Dec-2017
26991, 36 months,17.89,B,1 year,MORTGAGE,45108.0,Source Verified,car,0.0,1,15,0,57423,79.3,57,330,Jul-2012,862.21,334,Dec-1997,Fully Paid,31039.649999999998,0.0,Dec-2017
18766, 36 months,26.85,B,5 years,RENT,36152.0,Source Verified,credit_card,23.23,0,28,0,11187,75.6,53,355,Aug-2013,599.47,359,Sep-2001,Fully Paid,21580.899999999998,0.0,Dec-2017
33049, 60 months,25.53,G,5 years,OWN,183558.0,Verified,credit_card,15.23,0,5,0,5236,36.3,14,340,May-2014,633.44,344,Jun-2009,Fully Paid,38006.35,0.0,Dec-2017
27683, 36 months,13.06,E,5 years,RENT,74275.0,Verified,small_business,4.83,1,20,0,18353,87.3,30,365,Jul-2017,884.32,369,May-1991,Current,31835.449999999997,0.0,Dec-2017
22559, 60 months,9.58,A,1 year,MORTGAGE,69631.0,Source Verified,small_business,8.53,0,24,0,56474,45.6,51,415,Jun-2012,432.38,419,Dec-2009,Fully Paid,25942.85,0.0,Dec-2017
16868, 60 months,10.32,E,< 1 year,OWN,73275.0,Source Verified,small_business,14.83,0,7,0,53611,96.4,58,355,Sep-2014,323.3,359,Feb-1990,Fully Paid,19398.199999999997,0.0,Dec-2017
2934, 36 months,15.62,D,5 years,OWN,39929.0,Source Verified,credit_card,21.55,0,6,0,1356,15.2,59,395,Nov-2014,93.72,399,Jan-2012,Fully Paid,3374.1,0.0,Dec-2017
4755, 36 months,25.36,B,10+ years,MORTGAGE,40962.0,Verified,credit_card,16.67,0,5,0,30906,21.4,48,380,Feb-2012,151.9,384,Mar-1992,Fully Paid,5468.25,0.0,Dec-2017
15151, 36 months,16.37,B,1 year,MORTGAGE,75156.0,Source Verified,small_business,17.43,0,16,0,10429,44.1,43,355,Jul-2014,483.99,359,Nov-2002,Fully Paid,17423.649999999998,0.0,Dec-2017
38312, 36 months,26.44,B,,OWN,109726.0,Verified,debt_consolidation,6.66,0,4,0,48924,33.1,34,400,Nov-2015,1223.86,404,Oct-2001,Fully Paid,44058.799999999996,0.0,Dec-2017
11752, 36 months,17.39,E,5 years,OWN,73261.0,Verified,debt_consolidation,27.45,0,3,0,9468,98.5,4,385,Jul-2014,375.41,389,Jun-2001,Fully Paid,13514.8,0.0,Dec-2017
7984, 60 months,6.81,F,,RENT,57048.0,Not Verified,car,18.89,0,29,0,58175,85.5,19,380,Oct-2013,153.03,384,Oct-1997,Fully Paid,9181.599999999999,0.0,Dec-2017
9116, 60 months,19.03,B,1 year,RENT,45877.0,Source Verified,small_business,21.31,0,6,0,40830,58.6,44,365,Jul-2015,174.72,369,Jun-2008,Fully Paid,10483.4,0.0,Dec-2017
8067, 36 months,25.24,B,10+ years,MORTGAGE,54901.0,Not Verified,small_business,0.52,0,22,0,5998,6.8,50,330,Nov-2017,257.7,334,Apr-1994,Current,9277.05,0.0,Dec-2017
26346, 60 months,23.9,F,5 years,OWN,69622.0,Source Verified,small_business,0.41,1,9,0,11363,13.0,43,385,Sep-2012,504.96,389,Jan-1989,Fully Paid,30297.899999999998,0.0,Dec-2017
19138, 36 months,25.54,B,10+ years,OWN,83944.0,Source Verified,credit_card,19.52,1,15,0,56348,93.5,21,380,Sep-2013,611.35,384,Nov-2010,Fully Paid,22008.699999999997,0.0,Dec-2017
33307, 60 months,25.59,C,5 years,RENT,55382.0,Not Verified,car,14.59,0,28,0,48836,72.8,45,365,Aug-2017,638.38,369,Feb-1998,Late (31-120 days),13322.800000000001,1665.3500000000001,Dec-2017
17921, 36 months,15.57,B,5 years,RENT,43306.0,Verified,car,18.94,0,4,0,19018,68.6,12,370,Oct-2013,572.48,374,Nov-2009,Fully Paid,20609.149999999998,0.0,Dec-2017
31201, 36 months,7.63,F,1 year,OWN,60291.0,Source Verified,debt_consolidation,11.68,1,7,0,44255,44.2,55,395,Feb-2016,996.7,399,Aug-2012,Fully Paid,35881.149999999994,0.0,Dec-2017
13816, 36 months,11.12,A,10+ years,OWN,33703.0,Verified,debt_consolidation,20.63,0,6,0,32572,97.8,55,345,Feb-2014,441.34,349,Sep-1987,Fully Paid,15888.4,0.0,Dec-2017
12941, 36 months,27.05,G,5 years,RENT,69564.0,Not Verified,debt_consolidation,2.86,0,21,0,32643,32.4,54,400,Dec-2016,413.39,404,Apr-2004,Current,14882.15,0.0,Dec-2017
8719, 36 months,13.46,C,10+ years,MORTGAGE,157421.0,Not Verified,credit_card,23.42,0,13,0,52366,42.3,42,360,Jul-2015,278.52,364,Jun-1994,Fully Paid,10026.849999999999,0.0,Dec-2017
18703, 36 months,22.54,C,10+ years,RENT,86966.0,Source Verified,debt_consolidation,14.23,1,19,0,12228,54.5,18,405,May-2017,597.46,409,Feb-2009,Fully Paid,21508.449999999997,0.0,Dec-2017
24285, 36 months,26.39,G,5 years,MORTGAGE,104782.0,Not Verified,car,25.2,0,9,0,10312,88.1,33,350,Oct-2015,775.77,354,Nov-2006,Fully Paid,27927.749999999996,0.0,Dec-2017
12485, 36 months,9.53,F,< 1 year,RENT,66794.0,Not Verified,car,14.88,0,2,0,2389,16.9,16,375,Jul-2015,398.83,379,Feb-2007,Fully Paid,14357.749999999998,0.0,Dec-2017
16396, 60 months,7.92,G,< 1 year,RENT,63194.0,Not Verified,car,21.43,0,3,0,7641,53.9,11,345,Dec-2014,314.26,349,Nov-1986,Fully Paid,18855.399999999998,0.0,Dec-2017
15302, 36 months,17.26,G,5 years,MORTGAGE,65529.0,Source Verified,small_business,7.7,1,21,0,30766,67.2,33,400,Mar-2012,488.81,404,Apr-1984,Fully Paid,17597.3,0.0,Dec-2017
37795, 60 months,21.32,B,< 1 year,OWN,83263.0,Verified,credit_card,26.11,0,4,0,6922,26.2,55,405,Sep-2012,724.4,409,Dec-1991,Fully Paid,43464.25,0.0,Dec-2017
18527, 36 months,7.81,E,10+ years,RENT,55477.0,Not Verified,credit_card,10.81,0,14,0,37081,56.7,37,390,Apr-2016,591.83,394,Jun-1995,Fully Paid,21306.05,0.0,Dec-2017
14805, 36 months,18.67,F,10+ years,MORTGAGE,63465.0,Verified,credit_card,22.72,1,5,0,55895,0.3,17,365,Nov-2015,472.94,369,Aug-1987,Fully Paid,17025.75,0.0,Dec-2017
39579, 60 months,24.52,C,5 years,OWN,55882.0,Not Verified,car,12.87,0,14,0,34266,6.7,46,375,May-2015,758.6,379,Nov-2004,Fully Paid,45515.85,0.0,Dec-2017
6090, 36 months,18.23,F,< 1 year,RENT,47954.0,Source Verified,credit_card,23.46,0,24,1,29239,94.2,34,350,Sep-2012,194.54,354,May-1988,Fully Paid,7003.499999999999,0.0,Dec-2017
4148, 36 months,16.38,D,10+ years,OWN,82142.0,Verified,debt_consolidation,17.5,0,11,0,39070,58.4,9,340,Dec-2016,132.51,344,Mar-1994,Fully Paid,4770.2,0.0,Dec-2017
20527, 36 months,9.63,E,< 1 year,RENT,46417.0,Not Verified,debt_consolidation,10.53,0,12,0,30025,36.7,54,405,Oct-2016,655.72,409,Jul-2001,In Grace Period,23606.05,0.0,Dec-2017
16939, 60 months,8.04,A,10+ years,MORTGAGE,35352.0,Source Verified,small_business,26.82,0,15,0,44794,33.9,24,400,Mar-2015,324.66,404,Jun-1995,Fully Paid,19479.85,0.0,Dec-2017
7660, 60 months,22.46,D,1 year,RENT,115886.0,Not Verified,debt_consolidation,25.7,1,7,0,57085,64.6,59,335,Jul-2013,146.82,339,Apr-1987,Fully Paid,8809.0,0.0,Dec-2017
36717, 36 months,12.91,D,< 1 year,MORTGAGE,54930.0,Source Verified,small_business,15.65,0,25,0,14448,11.2,25,385,Nov-2016,1172.9,389,Aug-2000,Current,42224.549999999996,0.0,Dec-2017
2579, 36 months,20.4,G,5 years,RENT,20442.0,Source Verified,debt_consolidation,25.28,3,6,0,39992,85.2,9,405,Feb-2015,82.38,409,Aug-2001,Fully Paid,2965.85,0.0,Dec-2017
23557, 36 months,13.36,B,< 1 year,MORTGAGE,58774.0,Verified,credit_card,29.4,0,7,0,28012,24.7,59,405,Dec-2017,752.52,409,Jun-2009,Fully Paid,27090.55,0.0,Dec-2017
9731, 36 months,16.67,B,,RENT,46006.0,Source Verified,debt_consolidation,23.45,1,27,0,30507,54.7,56,400,Sep-2013,310.85,404,Feb-1989,Fully Paid,11190.65,0.0,Dec-2017
14994, 60 months,9.53,F,10+ years,OWN,97376.0,Source Verified,debt_consolidation,32.4,0,19,0,5191,88.2,24,385,Feb-2014,287.38,389,Jun-2005,Fully Paid,17243.1,0.0,Dec-2017
36702, 36 months,10.76,A,10+ years,MORTGAGE,40030.0,Not Verified,debt_consolidation,18.33,1,27,0,10493,19.2,42,345,Oct-2016,1172.42,349,Jul-2008,Late (31-120 days),42207.299999999996,0.0,Dec-2017
30522, 36 months,9.59,E,1 year,MORTGAGE,66187.0,Source Verified,credit_card,25.52,0,6,0,50374,19.9,34,390,Jan-2013,975.01,394,Feb-1990,Fully Paid,35100.299999999996,0.0,Dec-2017
2531, 36 months,15.32,A,1 year,RENT,220790.0,Not Verified,credit_card,17.76,0,25,0,12907,66.7,11,370,Dec-2013,80.85,374,May-2002,Fully Paid,2910.6499999999996,0.0,Dec-2017
39261, 60 months,14.26,B,10+ years,MORTGAGE,90344.0,Not Verified,car,12.06,0,8,0,10231,96.8,11,420,May-2014,752.5,424,Feb-2002,Fully Paid,45150.149999999994,0.0,Dec-2017
23686, 60 months,7.49,F,5 years,MORTGAGE,47847.0,Verified,debt_consolidation,7.43,0,5,0,851,90.8,11,390,May-2016,453.98,394,Dec-2001,Fully Paid,27238.899999999998,0.0,Dec-2017
30253, 36 months,21.49,D,5 years,RENT,32396.0,Source Verified,credit_card,22.65,0,19,0,22266,0.0,18,405,Jul-2016,966.42,409,Jan-2007,Late (31-120 days),12101.2,1512.65,Dec-2017
24377, 60 months,7.17,A,< 1 year,OWN,75055.0,Verified,debt_consolidation,11.63,0,27,0,40291,20.6,12,395,Sep-2016,467.23,399,May-1991,Charged Off,9750.800000000001,1218.8500000000001,Dec-2017
36539, 36 months,14.18,E,10+ years,MORTGAGE,220977.0,Not Verified,credit_card,7.36,0,7,0,20319,6.6,25,355,Aug-2014,1167.22,359,Oct-1990,Fully Paid,42019.85,0.0,Dec-2017
33981, 36 months,10.82,B,1 year,MORTGAGE,37281.0,Not Verified,credit_card,0.0,0,20,0,52036,47.3,42,355,Sep-2015,1085.5,359,May-2010,Fully Paid,39078.149999999994,0.0,Dec-2017
23000, 36 months,23.86,G,10+ years,MORTGAGE,69702.0,Not Verified,debt_consolidation,35.08,0,25,0,40500,7.3,9,410,Jul-2015,734.72,414,Dec-1985,Fully Paid,26449.999999999996,0.0,Dec-2017
5189, 60 months,7.41,F,1 year,OWN,23007.0,Not Verified,debt_consolidation,25.86,0,14,0,17380,58.8,31,350,Aug-2016,99.46,354,Aug-2010,Current,5967.349999999999,0.0,Dec-2017
12737, 60 months,14.19,B,,MORTGAGE,82856.0,Not Verified,small_business,13.3,0,4,0,1344,58.1,12,370,Oct-2012,244.13,374,Dec-1983,Charged Off,5094.8,636.85,Dec-2017
14529, 60 months,17.07,E,< 1 year,RENT,22774.0,Source Verified,credit_card,25.29,0,22,0,51221,46.0,42,370,Nov-2013,278.47,374,Dec-2004,Fully Paid,16708.35,0.0,Dec-2017
6264, 36 months,17.99,D,< 1 year,OWN,83613.0,Source Verified,small_business,10.02,0,26,1,42077,14.1,45,360,May-2016,200.1,364,Jul-1994,Fully Paid,7203.599999999999,0.0,Dec-2017
5956, 60 months,12.47,A,10+ years,MORTGAGE,98349.0,Source Verified,small_business,21.94,0,21,0,13959,24.0,18,350,Mar-2013,114.16,354,Sep-1987,Fully Paid,6849.4,0.0,Dec-2017
37762, 36 months,9.13,A,5 years,OWN,119623.0,Verified,credit_card,27.71,0,15,0,27247,8.7,9,340,Sep-2013,1206.29,344,Aug-2003,Fully Paid,43426.299999999996,0.0,Dec-2017
4305, 36 months,22.39,A,10+ years,MORTGAGE,49789.0,Source Verified,small_business,8.92,0,4,0,28399,70.2,51,405,Nov-2017,137.52,409,Sep-2006,Current,4950.75,0.0,Dec-2017
8579, 36 months,15.81,B,1 year,RENT,22431.0,Not Verified,car,26.74,0,16,0,33524,57.5,10,335,Feb-2013,274.05,339,Feb-1988,Charged Off,3431.6000000000004,428.95000000000005,Dec-2017
38521, 36 months,23.06,A,10+ years,RENT,110886.0,Verified,credit_card,7.64,0,15,0,8372,3.0,12,370,Dec-2017,1230.53,374,Jan-2004,Fully Paid,44299.149999999994,0.0,Dec-2017
32022, 36 months,13.06,F,10+ years,MORTGAGE,252234.0,Source Verified,debt_consolidation,17.55,0,21,0,52668,48.7,53,420,Mar-2017,1022.92,424,Apr-1998,Current,36825.299999999996,0.0,Dec-2017
8250, 36 months,16.66,D,1 year,OWN,37858.0,Not Verified,small_business,15.27,0,13,0,50189,42.5,9,335,Dec-2012,263.54,339,May-1984,Fully Paid,9487.5,0.0,Dec-2017
24161, 36 months,10.09,A,1 year,RENT,82076.0,Not Verified,credit_card,16.76,1,24,0,32401,22.7,11,370,May-2015,771.81,374,Mar-1993,Fully Paid,27785.149999999998,0.0,Dec-2017
31645, 60 months,18.04,B,10+ years,RENT,28541.0,Not Verified,small_business,21.01,2,10,0,31351,74.0,55,365,Dec-2013,606.53,369,Jun-1993,Charged Off,12658.0,1582.25,Dec-2017
16865, 36 months,16.18,D,10+ years,MORTGAGE,62167.0,Verified,credit_card,24.31,0,19,1,35378,43.8,46,410,Nov-2014,538.74,414,Jul-1991,Fully Paid,19394.75,0.0,Dec-2017
12417, 36 months,12.99,E,,RENT,13674.0,Source Verified,car,17.75,0,13,0,45231,86.3,56,415,Aug-2015,396.65,419,Jan-2000,Charged Off,4966.8,620.85,Dec-2017
12976, 36 months,22.21,E,5 years,OWN,63514.0,Verified,credit_card,17.63,0,19,0,7349,43.1,43,355,May-2017,414.51,359,Sep-2012,Fully Paid,14922.4,0.0,Dec-2017
10739, 36 months,24.62,D,10+ years,OWN,51026.0,Source Verified,credit_card,17.69,0,28,0,9938,82.0,27,385,Aug-2017,343.05,389,Oct-2000,In Grace Period,12349.849999999999,0.0,Dec-2017
1634, 36 months,20.55,A,10+ years,RENT,27318.0,Source Verified,small_business,28.41,1,10,0,49329,85.5,14,400,Jul-2012,52.2,404,Jun-1984,Fully Paid,1879.1,0.0,Dec-2017
21407, 60 months,14.67,F,5 years,RENT,69285.0,Source Verified,debt_consolidation,25.8,0,22,0,35907,76.9,57,350,Jan-2013,410.3,354,Sep-1989,Fully Paid,24618.05,0.0,Dec-2017
36326, 36 months,18.08,A,5 years,MORTGAGE,108325.0,Verified,credit_card,6.55,0,14,0,6848,82.7,11,365,Mar-2016,1160.41,369,Mar-1988,Fully Paid,41774.899999999994,0.0,Dec-2017
8912, 36 months,26.62,A,,OWN,32271.0,Not Verified,credit_card,17.18,0,21,0,24553,15.7,4,420,Mar-2013,284.69,424,Sep-2002,Fully Paid,10248.8,0.0,Dec-2017
22957, 36 months,12.76,D,5 years,OWN,62204.0,Not Verified,small_business,11.24,1,26,0,53754,37.6,22,420,Dec-2013,733.35,424,Nov-1998,Charged Off,9182.800000000001,1147.8500000000001,Dec-2017
31263, 60 months,15.01,B,< 1 year,MORTGAGE,27597.0,Not Verified,credit_card,22.41,0,26,0,17732,62.9,23,395,Jul-2015,599.21,399,Apr-1992,Fully Paid,35952.45,0.0,Dec-2017
30967, 36 months,20.45,A,10+ years,OWN,58393.0,Verified,credit_card,31.41,0,8,1,54923,19.7,41,355,Jan-2013,989.22,359,Jan-2008,Fully Paid,35612.049999999996,0.0,Dec-2017
18245, 36 months,18.74,D,1 year,OWN,33657.0,Not Verified,small_business,10.21,0,11,0,13150,95.4,37,415,Dec-2017,582.83,419,Aug-2012,In Grace Period,20981.75,0.0,Dec-2017
26715, 60 months,27.27,C,< 1 year,RENT,65169.0,Not Verified,debt_consolidation,20.02,0,11,0,57997,87.5,24,330,Jan-2016,512.04,334,Jan-1993,Fully Paid,30722.249999999996,0.0,Dec-2017
30244, 36 months,10.49,B,1 year,OWN,44921.0,Source Verified,small_business,24.84,0,4,1,17915,88.9,47,385,May-2013,966.13,389,Dec-1998,Fully Paid,34780.6,0.0,Dec-2017
35790, 60 months,8.85,A,10+ years,RENT,167050.0,Source Verified,debt_consolidation,11.74,1,16,0,5340,80.6,21,335,Mar-2014,685.97,339,Feb-1994,Fully Paid,41158.5,0.0,Dec-2017
22200, 36 months,10.74,D,,MORTGAGE,90769.0,Verified,small_business,17.3,0,4,0,33578,84.1,27,340,Nov-2015,709.17,344,Dec-1992,Fully Paid,25529.999999999996,0.0,Dec-2017
5030, 60 months,19.31,D,1 year,RENT,29672.0,Source Verified,credit_card,15.6,0,23,0,54717,79.0,9,375,Dec-2013,96.41,379,Feb-2004,Fully Paid,5784.5,0.0,Dec-2017
11959, 36 months,7.46,A,< 1 year,MORTGAGE,106087.0,Verified,small_business,23.12,0,27,0,57187,65.8,54,365,Sep-2015,382.02,369,Feb-1992,Fully Paid,13752.849999999999,0.0,Dec-2017
27996, 36 months,19.99,A,5 years,RENT,36162.0,Verified,small_business,35.02,1,25,0,36418,57.5,20,385,Aug-2017,894.32,389,May-2005,In Grace Period,32195.399999999998,0.0,Dec-2017
1174, 36 months,14.8,C,< 1 year,MORTGAGE,88377.0,Not Verified,car,13.64,0,5,0,45896,41.7,17,370,Mar-2014,37.5,374,Feb-1997,Fully Paid,1350.1,0.0,Dec-2017
28433, 36 months,16.54,A,5 years,OWN,34088.0,Source Verified,small_business,9.15,1,10,0,52104,28.7,23,375,Mar-2013,908.28,379,Feb-1984,Fully Paid,32697.949999999997,0.0,Dec-2017
34505, 36 months,18.9,A,1 year,RENT,136359.0,Source Verified,credit_card,21.93,1,20,1,19821,39.4,42,350,Sep-2013,1102.24,354,Feb-1985,Fully Paid,39680.75,0.0,Dec-2017
19363, 36 months,24.83,B,,MORTGAGE,136973.0,Source Verified,car,17.75,0,23,0,48623,57.2,11,375,Jan-2015,618.54,379,Feb-1991,Fully Paid,22267.449999999997,0.0,Dec-2017
5184, 60 months,12.87,F,5 years,RENT,43139.0,Source Verified,credit_card,26.0,0,19,0,59857,71.8,4,385,May-2015,99.36,389,Oct-2006,Fully Paid,5961.599999999999,0.0,Dec-2017
8524, 36 months,20.64,A,,MORTGAGE,103250.0,Verified,credit_card,7.0,0,5,1,48357,87.8,34,375,Feb-2012,272.29,379,Apr-2008,Fully Paid,9802.599999999999,0.0,Dec-2017
20646, 36 months,23.02,F,10+ years,RENT,41993.0,Verified,credit_card,20.41,0,2,0,47713,51.3,53,340,Nov-2015,659.52,344,Dec-1992,Fully Paid,23742.899999999998,0.0,Dec-2017
18165, 36 months,6.38,G,1 year,MORTGAGE,29729.0,Verified,debt_consolidation,14.25,0,27,0,43252,21.5,58,330,Dec-2012,580.27,334,Feb-2004,Fully Paid,20889.75,0.0,Dec-2017
8881, 36 months,14.17,A,1 year,MORTGAGE,135992.0,Source Verified,car,16.21,1,12,0,27641,97.5,31,365,Oct-2015,283.7,369,Mar-1994,Fully Paid,10213.15,0.0,Dec-2017
1748, 36 months,26.0,E,,MORTGAGE,56046.0,Verified,car,13.4,0,26,0,29348,5.7,6,375,Apr-2017,55.84,379,Jul-2000,Fully Paid,2010.1999999999998,0.0,Dec-2017
39545, 36 months,9.24,E,< 1 year,RENT,86915.0,Source Verified,small_business,17.14,0,14,0,5112,89.5,36,335,Feb-2013,1263.24,339,Aug-2002,Fully Paid,45476.75,0.0,Dec-2017
29043, 36 months,15.78,A,10+ years,OWN,116829.0,Verified,credit_card,14.65,0,26,0,39711,2.0,59,380,Sep-2016,927.76,384,Jun-2007,Fully Paid,33399.45,0.0,Dec-2017
9151, 36 months,14.95,A,5 years,OWN,87479.0,Verified,car,21.32,0,12,0,50610,42.6,47,390,Mar-2012,292.32,394,Sep-1997,Fully Paid,10523.65,0.0,Dec-2017
39507, 36 months,14.21,E,< 1 year,MORTGAGE,102083.0,Source Verified,debt_consolidation,25.7,0,25,0,7496,57.0,35,380,May-2015,1262.03,384,May-1989,Fully Paid,45433.049999999996,0.0,Dec-2017
21150, 36 months,14.7,F,1 year,OWN,36519.0,Not Verified,debt_consolidation,2.37,1,18,0,56251,60.8,18,395,Dec-2015,675.62,399,Apr-1998,Fully Paid,24322.499999999996,0.0,Dec-2017
34133, 60 months,16.01,G,< 1 year,MORTGAGE,75201.0,Not Verified,debt_consolidation,21.99,1,2,0,22568,59.0,59,350,May-2013,654.22,354,Jan-1998,Fully Paid,39252.95,0.0,Dec-2017
12725, 36 months,22.37,C,1 year,RENT,27334.0,Source Verified,small_business,15.87,0,27,0,50310,75.0,15,360,Sep-2016,406.49,364,Mar-1991,Fully Paid,14633.749999999998,0.0,Dec-2017
20310, 60 months,15.52,G,5 years,OWN,120758.0,Source Verified,credit_card,31.96,0,15,0,39538,61.7,11,400,May-2015,389.28,404,Dec-2004,Fully Paid,23356.5,0.0,Dec-2017
6410, 36 months,26.38,G,10+ years,MORTGAGE,40964.0,Verified,car,11.85,1,12,0,42993,83.9,46,400,Jul-2014,204.76,404,Jun-2009,Fully Paid,7371.499999999999,0.0,Dec-2017
28846, 36 months,23.15,E,,RENT,60776.0,Verified,small_business,13.39,0,4,0,55728,59.9,6,400,Jan-2012,921.47,404,Dec-2005,Fully Paid,33172.899999999994,0.0,Dec-2017
34694, 36 months,24.09,E,10+ years,RENT,52048.0,Verified,small_business,8.38,0,23,2,15483,95.6,33,385,Oct-2012,1108.28,389,Apr-1998,Fully Paid,39898.1,0.0,Dec-2017
13516, 36 months,11.3,E,10+ years,MORTGAGE,50504.0,Source Verified,car,16.84,0,22,0,13587,54.0,25,365,Apr-2016,431.76,369,Jan-2011,Fully Paid,15543.4,0.0,Dec-2017
16502, 36 months,16.9,B,10+ years,RENT,32578.0,Source Verified,car,14.54,3,24,0,24350,62.0,13,405,Jun-2014,527.15,409,Sep-2003,Fully Paid,18977.3,0.0,Dec-2017
14454, 60 months,14.07,F,5 years,OWN,107141.0,Not Verified,car,20.49,0,25,0,30956,28.5,14,340,Apr-2016,277.03,344,Dec-1992,Fully Paid,16622.1,0.0,Dec-2017
23582, 36 months,8.73,D,< 1 year,MORTGAGE,143321.0,Source Verified,small_business,14.48,0,19,0,35886,50.3,19,420,Oct-2017,753.31,424,Dec-1994,Fully Paid,27119.3,0.0,Dec-2017
15920, 36 months,20.32,G,5 years,RENT,96234.0,Source Verified,small_business,17.24,0,6,0,14788,90.3,22,360,Nov-2015,508.56,364,Jul-2008,Fully Paid,18308.0,0.0,Dec-2017
17741, 36 months,24.13,G,< 1 year,OWN,94968.0,Source Verified,small_business,9.77,0,14,0,7262,98.4,12,395,Jun-2016,566.73,399,Mar-1997,Current,20402.149999999998,0.0,Dec-2017
31382, 36 months,19.43,C,10+ years,OWN,48619.0,Verified,credit_card,25.81,0,29,0,49610,93.1,38,350,Aug-2015,1002.48,354,Oct-1992,Fully Paid,36089.299999999996,0.0,Dec-2017
34709, 36 months,27.44,A,< 1 year,MORTGAGE,175076.0,Not Verified,small_business,0.0,0,11,1,57547,36.4,7,360,Oct-2013,1108.76,364,Jul-2000,Fully Paid,39915.35,0.0,Dec-2017
14808, 36 months,10.6,E,5 years,RENT,41782.0,Verified,car,22.32,0,24,0,23330,41.3,55,365,Jun-2012,473.03,369,Sep-1994,Fully Paid,17029.199999999997,0.0,Dec-2017
37104, 36 months,19.67,A,10+ years,OWN,19056.0,Verified,car,17.71,1,7,0,49297,24.1,57,405,Sep-2015,1185.27,409,May-2006,Fully Paid,42669.6,0.0,Dec-2017
24491, 36 months,20.41,C,5 years,OWN,75066.0,Source Verified,debt_consolidation,26.42,0,26,0,17308,59.1,46,355,Jun-2013,782.35,359,Oct-1996,Fully Paid,28164.649999999998,0.0,Dec-2017
28950, 60 months,26.3,D,< 1 year,OWN,26451.0,Verified,debt_consolidation,32.5,0,6,0,31604,24.3,38,390,Sep-2012,554.88,394,Nov-1994,Fully Paid,33292.5,0.0,Dec-2017
31964, 36 months,10.3,E,5 years,OWN,54042.0,Not Verified,debt_consolidation,21.16,1,9,0,35428,20.1,8,355,Jun-2015,1021.07,359,Dec-1995,Fully Paid,36758.6,0.0,Dec-2017
1020, 60 months,21.41,E,5 years,RENT,53784.0,Verified,car,7.9,0,9,0,8554,37.3,49,405,Aug-2015,19.55,409,Dec-2009,Fully Paid,1173.0,0.0,Dec-2017
37276, 60 months,23.19,G,5 years,RENT,70705.0,Verified,credit_card,19.79,0,29,0,33992,40.1,33,415,May-2014,714.46,419,Nov-2002,Fully Paid,42867.399999999994,0.0,Dec-2017
38964, 36 months,27.87,E,< 1 year,OWN,111845.0,Source Verified,debt_consolidation,6.93,0,26,1,15430,28.6,26,375,Oct-2015,1244.68,379,Oct-1992,Fully Paid,44808.6,0.0,Dec-2017
28253, 36 months,6.52,F,,MORTGAGE,28837.0,Source Verified,car,22.27,1,3,0,55839,58.3,7,395,Dec-2017,902.53,399,Oct-2011,Fully Paid,32490.949999999997,0.0,Dec-2017
19492, 36 months,11.91,C,1 year,MORTGAGE,35357.0,Not Verified,small_business,22.76,0,11,1,25728,89.0,28,405,Jul-2016,622.66,409,Jul-2008,Fully Paid,22415.8,0.0,Dec-2017
21984, 36 months,26.34,D,5 years,RENT,145350.0,Verified,small_business,22.17,0,4,0,45725,44.1,11,345,Jul-2017,702.27,349,Aug-1994,Fully Paid,25281.6,0.0,Dec-2017
22775, 36 months,16.84,F,< 1 year,RENT,91846.0,Source Verified,credit_card,10.39,0,24,0,49685,99.4,4,410,May-2012,727.53,414,Jun-1993,Fully Paid,26191.249999999996,0.0,Dec-2017
32809, 36 months,19.42,D,,MORTGAGE,81595.0,Verified,debt_consolidation,24.59,1,4,1,38006,98.0,28,350,Nov-2012,1048.07,354,Apr-2004,Fully Paid,37730.35,0.0,Dec-2017
4644, 36 months,25.49,D,< 1 year,RENT,53260.0,Verified,debt_consolidation,12.41,0,8,0,33902,36.9,51,375,Feb-2014,148.35,379,Jun-2003,Fully Paid,5340.599999999999,0.0,Dec-2017
16205, 36 months,8.62,B,1 year,OWN,82808.0,Not Verified,small_business,11.04,0,25,1,5384,6.3,24,345,Jul-2015,517.66,349,Aug-1989,Fully Paid,18635.75,0.0,Dec-2017
22485, 36 months,27.58,D,5 years,OWN,23451.0,Source Verified,debt_consolidation,11.55,0,12,0,57478,6.1,53,360,Mar-2016,718.27,364,May-1992,Fully Paid,25857.749999999996,0.0,Dec-2017
19201, 36 months,16.92,A,5 years,OWN,56765.0,Verified,debt_consolidation,16.29,0,23,1,43455,85.2,34,405,Mar-2016,613.37,409,Dec-2002,Fully Paid,22081.149999999998,0.0,Dec-2017
11754, 60 months,14.86,E,1 year,RENT,53902.0,Not Verified,car,18.79,0,17,0,43146,97.8,12,350,Jun-2017,225.28,354,Sep-1999,Current,13517.099999999999,0.0,Dec-2017
34347, 60 months,22.53,C,,RENT,85969.0,Source Verified,credit_card,17.68,0,11,0,11052,39.5,22,420,Oct-2012,658.32,424,Jan-1985,Fully Paid,39499.049999999996,0.0,Dec-2017
26430, 36 months,18.03,C,10+ years,RENT,92104.0,Source Verified,car,28.74,0,13,0,47623,29.0,19,390,Jan-2013,844.29,394,Jan-1989,Fully Paid,30394.499999999996,0.0,Dec-2017
3260, 60 months,15.8,B,1 year,OWN,37623.0,Source Verified,debt_consolidation,26.91,0,4,0,20097,46.8,43,355,Nov-2013,62.48,359,Dec-1999,Fully Paid,3748.9999999999995,0.0,Dec-2017
14076, 36 months,6.73,E,1 year,OWN,41701.0,Not Verified,small_business,19.87,0,11,0,19163,63.8,36,360,Jan-2013,449.65,364,Mar-1997,Fully Paid,16187.4,0.0,Dec-2017
33669, 36 months,16.64,E,1 year,OWN,69617.0,Not Verified,car,9.28,0,14,0,29459,20.5,57,340,Apr-2016,1075.54,344,Jan-2013,Fully Paid,38719.35,0.0,Dec-2017
8562, 36 months,21.01,E,< 1 year,OWN,28917.0,Verified,credit_card,7.26,1,20,1,50172,6.7,39,395,Jun-2014,273.51,399,Aug-1994,Fully Paid,9846.3,0.0,Dec-2017
31469, 36 months,15.83,B,5 years,MORTGAGE,18044.0,Verified,car,27.05,1,4,1,28721,30.9,4,355,May-2017,1005.26,359,Sep-1994,Fully Paid,36189.35,0.0,Dec-2017
8102, 36 months,9.25,D,,MORTGAGE,57043.0,Verified,small_business,25.82,0,25,0,8525,43.4,26,420,Sep-2013,258.81,424,Apr-1995,Fully Paid,9317.3,0.0,Dec-2017
38869, 60 months,17.14,D,5 years,MORTGAGE,104954.0,Not Verified,car,15.74,0,13,0,41333,5.4,49,405,Jan-2014,744.99,409,Jul-1992,Fully Paid,44699.35,0.0,Dec-2017
5683, 60 months,8.55,B,10+ years,MORTGAGE,71551.0,Verified,small_business,17.76,1,28,0,16863,11.4,52,340,Oct-2013,108.92,344,Feb-1990,Fully Paid,6535.45,0.0,Dec-2017
12276, 36 months,24.9,D,< 1 year,RENT,61676.0,Not Verified,small_business,9.24,1,29,0,57588,76.5,34,370,Jun-2013,392.15,374,May-1990,Fully Paid,14117.4,0.0,Dec-2017
1961, 36 months,8.07,F,10+ years,MORTGAGE,193180.0,Not Verified,car,21.79,0,5,0,17105,17.8,41,410,Jan-2017,62.64,414,Jul-1993,Fully Paid,2255.1499999999996,0.0,Dec-2017
24083, 36 months,10.26,E,5 years,MORTGAGE,75671.0,Not Verified,credit_card,0.0,1,12,0,25253,67.6,48,415,Dec-2016,769.32,419,Feb-1992,In Grace Period,27695.449999999997,0.0,Dec-2017
10903, 36 months,7.7,G,,OWN,174473.0,Source Verified,small_business,42.98,1,14,0,58515,82.5,52,415,Oct-2013,348.29,419,Jul-2009,Fully Paid,12538.449999999999,0.0,Dec-2017
35844, 36 months,22.49,E,,OWN,107910.0,Source Verified,credit_card,24.07,0,20,1,18900,46.6,40,335,Jul-2015,1145.02,339,Dec-1986,Fully Paid,41220.6,0.0,Dec-2017
22667, 36 months,24.21,E,5 years,MORTGAGE,153678.0,Source Verified,car,21.47,0,20,1,5706,46.1,58,345,Apr-2017,724.08,349,Feb-1990,Fully Paid,26067.05,0.0,Dec-2017
1900, 36 months,13.31,D,5 years,OWN,34590.0,Verified,small_business,26.98,1,15,0,56860,19.2,8,365,Nov-2014,60.69,369,Jan-1992,Fully Paid,2185.0,0.0,Dec-2017
33716, 36 months,21.82,F,1 year,OWN,98306.0,Not Verified,car,13.86,0,29,0,58807,49.4,46,390,May-2017,1077.04,394,Apr-1999,In Grace Period,38773.399999999994,0.0,Dec-2017
33105, 60 months,27.61,G,5 years,OWN,22150.0,Not Verified,small_business,19.19,1,22,0,16392,58.0,24,360,Jul-2013,634.51,364,Apr-1995,Fully Paid,38070.75,0.0,Dec-2017
30976, 36 months,26.42,D,< 1 year,MORTGAGE,46505.0,Source Verified,car,22.66,2,24,0,8340,73.7,38,360,May-2013,989.51,364,May-2007,Charged Off,12390.400000000001,1548.8000000000002,Dec-2017
32812, 36 months,27.25,C,< 1 year,MORTGAGE,19434.0,Source Verified,credit_card,19.87,1,29,0,43617,50.5,43,360,Jun-2012,1048.16,364,May-2009,Fully Paid,37733.799999999996,0.0,Dec-2017
5398, 36 months,10.98,G,10+ years,RENT,32198.0,Not Verified,small_business,18.33,0,14,0,14035,87.2,52,335,Oct-2015,172.44,339,Oct-1988,Fully Paid,6207.7,0.0,Dec-2017
26375, 36 months,18.31,B,1 year,RENT,31312.0,Not Verified,car,9.32,0,16,0,29899,2.7,21,375,Feb-2012,842.53,379,Jan-1988,Fully Paid,30331.249999999996,0.0,Dec-2017
24668, 36 months,19.52,B,10+ years,OWN,100427.0,Source Verified,car,27.34,1,14,0,2263,6.9,51,340,Jan-2013,788.01,344,Aug-1994,Fully Paid,28368.199999999997,0.0,Dec-2017
23550, 36 months,11.53,C,5 years,RENT,55728.0,Source Verified,credit_card,17.1,0,13,0,8347,56.8,19,395,Jun-2015,752.29,399,Mar-1997,Fully Paid,27082.499999999996,0.0,Dec-2017
3227, 36 months,7.78,B,< 1 year,MORTGAGE,57471.0,Not Verified,car,8.58,1,15,0,3048,10.0,5,355,Aug-2014,103.08,359,Sep-1986,Fully Paid,3711.0499999999997,0.0,Dec-2017
38320, 36 months,15.63,G,5 years,OWN,118069.0,Not Verified,car,20.16,0,12,0,55914,91.5,11,345,Feb-2013,1224.11,349,Jun-2002,Fully Paid,44068.0,0.0,Dec-2017
3555, 36 months,26.02,C,10+ years,MORTGAGE,31488.0,Verified,credit_card,19.56,0,18,0,42244,50.6,22,385,Jan-2015,113.56,389,Jan-2012,Fully Paid,4088.2499999999995,0.0,Dec-2017
16417, 36 months,7.48,A,1 year,MORTGAGE,39202.0,Verified,small_business,17.02,0,3,0,47629,85.2,23,365,Nov-2017,524.43,369,Sep-1991,Current,18879.55,0.0,Dec-2017
28151, 36 months,17.67,E,< 1 year,RENT,58904.0,Source Verified,car,15.91,1,8,0,10924,20.9,21,405,Nov-2017,899.27,409,Feb-1999,Late (31-120 days),32373.649999999998,0.0,Dec-2017
16251, 36 months,22.54,G,,RENT,43199.0,Source Verified,small_business,10.04,0,26,1,35753,33.2,44,350,Aug-2012,519.13,354,Sep-2000,Fully Paid,18688.649999999998,0.0,Dec-2017
16154, 36 months,22.41,A,1 year,OWN,52449.0,Source Verified,credit_card,20.43,0,4,0,59992,2.7,58,385,Jul-2016,516.03,389,May-1999,Fully Paid,18577.1,0.0,Dec-2017
15181, 36 months,25.68,B,1 year,OWN,74335.0,Verified,credit_card,10.51,0,21,0,1750,24.1,24,390,Sep-2014,484.95,394,Aug-1995,Fully Paid,17458.149999999998,0.0,Dec-2017
14301, 36 months,11.63,E,10+ years,OWN,91676.0,Not Verified,small_business,30.12,0,24,0,53246,7.7,59,345,Oct-2014,456.84,349,Mar-2005,Fully Paid,16446.149999999998,0.0,Dec-2017
20645, 36 months,14.05,E,< 1 year,MORTGAGE,89665.0,Not Verified,credit_card,23.37,0,5,0,57815,60.9,21,385,May-2014,659.49,389,Dec-2004,Fully Paid,23741.749999999996,0.0,Dec-2017
8940, 60 months,10.78,E,< 1 year,RENT,25062.0,Verified,debt_consolidation,18.66,0,9,1,28595,94.0,57,420,Jan-2017,171.35,424,Nov-1997,Fully Paid,10281.0,0.0,Dec-2017
28485, 60 months,26.21,C,,RENT,60000.0,Not Verified,car,25.59,1,3,0,45401,52.1,23,345,May-2013,545.96,349,Dec-2001,Fully Paid,32757.749999999996,0.0,Dec-2017
36569, 60 months,17.81,F,5 years,OWN,37825.0,Not Verified,debt_consolidation,18.52,1,13,0,22533,16.6,6,385,Jul-2015,700.91,389,Feb-2008,Fully Paid,42054.35,0.0,Dec-2017
18135, 60 months,20.97,G,,OWN,32032.0,Verified,small_business,12.69,0,11,0,45409,36.3,35,355,Jun-2016,347.59,359,Feb-1999,Fully Paid,20855.25,0.0,Dec-2017
37704, 60 months,13.86,C,5 years,RENT,385813.0,Source Verified,small_business,17.56,0,14,0,8074,14.4,47,335,Jun-2014,722.66,339,Feb-1986,Fully Paid,43359.6,0.0,Dec-2017
17892, 36 months,27.21,A,1 year,OWN,29956.0,Not Verified,car,31.15,1,6,0,8216,62.0,34,340,Nov-2015,571.55,344,Jul-1988,Charged Off,7156.8,894.6,Dec-2017
39021, 60 months,7.43,E,,MORTGAGE,46265.0,Source Verified,car,8.2,0,17,0,36036,57.0,34,365,Sep-2012,747.9,369,Oct-2002,Fully Paid,44874.149999999994,0.0,Dec-2017
8341, 36 months,7.06,F,5 years,RENT,144026.0,Not Verified,car,7.61,0,27,0,12368,38.0,56,385,May-2016,266.45,389,Mar-1987,Fully Paid,9592.15,0.0,Dec-2017
11491, 36 months,17.62,B,< 1 year,RENT,42122.0,Not Verified,car,9.64,0,29,0,30893,30.5,30,335,Oct-2013,367.07,339,Nov-2003,Fully Paid,13214.65,0.0,Dec-2017
22431, 36 months,22.08,G,1 year,OWN,190082.0,Verified,small_business,11.86,2,12,0,831,71.2,11,335,Jun-2012,716.55,339,May-2002,Fully Paid,25795.649999999998,0.0,Dec-2017
17800, 36 months,12.68,B,,OWN,141010.0,Source Verified,credit_card,13.13,0,11,0,29258,81.9,36,390,Oct-2013,568.61,394,Nov-1999,Fully Paid,20470.0,0.0,Dec-2017
9317, 36 months,15.21,F,5 years,RENT,119156.0,Not Verified,debt_consolidation,17.24,0,15,0,13327,33.5,14,340,Feb-2014,297.63,344,Feb-1999,Fully Paid,10714.55,0.0,Dec-2017
25313, 36 months,25.19,A,,RENT,110888.0,Verified,small_business,14.35,0,12,1,17266,69.2,26,405,Nov-2015,808.61,409,Jun-2009,Fully Paid,29109.949999999997,0.0,Dec-2017
25265, 36 months,15.49,E,< 1 year,OWN,119795.0,Verified,car,14.27,0,5,2,51094,35.6,57,405,Feb-2015,807.08,409,Sep-2008,Fully Paid,29054.749999999996,0.0,Dec-2017
8536, 60 months,14.1,E,< 1 year,MORTGAGE,23167.0,Not Verified,car,35.46,0,20,0,26818,94.1,32,365,Dec-2016,163.61,369,Sep-2002,In Grace Period,3414.4,426.8,Dec-2017
39213, 60 months,22.69,D,10+ years,OWN,47778.0,Source Verified,debt_consolidation,18.51,0,28,0,33996,17.4,33,335,Jul-2014,751.58,339,Mar-2009,Fully Paid,45094.95,0.0,Dec-2017
11938, 36 months,25.14,E,< 1 year,MORTGAGE,67516.0,Source Verified,small_business,3.28,1,19,1,20830,14.4,47,345,Apr-2017,381.35,349,Sep-1996,In Grace Period,13728.699999999999,0.0,Dec-2017
18373, 36 months,13.57,G,,RENT,168944.0,Source Verified,debt_consolidation,10.41,0,14,0,4929,57.5,24,385,Mar-2012,586.92,389,Jul-2005,Fully Paid,21128.949999999997,0.0,Dec-2017
27950, 36 months,23.99,E,1 year,OWN,60364.0,Not Verified,credit_card,27.07,0,29,0,26436,51.8,46,345,Dec-2013,892.85,349,May-2000,Fully Paid,32142.499999999996,0.0,Dec-2017
6937, 36 months,17.2,A,10+ years,OWN,47641.0,Not Verified,credit_card,20.52,0,19,0,26008,67.2,55,365,Feb-2013,221.6,369,Aug-2010,Fully Paid,7977.549999999999,0.0,Dec-2017
37950, 60 months,21.3,C,10+ years,RENT,34850.0,Not Verified,small_business,18.7,0,21,0,1345,15.1,29,405,Apr-2014,727.38,409,Oct-1993,Fully Paid,43642.5,0.0,Dec-2017
39709, 36 months,26.05,B,1 year,MORTGAGE,66136.0,Source Verified,small_business,23.2,1,8,0,45731,5.9,49,340,Aug-2017,1268.48,344,Apr-2002,Current,15883.6,1985.45,Dec-2017
36376, 60 months,15.15,D,5 years,OWN,44300.0,Not Verified,small_business,5.9,1,2,0,5447,16.1,37,380,Oct-2012,697.21,384,Jul-1987,Fully Paid,41832.399999999994,0.0,Dec-2017
16214, 36 months,7.37,E,< 1 year,MORTGAGE,40050.0,Source Verified,car,18.4,0,22,0,33131,86.8,15,350,Dec-2012,517.95,354,Sep-1990,Fully Paid,18646.1,0.0,Dec-2017
29036, 36 months,23.68,B,5 years,MORTGAGE,51757.0,Verified,car,12.87,0,17,0,14620,76.6,59,395,Jun-2014,927.54,399,Feb-1988,Fully Paid,33391.399999999994,0.0,Dec-2017
20492, 60 months,7.63,C,< 1 year,MORTGAGE,65933.0,Verified,small_business,11.82,0,6,0,43866,82.2,51,335,Feb-2017,392.76,339,Dec-2002,Current,23565.8,0.0,Dec-2017
3402, 36 months,16.18,E,5 years,MORTGAGE,65711.0,Source Verified,debt_consolidation,10.53,0,23,0,3392,6.0,22,370,Jan-2012,108.68,374,Apr-1993,Fully Paid,3912.2999999999997,0.0,Dec-2017
35067, 36 months,25.71,A,,RENT,56353.0,Source Verified,debt_consolidation,24.79,0,2,0,5185,53.3,46,385,Dec-2016,1120.2,389,Nov-2005,Charged Off,14026.800000000001,1753.3500000000001,Dec-2017
2302, 36 months,10.63,A,,MORTGAGE,50101.0,Not Verified,small_business,25.9,0,29,0,46438,57.4,25,380,Sep-2016,73.54,384,Jan-1993,Fully Paid,2647.2999999999997,0.0,Dec-2017
28628, 36 months,14.07,E,< 1 year,MORTGAGE,205731.0,Verified,credit_card,20.65,0,20,0,52735,92.8,28,335,May-2014,914.51,339,Apr-1988,Fully Paid,32922.2,0.0,Dec-2017
22326, 60 months,20.04,C,1 year,MORTGAGE,61936.0,Source Verified,credit_card,24.81,1,20,0,37528,34.7,7,335,Apr-2012,427.92,339,Nov-1987,Charged Off,8930.4,1116.3,Dec-2017
19148, 36 months,19.81,E,5 years,RENT,72007.0,Verified,small_business,5.65,0,5,0,46520,59.8,47,415,Oct-2014,611.67,419,Feb-1985,Fully Paid,22020.199999999997,0.0,Dec-2017
7387, 60 months,27.6,B,< 1 year,MORTGAGE,125805.0,Verified,debt_consolidation,15.86,0,14,0,34301,69.4,17,375,Mar-2016,141.58,379,Jul-1986,Fully Paid,8495.05,0.0,Dec-2017
34654, 36 months,15.74,B,,RENT,14924.0,Not Verified,small_business,26.07,0,2,1,31336,90.7,36,370,Dec-2016,1107.0,374,Mar-1995,Fully Paid,39852.1,0.0,Dec-2017
23601, 36 months,9.54,E,< 1 year,OWN,42694.0,Not Verified,small_business,24.63,0,23,0,9394,52.8,41,365,Dec-2012,753.92,369,Jun-1996,Fully Paid,27141.149999999998,0.0,Dec-2017
10688, 36 months,20.28,F,10+ years,OWN,50033.0,Verified,credit_card,15.0,0,18,0,38075,29.7,26,340,Jan-2016,341.42,344,May-2007,Fully Paid,12291.199999999999,0.0,Dec-2017
8450, 60 months,13.72,G,,MORTGAGE,75134.0,Source Verified,small_business,15.45,0,12,0,51451,56.3,58,395,Apr-2015,161.96,399,Apr-1989,Fully Paid,9717.5,0.0,Dec-2017
8085, 36 months,24.0,E,,OWN,37058.0,Verified,credit_card,18.67,0,20,0,35795,70.7,7,360,Jan-2017,258.27,364,Oct-2005,Fully Paid,9297.75,0.0,Dec-2017
6297, 36 months,8.41,C,< 1 year,MORTGAGE,63817.0,Not Verified,debt_consolidation,36.54,0,3,0,22178,96.8,44,385,Apr-2016,201.15,389,May-1988,Fully Paid,7241.549999999999,0.0,Dec-2017
26425, 36 months,27.76,A,< 1 year,MORTGAGE,77106.0,Source Verified,car,10.3,0,14,0,15339,6.6,47,370,Jul-2016,844.13,374,Aug-2006,Late (31-120 days),30388.749999999996,0.0,Dec-2017
23472, 36 months,11.64,D,,OWN,28985.0,Not Verified,small_business,20.87,0,17,0,45763,75.3,48,405,Feb-2017,749.8,409,Jun-1994,In Grace Period,26992.8,0.0,Dec-2017
15900, 60 months,7.36,B,1 year,MORTGAGE,43792.0,Source Verified,credit_card,11.14,3,14,0,28129,29.7,9,350,Feb-2016,304.75,354,Feb-2004,Fully Paid,18285.0,0.0,Dec-2017
19623, 36 months,24.37,B,1 year,OWN,148202.0,Verified,small_business,6.28,1,21,1,42634,94.2,6,340,May-2014,626.85,344,Mar-1998,Fully Paid,22566.449999999997,0.0,Dec-2017
21859, 36 months,22.48,G,< 1 year,MORTGAGE,45276.0,Verified,car,19.95,0,26,1,41325,98.8,25,360,Jun-2017,698.27,364,Sep-2010,Late (31-120 days),25137.85,0.0,Dec-2017
8800, 36 months,10.33,D,< 1 year,OWN,52171.0,Verified,debt_consolidation,13.28,1,20,0,28868,54.4,44,370,May-2015,281.11,374,Sep-2010,Fully Paid,10120.0,0.0,Dec-2017
30299, 36 months,6.2,C,,OWN,43022.0,Verified,car,11.48,0,7,0,30440,99.7,32,400,Dec-2016,967.88,404,Jan-2009,Fully Paid,34843.85,0.0,Dec-2017
34845, 36 months,27.98,E,5 years,MORTGAGE,74782.0,Verified,debt_consolidation,12.73,0,10,1,27592,67.8,30,365,Aug-2012,1113.1,369,Apr-2006,Fully Paid,40071.75,0.0,Dec-2017
19411, 36 months,11.86,D,5 years,MORTGAGE,36158.0,Verified,car,29.43,0,19,1,33736,38.5,26,385,Jan-2013,620.07,389,Jun-1988,Fully Paid,22322.649999999998,0.0,Dec-2017
30104, 36 months,27.3,B,< 1 year,OWN,105522.0,Verified,car,17.09,0,5,0,12451,52.6,13,395,Apr-2015,961.66,399,May-2007,Fully Paid,34619.6,0.0,Dec-2017
37651, 36 months,16.96,A,1 year,MORTGAGE,60427.0,Not Verified,car,28.38,0,9,0,10865,37.3,31,350,Jun-2016,1202.74,354,Jan-1987,Current,43298.649999999994,0.0,Dec-2017
30615, 36 months,24.15,C,< 1 year,OWN,38744.0,Verified,small_business,35.0,0,13,0,42669,56.6,41,395,Sep-2017,977.98,399,Mar-2007,Fully Paid,35207.25,0.0,Dec-2017
6735, 36 months,25.4,C,10+ years,MORTGAGE,36759.0,Not Verified,small_business,12.33,0,19,0,16897,10.2,31,415,Jul-2012,215.15,419,Sep-1983,Fully Paid,7745.249999999999,0.0,Dec-2017
4676, 60 months,9.22,C,,MORTGAGE,45051.0,Source Verified,car,18.63,0,10,0,18410,0.5,24,395,Feb-2017,89.62,399,Mar-1993,Current,5377.4,0.0,Dec-2017
33721, 36 months,19.75,B,< 1 year,OWN,21813.0,Verified,credit_card,17.09,1,5,0,56033,47.9,46,330,Jul-2014,1077.2,334,Nov-2009,Fully Paid,38779.149999999994,0.0,Dec-2017
22977, 36 months,17.02,F,,RENT,42468.0,Verified,small_business,24.66,0,7,0,29873,38.9,31,355,Sep-2017,733.99,359,Feb-2004,Current,26423.55,0.0,Dec-2017
31769, 36 months,9.59,G,,RENT,60815.0,Not Verified,car,28.71,1,3,0,30250,19.0,34,355,May-2014,1014.84,359,Jul-1992,Fully Paid,36534.35,0.0,Dec-2017
29945, 36 months,24.58,C,< 1 year,MORTGAGE,49790.0,Not Verified,credit_card,21.77,0,18,0,45591,15.3,5,385,Jul-2017,956.58,389,May-1990,Fully Paid,34436.75,0.0,Dec-2017
5603, 36 months,20.74,F,10+ years,OWN,40667.0,Verified,credit_card,12.83,0,28,0,28384,83.6,23,360,Mar-2013,178.98,364,Feb-2001,Fully Paid,6443.45,0.0,Dec-2017
16147, 36 months,16.42,A,< 1 year,MORTGAGE,33240.0,Verified,credit_card,17.33,1,27,0,34979,5.4,7,370,Jan-2014,515.81,374,Aug-1998,Fully Paid,18569.05,0.0,Dec-2017
22498, 36 months,13.45,F,1 year,OWN,68447.0,Not Verified,debt_consolidation,22.47,0,12,0,46893,62.6,54,410,Aug-2017,718.69,414,May-2005,Fully Paid,25872.699999999997,0.0,Dec-2017
27172, 36 months,26.74,A,< 1 year,RENT,89003.0,Verified,credit_card,14.43,0,26,0,29141,10.9,50,330,Nov-2017,867.99,334,Feb-1991,In Grace Period,31247.8,0.0,Dec-2017
31574, 60 months,19.43,F,< 1 year,MORTGAGE,45419.0,Source Verified,car,15.79,0,5,0,35628,71.8,59,410,Jul-2012,605.17,414,Jul-1999,Fully Paid,36310.1,0.0,Dec-2017
36005, 60 months,11.79,F,1 year,RENT,78046.0,Verified,small_business,12.14,0,26,0,17971,67.6,41,370,Nov-2012,690.1,374,Nov-2002,Fully Paid,41405.75,0.0,Dec-2017
17177, 36 months,13.21,A,,OWN,119607.0,Verified,credit_card,14.25,1,13,0,35326,0.3,41,335,Jan-2012,548.71,339,Sep-2009,Fully Paid,19753.55,0.0,Dec-2017
21767, 60 months,17.76,C,,MORTGAGE,40085.0,Source Verified,debt_consolidation,5.33,0,9,0,32587,6.0,21,350,Aug-2017,417.2,354,Aug-2005,In Grace Period,25032.05,0.0,Dec-2017
19922, 36 months,9.49,E,,OWN,57714.0,Verified,small_business,16.18,1,21,0,55473,27.4,58,360,Dec-2013,636.4,364,Apr-2004,Fully Paid,22910.3,0.0,Dec-2017
6236, 36 months,16.56,A,< 1 year,MORTGAGE,92838.0,Verified,small_business,29.35,0,8,0,12002,24.9,45,390,Mar-2015,199.21,394,Jan-2009,Fully Paid,7171.4,0.0,Dec-2017
30074, 36 months,7.59,C,1 year,OWN,26160.0,Not Verified,car,23.17,0,15,0,44740,88.7,54,375,Dec-2017,960.7,379,Oct-2015,Fully Paid,34585.1,0.0,Dec-2017
9861, 36 months,7.04,D,< 1 year,MORTGAGE,49816.0,Source Verified,credit_card,22.29,1,4,0,34957,96.3,24,400,Jan-2017,315.0,404,Jan-1992,Fully Paid,11340.15,0.0,Dec-2017
34600, 36 months,11.14,G,10+ years,MORTGAGE,90317.0,Verified,car,25.2,0,27,0,57353,86.4,30,345,Aug-2013,1105.28,349,Dec-2000,Fully Paid,39790.0,0.0,Dec-2017
31546, 36 months,14.34,F,10+ years,RENT,38700.0,Verified,car,8.33,1,5,0,43304,10.0,16,340,Mar-2014,1007.72,344,Nov-2005,Fully Paid,36277.899999999994,0.0,Dec-2017
16350, 36 months,7.81,F,10+ years,MORTGAGE,123149.0,Source Verified,car,30.38,0,21,0,48222,70.3,7,395,Dec-2016,522.29,399,Jul-2008,Fully Paid,18802.5,0.0,Dec-2017
31251, 36 months,8.71,D,10+ years,OWN,46803.0,Verified,credit_card,11.97,0,18,0,46916,90.8,49,330,Dec-2014,998.3,334,May-2002,Fully Paid,35938.649999999994,0.0,Dec-2017
33647, 60 months,8.12,F,< 1 year,RENT,66793.0,Verified,debt_consolidation,22.75,0,7,0,15098,22.1,57,370,Jan-2013,644.9,374,May-2004,Fully Paid,38694.049999999996,0.0,Dec-2017
5421, 36 months,19.74,C,,OWN,31925.0,Verified,car,29.23,1,4,0,17039,18.2,22,340,Aug-2017,173.17,344,May-2001,Current,6234.15,0.0,Dec-2017
32681, 36 months,22.49,D,,MORTGAGE,71200.0,Source Verified,car,8.67,0,24,0,46574,26.4,17,410,Jul-2015,1043.98,414,Sep-2012,Fully Paid,37583.149999999994,0.0,Dec-2017
23633, 36 months,27.11,A,5 years,OWN,32645.0,Verified,small_business,13.71,1,26,0,8275,61.0,45,400,Aug-2016,754.94,404,Apr-2011,Fully Paid,27177.949999999997,0.0,Dec-2017
5626, 36 months,12.08,D,1 year,OWN,43325.0,Verified,credit_card,10.07,0,15,0,59825,2.7,43,415,Sep-2017,179.72,419,Dec-2007,Fully Paid,6469.9,0.0,Dec-2017
25759, 36 months,27.82,G,< 1 year,MORTGAGE,70735.0,Source Verified,car,17.06,0,3,0,9755,46.4,19,380,Aug-2015,822.86,384,Sep-1999,Fully Paid,29622.85,0.0,Dec-2017
27084, 60 months,9.34,B,1 year,RENT,194422.0,Not Verified,small_business,36.96,0,8,0,4102,5.6,9,395,Apr-2016,519.11,399,May-1988,Fully Paid,31146.6,0.0,Dec-2017
17958, 36 months,20.86,D,1 year,OWN,32661.0,Verified,credit_card,10.34,1,12,0,48319,80.4,39,365,Feb-2017,573.66,369,Dec-1987,Fully Paid,20651.699999999997,0.0,Dec-2017
33127, 36 months,10.74,G,10+ years,OWN,44753.0,Source Verified,car,31.28,0,11,0,3861,46.0,29,370,Nov-2017,1058.22,374,Oct-2015,Fully Paid,38096.049999999996,0.0,Dec-2017
12318, 36 months,22.22,C,,MORTGAGE,56868.0,Verified,credit_card,9.51,0,19,0,15908,62.9,59,385,Mar-2015,393.49,389,Nov-1991,Fully Paid,14165.699999999999,0.0,Dec-2017
33644, 60 months,15.44,E,5 years,MORTGAGE,23870.0,Source Verified,debt_consolidation,20.39,0,19,0,55794,93.6,44,370,Jun-2015,644.84,374,Sep-1997,Fully Paid,38690.6,0.0,Dec-2017
6646, 36 months,14.07,B,1 year,OWN,100488.0,Not Verified,small_business,24.64,1,11,0,37555,14.8,21,355,Jan-2016,212.3,359,May-1998,Fully Paid,7642.9,0.0,Dec-2017
17308, 36 months,26.6,E,10+ years,RENT,86244.0,Verified,car,0.22,0,7,0,19716,17.0,9,360,Nov-2017,552.89,364,Jul-2015,Fully Paid,19904.199999999997,0.0,Dec-2017
35321, 36 months,12.81,C,,OWN,16329.0,Not Verified,debt_consolidation,15.06,0,26,0,54341,66.2,34,350,Sep-2014,1128.31,354,Sep-1992,Fully Paid,40619.149999999994,0.0,Dec-2017
9405, 36 months,24.02,B,,RENT,78506.0,Not Verified,credit_card,21.31,0,8,0,54087,82.9,32,400,Jan-2017,300.44,404,May-2008,In Grace Period,10815.75,0.0,Dec-2017
35974, 36 months,27.92,G,10+ years,OWN,20449.0,Not Verified,car,22.36,0,20,0,34357,41.1,30,400,Aug-2013,1149.17,404,Mar-1987,Fully Paid,41370.1,0.0,Dec-2017
7660, 36 months,6.44,F,5 years,OWN,73885.0,Source Verified,car,23.84,0,6,0,48339,81.6,59,390,Aug-2016,244.69,394,Mar-1989,Fully Paid,8809.0,0.0,Dec-2017
2391, 60 months,26.64,G,5 years,OWN,108170.0,Not Verified,credit_card,8.04,1,14,0,37763,68.3,6,410,Sep-2012,45.83,414,May-2010,Fully Paid,2749.6499999999996,0.0,Dec-2017
34250, 60 months,8.56,E,10+ years,MORTGAGE,28708.0,Verified,small_business,18.99,0,18,0,36217,47.5,11,410,Apr-2017,656.46,414,Jan-2013,Current,39387.5,0.0,Dec-2017
37451, 36 months,23.83,E,1 year,RENT,50196.0,Verified,small_business,8.08,0,13,0,27010,70.9,27,380,Jan-2014,1196.35,384,Aug-1987,Fully Paid,43068.649999999994,0.0,Dec-2017
14007, 36 months,9.0,A,10+ years,RENT,38263.0,Source Verified,car,36.61,1,14,0,14919,29.3,45,375,Oct-2015,447.45,379,Oct-2003,Fully Paid,16108.05,0.0,Dec-2017
39131, 36 months,16.04,E,,OWN,16400.0,Verified,debt_consolidation,22.13,0,18,0,47438,87.7,42,370,Nov-2012,1250.02,374,Jul-1994,Fully Paid,45000.649999999994,0.0,Dec-2017
32426, 60 months,20.36,F,10+ years,MORTGAGE,22023.0,Verified,debt_consolidation,23.07,0,29,0,17321,41.3,39,410,Feb-2014,621.5,414,Jul-2002,Charged Off,12970.400000000001,1621.3000000000002,Dec-2017
20039, 36 months,26.31,E,,OWN,68246.0,Source Verified,debt_consolidation,9.85,0,20,0,11487,34.7,6,370,Jul-2012,640.13,374,Feb-1999,Fully Paid,23044.85,0.0,Dec-2017
24721, 36 months,16.85,C,5 years,MORTGAGE,33616.0,Source Verified,debt_consolidation,12.29,0,24,0,5931,6.0,34,395,Mar-2015,789.7,399,Mar-1994,Fully Paid,28429.149999999998,0.0,Dec-2017
16268, 60 months,13.05,A,1 year,RENT,79732.0,Verified,credit_card,9.47,1,22,0,28920,94.5,16,340,Dec-2017,311.8,344,May-1992,Late (31-120 days),18708.199999999997,0.0,Dec-2017
9474, 36 months,21.19,B,< 1 year,MORTGAGE,105765.0,Verified,debt_consolidation,0.0,0,3,0,7372,6.3,54,375,May-2013,302.64,379,Mar-1999,Fully Paid,10895.099999999999,0.0,Dec-2017
36559, 36 months,17.62,A,< 1 year,RENT,37300.0,Verified,debt_consolidation,15.41,0,3,0,5449,45.6,42,370,Aug-2013,1167.86,374,Jun-1999,Fully Paid,42042.85,0.0,Dec-2017
17368, 60 months,15.78,D,,RENT,57913.0,Not Verified,small_business,16.99,2,3,0,49181,95.5,54,400,Aug-2016,332.89,404,Dec-2011,Late (31-120 days),19973.199999999997,0.0,Dec-2017
10808, 36 months,25.52,E,10+ years,RENT,162614.0,Source Verified,debt_consolidation,37.87,0,17,0,28708,99.8,24,365,Feb-2013,345.26,369,May-1997,Fully Paid,12429.199999999999,0.0,Dec-2017
32463, 36 months,14.3,A,10+ years,OWN,44630.0,Not Verified,small_business,19.88,0,20,0,36427,83.8,10,390,Jan-2013,1037.01,394,Dec-2009,Fully Paid,37332.45,0.0,Dec-2017
30959, 60 months,7.5,C,5 years,RENT,55242.0,Not Verified,small_business,20.69,0,26,0,51231,70.0,11,360,Apr-2013,593.38,364,Jun-1995,Fully Paid,35602.85,0.0,Dec-2017
34934, 36 months,26.23,F,< 1 year,RENT,83614.0,Not Verified,car,19.45,0,16,0,49878,11.2,20,340,Jun-2015,1115.95,344,Dec-2011,Fully Paid,40174.1,0.0,Dec-2017
24746, 36 months,16.93,B,< 1 year,RENT,57963.0,Source Verified,car,32.91,0,23,0,13796,10.3,6,365,Jan-2015,790.5,369,Jul-2009,Fully Paid,28457.899999999998,0.0,Dec-2017
14757, 36 months,8.06,E,5 years,MORTGAGE,273711.0,Source Verified,small_business,13.72,0,18,0,52627,49.5,22,330,Mar-2015,471.4,334,Aug-1986,Fully Paid,16970.55,0.0,Dec-2017
21168, 60 months,7.31,E,< 1 year,MORTGAGE,54488.0,Not Verified,debt_consolidation,13.13,1,25,0,8257,7.8,14,400,Feb-2012,405.72,404,Aug-1989,Fully Paid,24343.199999999997,0.0,Dec-2017
31438, 36 months,16.52,C,5 years,OWN,122119.0,Source Verified,debt_consolidation,5.9,0,10,1,58218,8.7,4,415,Jan-2016,1004.27,419,Sep-1998,Fully Paid,36153.7,0.0,Dec-2017
27626, 60 months,8.88,D,< 1 year,RENT,23747.0,Not Verified,small_business,23.64,0,28,0,37041,9.0,54,365,Nov-2013,529.5,369,Feb-1984,Fully Paid,31769.899999999998,0.0,Dec-2017
3232, 60 months,11.89,F,10+ years,MORTGAGE,39922.0,Verified,debt_consolidation,19.85,0,9,0,41192,64.8,25,355,Jul-2016,61.95,359,Aug-1991,Fully Paid,3716.7999999999997,0.0,Dec-2017
34272, 36 months,20.87,D,10+ years,OWN,58229.0,Verified,small_business,6.64,0,13,1,31628,96.5,40,355,Dec-2016,1094.8,359,Feb-2005,Late (31-120 days),39412.799999999996,0.0,Dec-2017
21621, 36 months,12.78,A,1 year,MORTGAGE,109411.0,Verified,debt_consolidation,15.86,0,23,0,23929,29.7,20,415,Aug-2012,690.67,419,Jan-2006,Fully Paid,24864.149999999998,0.0,Dec-2017
37003, 36 months,18.97,G,,OWN,50802.0,Verified,debt_consolidation,2.64,1,6,0,53546,72.8,43,335,Oct-2013,1182.04,339,Jun-1987,Fully Paid,42553.45,0.0,Dec-2017
6397, 36 months,21.34,E,,OWN,76457.0,Source Verified,debt_consolidation,21.63,0,25,0,49050,80.9,26,365,Sep-2015,204.35,369,Oct-1987,Fully Paid,7356.549999999999,0.0,Dec-2017
32686, 60 months,14.4,D,< 1 year,OWN,66319.0,Not Verified,debt_consolidation,21.47,0,13,0,14221,97.2,39,420,Jan-2013,626.48,424,Nov-1994,Fully Paid,37588.899999999994,0.0,Dec-2017
38535, 36 months,14.8,F,10+ years,MORTGAGE,65113.0,Not Verified,debt_consolidation,13.38,0,22,0,3135,86.0,37,360,Jun-2014,1230.98,364,Sep-2010,Fully Paid,44315.25,0.0,Dec-2017
30899, 60 months,7.23,B,10+ years,OWN,37578.0,Verified,credit_card,17.64,0,12,0,29462,54.1,49,330,Feb-2014,592.23,334,Jun-2000,Fully Paid,35533.85,0.0,Dec-2017
28236, 36 months,12.67,C,1 year,MORTGAGE,98588.0,Verified,car,25.77,0,8,0,38655,18.3,49,370,Sep-2015,901.98,374,Feb-1997,Fully Paid,32471.399999999998,0.0,Dec-2017
26423, 36 months,25.84,F,5 years,MORTGAGE,209451.0,Verified,car,10.85,0,11,0,20964,43.5,12,330,Jun-2016,844.07,334,Jul-1996,Fully Paid,30386.449999999997,0.0,Dec-2017
14825, 36 months,27.69,C,1 year,RENT,40864.0,Source Verified,credit_card,15.08,0,9,0,35680,35.6,35,400,Feb-2016,473.58,404,Jun-1987,Fully Paid,17048.75,0.0,Dec-2017
27303, 60 months,20.26,D,,RENT,64402.0,Source Verified,car,14.75,0,16,0,28861,57.9,6,405,Nov-2013,523.31,409,Jun-1994,Fully Paid,31398.449999999997,0.0,Dec-2017
38494, 36 months,23.74,D,1 year,OWN,15912.0,Source Verified,credit_card,23.17,0,2,0,7333,70.1,44,405,Jul-2015,1229.67,409,Feb-1995,Charged Off,15397.6,1924.7,Dec-2017
26947, 60 months,14.01,F,5 years,OWN,35352.0,Verified,small_business,12.47,0,10,0,21827,90.6,35,375,Oct-2016,516.48,379,Feb-1998,Late (31-120 days),30989.05,0.0,Dec-2017
4907, 60 months,9.58,B,5 years,MORTGAGE,107129.0,Source Verified,small_business,24.98,0,16,0,34578,34.3,37,415,May-2016,94.05,419,Jan-2008,Fully Paid,5643.049999999999,0.0,Dec-2017
16270, 36 months,15.21,A,1 year,OWN,45135.0,Source Verified,credit_card,22.32,0,18,0,4561,43.1,58,400,Sep-2016,519.74,404,Nov-1987,In Grace Period,18710.5,0.0,Dec-2017
18517, 36 months,7.04,F,1 year,OWN,33655.0,Source Verified,small_business,28.63,1,10,0,5458,91.2,24,370,Feb-2015,591.52,374,Sep-2000,Fully Paid,21294.55,0.0,Dec-2017
33402, 36 months,16.47,C,10+ years,OWN,118609.0,Not Verified,credit_card,22.53,0,19,0,30173,5.5,13,410,Jun-2015,1067.01,414,Jul-2006,Fully Paid,38412.299999999996,0.0,Dec-2017
13034, 36 months,16.3,D,1 year,MORTGAGE,52411.0,Source Verified,small_business,13.52,0,15,0,34347,13.1,29,390,Oct-2014,416.36,394,Nov-2008,Fully Paid,14989.099999999999,0.0,Dec-2017
14683, 60 months,8.33,D,1 year,OWN,47093.0,Not Verified,debt_consolidation,21.78,0,4,0,37309,74.6,47,415,Sep-2015,281.42,419,Dec-1987,Fully Paid,16885.449999999997,0.0,Dec-2017
39704, 36 months,15.26,E,1 year,MORTGAGE,95013.0,Not Verified,small_business,14.93,0,12,0,39204,76.4,27,330,Sep-2013,1268.32,334,Feb-1999,Fully Paid,45659.6,0.0,Dec-2017
13523, 36 months,8.25,G,,OWN,85506.0,Verified,car,10.82,0,10,0,47238,51.1,10,350,Oct-2014,431.98,354,Jan-1999,Fully Paid,15551.449999999999,0.0,Dec-2017
4450, 36 months,20.62,G,10+ years,OWN,26678.0,Source Verified,credit_card,23.13,1,9,0,55946,64.4,6,335,May-2013,142.15,339,Sep-1991,Fully Paid,5117.5,0.0,Dec-2017
11558, 60 months,11.57,A,1 year,OWN,88395.0,Source Verified,small_business,15.64,0,18,0,9486,38.7,48,350,Jan-2015,221.53,354,Feb-2012,Fully Paid,13291.699999999999,0.0,Dec-2017
21576, 36 months,27.28,C,< 1 year,RENT,13469.0,Verified,car,29.51,1,4,0,48150,75.9,36,395,Mar-2016,689.23,399,Mar-1990,Fully Paid,24812.399999999998,0.0,Dec-2017
38787, 60 months,8.74,E,,OWN,125516.0,Not Verified,small_business,5.91,0,9,0,22042,59.0,39,345,Sep-2016,743.42,349,Apr-1996,Late (31-120 days),44605.049999999996,0.0,Dec-2017
9690, 36 months,19.0,F,1 year,RENT,24159.0,Not Verified,car,12.92,1,16,0,17235,26.0,7,415,Mar-2016,309.54,419,Nov-1992,Fully Paid,11143.5,0.0,Dec-2017
11901, 36 months,8.38,D,5 years,RENT,101450.0,Verified,small_business,24.84,0,12,0,56476,43.9,15,405,Jan-2013,380.17,409,May-1996,Fully Paid,13686.15,0.0,Dec-2017
28123, 36 months,14.61,C,5 years,MORTGAGE,63774.0,Not Verified,debt_consolidation,16.7,1,12,0,25044,77.1,50,415,Mar-2013,898.37,419,May-2007,Fully Paid,32341.449999999997,0.0,Dec-2017
29573, 60 months,21.2,B,,RENT,86140.0,Source Verified,credit_card,15.95,0,10,0,52614,99.4,58,365,Mar-2014,566.82,369,Apr-1985,Fully Paid,34008.95,0.0,Dec-2017
19355, 36 months,17.72,D,< 1 year,MORTGAGE,109539.0,Verified,car,10.98,0,28,0,28811,3.9,14,385,Oct-2017,618.28,389,Apr-1992,In Grace Period,22258.25,0.0,Dec-2017
9189, 36 months,15.2,D,5 years,RENT,98303.0,Verified,credit_card,29.17,0,13,1,310,3.1,52,360,Mar-2012,293.54,364,Oct-2001,Fully Paid,10567.349999999999,0.0,Dec-2017
34264, 36 months,25.4,G,1 year,RENT,37590.0,Verified,debt_consolidation,22.24,0,9,0,45628,33.2,5,405,Jan-2016,1094.54,409,Dec-1994,Fully Paid,39403.6,0.0,Dec-2017
24989, 36 months,14.27,A,10+ years,RENT,31205.0,Not Verified,small_business,12.88,0,24,0,36277,85.9,49,390,Oct-2013,798.26,394,Apr-1994,Fully Paid,28737.35,0.0,Dec-2017
28928, 60 months,25.95,E,1 year,OWN,59041.0,Verified,car,18.09,0,2,0,34206,35.5,54,385,Mar-2015,554.45,389,Jan-1992,Fully Paid,33267.2,0.0,Dec-2017
36852, 36 months,17.51,F,,MORTGAGE,204268.0,Source Verified,small_business,19.25,2,28,0,19687,13.2,34,350,Jul-2012,1177.22,354,Jun-1991,Fully Paid,42379.799999999996,0.0,Dec-2017
30690, 36 months,10.72,E,10+ years,MORTGAGE,34787.0,Verified,car,7.66,1,16,0,1166,58.5,56,390,Jan-2017,980.37,394,Apr-2012,Fully Paid,35293.5,0.0,Dec-2017
11291, 36 months,15.4,A,10+ years,OWN,61394.0,Not Verified,debt_consolidation,23.46,1,15,0,33766,90.1,41,375,Mar-2017,360.68,379,Feb-1997,Late (31-120 days),12984.65,0.0,Dec-2017
13273, 36 months,12.12,B,10+ years,RENT,85785.0,Verified,small_business,17.44,0,24,0,19002,15.2,40,340,Dec-2014,424.0,344,Jul-1989,Fully Paid,15263.949999999999,0.0,Dec-2017
6791, 60 months,17.37,E,10+ years,RENT,110203.0,Verified,debt_consolidation,20.73,0,4,0,54135,65.1,48,420,Sep-2016,130.16,424,Jun-2011,Current,7809.65,0.0,Dec-2017
7096, 36 months,7.32,G,10+ years,RENT,18364.0,Not Verified,car,0.0,0,10,0,44552,73.8,24,365,Nov-2014,226.68,369,May-2002,Fully Paid,8160.4,0.0,Dec-2017
12682, 36 months,16.87,D,5 years,RENT,127322.0,Not Verified,credit_card,29.28,0,7,0,36979,62.9,19,390,May-2016,405.12,394,Jul-2005,Fully Paid,14584.3,0.0,Dec-2017
16066, 36 months,17.22,G,,MORTGAGE,29985.0,Verified,small_business,3.26,0,20,1,26610,31.1,13,355,Jul-2013,513.22,359,Mar-1996,Fully Paid,18475.899999999998,0.0,Dec-2017
26306, 36 months,22.56,F,,MORTGAGE,72408.0,Verified,debt_consolidation,18.72,0,18,0,50780,36.7,43,385,Nov-2013,840.33,389,Dec-1999,Fully Paid,30251.899999999998,0.0,Dec-2017
2460, 60 months,7.72,E,,RENT,23698.0,Not Verified,small_business,23.72,0,6,0,49841,99.3,47,330,Dec-2012,47.15,334,Jul-2009,Fully Paid,2829.0,0.0,Dec-2017
10135, 60 months,21.17,E,5 years,RENT,25727.0,Source Verified,debt_consolidation,22.77,1,3,0,26771,12.9,54,420,Sep-2014,194.25,424,Jan-2011,Fully Paid,11655.25,0.0,Dec-2017
10495, 36 months,10.47,G,,RENT,84962.0,Verified,debt_consolidation,5.5,1,25,0,59246,97.8,8,400,Apr-2016,335.26,404,Oct-1988,Fully Paid,12069.249999999998,0.0,Dec-2017
15870, 36 months,14.41,G,,MORTGAGE,24492.0,Source Verified,credit_card,26.77,0,22,0,42517,67.6,40,380,Sep-2016,506.96,384,Jul-2004,Fully Paid,18250.5,0.0,Dec-2017
24957, 36 months,17.12,F,1 year,OWN,78136.0,Not Verified,car,19.01,0,10,0,41521,48.5,5,340,Jan-2017,797.24,344,Jun-2009,Late (31-120 days),28700.55,0.0,Dec-2017
10412, 36 months,19.23,D,10+ years,RENT,54759.0,Not Verified,credit_card,35.53,0,7,0,15623,0.6,28,345,Feb-2013,332.61,349,Jul-2006,Fully Paid,11973.8,0.0,Dec-2017
8870, 60 months,18.35,D,5 years,RENT,92207.0,Not Verified,debt_consolidation,11.06,0,21,0,38303,28.0,42,395,Jan-2016,170.01,399,Feb-2004,Fully Paid,10200.5,0.0,Dec-2017
22390, 36 months,27.77,E,10+ years,MORTGAGE,125475.0,Verified,debt_consolidation,20.04,0,23,0,56119,24.8,13,405,Aug-2013,715.24,409,Apr-2009,Fully Paid,25748.499999999996,0.0,Dec-2017
2507, 36 months,8.73,E,1 year,OWN,51422.0,Not Verified,credit_card,13.38,1,28,0,21867,81.9,26,365,Mar-2014,80.08,369,Nov-1987,Fully Paid,2883.0499999999997,0.0,Dec-2017
38428, 36 months,11.26,B,10+ years,OWN,98688.0,Not Verified,debt_consolidation,18.43,0,19,1,55862,19.3,20,335,Mar-2014,1227.56,339,Apr-1994,Fully Paid,44192.2,0.0,Dec-2017
22971, 60 months,26.16,A,,MORTGAGE,14578.0,Source Verified,debt_consolidation,17.72,0,10,0,51464,64.4,13,375,Jun-2015,440.28,379,Jan-2001,Fully Paid,26416.649999999998,0.0,Dec-2017
27709, 36 months,16.8,D,,OWN,40201.0,Not Verified,debt_consolidation,24.15,0,25,0,49639,62.0,21,410,Jul-2015,885.15,414,Jan-2009,Fully Paid,31865.35,0.0,Dec-2017
31439, 36 months,18.47,D,< 1 year,MORTGAGE,98017.0,Source Verified,credit_card,7.56,0,23,0,7492,17.3,22,365,May-2015,1004.3,369,Aug-1988,Fully Paid,36154.85,0.0,Dec-2017
3893, 36 months,9.04,B,1 year,MORTGAGE,97676.0,Not Verified,car,19.73,0,17,0,29391,87.7,25,380,May-2012,124.36,384,Mar-1992,Fully Paid,4476.95,0.0,Dec-2017
8376, 36 months,27.63,G,,OWN,73487.0,Not Verified,debt_consolidation,28.88,0,10,0,56398,9.3,45,385,Aug-2017,267.57,389,Sep-2007,Current,9632.4,0.0,Dec-2017
1382, 36 months,21.1,G,,OWN,54165.0,Not Verified,debt_consolidation,9.81,0,9,0,28403,63.7,33,380,Feb-2017,44.15,384,Feb-2012,Late (31-120 days),552.8000000000001,69.10000000000001,Dec-2017
37002, 60 months,21.05,A,5 years,MORTGAGE,117341.0,Not Verified,debt_consolidation,17.68,0,5,0,28416,59.2,45,360,Apr-2014,709.2,364,Apr-1990,Fully Paid,42552.299999999996,0.0,Dec-2017
4081, 36 months,20.98,A,5 years,RENT,63770.0,Source Verified,small_business,21.39,0,10,0,8947,42.7,36,385,Jun-2015,130.37,389,Jul-1990,Fully Paid,4693.15,0.0,Dec-2017
14327, 36 months,8.72,D,5 years,MORTGAGE,68772.0,Not Verified,credit_card,7.92,1,18,0,17008,31.7,27,410,Dec-2012,457.67,414,Mar-1984,Fully Paid,16476.05,0.0,Dec-2017
6416, 36 months,21.12,F,,RENT,71884.0,Source Verified,small_business,32.85,0,28,0,36211,96.6,36,370,Oct-2015,204.96,374,Dec-2003,Fully Paid,7378.4,0.0,Dec-2017
21684, 36 months,9.88,C,5 years,MORTGAGE,69538.0,Source Verified,small_business,11.61,0,4,0,11087,80.0,13,350,Apr-2017,692.68,354,Aug-2010,Fully Paid,24936.6,0.0,Dec-2017
9118, 60 months,19.4,B,< 1 year,MORTGAGE,73212.0,Not Verified,credit_card,26.97,0,8,1,15013,40.1,23,395,Jul-2017,174.76,399,Aug-2006,Fully Paid,10485.699999999999,0.0,Dec-2017
25686, 36 months,13.35,B,1 year,RENT,23493.0,Verified,debt_consolidation,24.99,0,18,0,50836,58.4,38,395,May-2017,820.52,399,Mar-1998,Late (31-120 days),29538.899999999998,0.0,Dec-2017
21802, 36 months,9.02,A,5 years,MORTGAGE,92206.0,Not Verified,small_business,10.48,1,9,0,26240,65.4,46,350,Apr-2012,696.45,354,Jun-2001,Fully Paid,25072.3,0.0,Dec-2017
22388, 36 months,7.06,G,10+ years,MORTGAGE,63836.0,Not Verified,small_business,25.0,1,3,0,22531,54.9,16,380,Apr-2012,715.17,384,Jul-2005,Fully Paid,25746.199999999997,0.0,Dec-2017
29345, 36 months,23.37,C,1 year,OWN,19192.0,Verified,debt_consolidation,19.71,0,9,0,49051,81.3,47,410,Jun-2016,937.41,414,Sep-2002,Fully Paid,33746.75,0.0,Dec-2017
23720, 36 months,6.27,F,,RENT,46082.0,Verified,car,30.65,0,6,1,57744,23.2,42,330,Mar-2013,757.72,334,Oct-1997,Fully Paid,27277.999999999996,0.0,Dec-2017
31807, 60 months,12.56,C,< 1 year,RENT,103571.0,Not Verified,small_business,13.19,0,17,0,2507,4.2,38,385,Feb-2013,609.63,389,Jan-1995,Fully Paid,36578.049999999996,0.0,Dec-2017
5034, 36 months,11.72,A,10+ years,OWN,170790.0,Verified,credit_card,16.22,0,18,0,1654,10.7,31,340,Oct-2015,160.81,344,Apr-2004,Fully Paid,5789.099999999999,0.0,Dec-2017
13678, 36 months,12.0,C,10+ years,OWN,62646.0,Not Verified,credit_card,22.79,0,19,0,6243,51.0,4,385,May-2012,436.94,389,Aug-1995,Fully Paid,15729.699999999999,0.0,Dec-2017
20510, 60 months,10.68,D,5 years,OWN,25902.0,Not Verified,car,24.51,0,23,0,36171,76.2,26,400,Sep-2016,393.11,404,Sep-1993,Fully Paid,23586.499999999996,0.0,Dec-2017
24108, 60 months,18.72,F,1 year,MORTGAGE,108328.0,Verified,car,4.76,0,25,0,4315,51.7,33,350,Jan-2013,462.07,354,Dec-1999,Fully Paid,27724.199999999997,0.0,Dec-2017
30243, 60 months,16.22,B,,OWN,128881.0,Source Verified,debt_consolidation,12.63,0,3,0,11775,72.9,8,415,Aug-2015,579.66,419,Nov-1999,Fully Paid,34779.45,0.0,Dec-2017
6662, 60 months,7.22,A,5 years,RENT,62673.0,Not Verified,car,23.28,0,20,0,37547,20.6,21,355,Oct-2015,127.69,359,Sep-2002,Fully Paid,7661.299999999999,0.0,Dec-2017
6517, 60 months,18.58,D,< 1 year,MORTGAGE,46507.0,Source Verified,credit_card,14.54,0,28,0,6978,71.7,47,415,Feb-2013,124.91,419,Apr-2006,Fully Paid,7494.549999999999,0.0,Dec-2017
26021, 36 months,12.21,F,5 years,MORTGAGE,52841.0,Verified,small_business,16.71,0,24,0,15681,26.3,21,355,May-2014,831.23,359,Feb-1990,Fully Paid,29924.149999999998,0.0,Dec-2017
37220, 36 months,12.3,D,,OWN,76965.0,Verified,debt_consolidation,33.88,0,21,0,47467,78.6,19,415,Sep-2012,1188.97,419,May-1986,Fully Paid,42803.0,0.0,Dec-2017
6314, 60 months,10.71,B,1 year,RENT,81473.0,Not Verified,car,5.34,0,17,0,8216,17.1,57,370,Nov-2017,121.02,374,Mar-2006,In Grace Period,7261.099999999999,0.0,Dec-2017
3474, 36 months,20.17,G,10+ years,MORTGAGE,41925.0,Verified,car,2.79,1,13,0,19158,17.7,6,410,Jan-2015,110.98,414,Jul-2010,Fully Paid,3995.1,0.0,Dec-2017
30017, 36 months,27.38,G,10+ years,MORTGAGE,32193.0,Verified,small_business,24.75,0,24,0,32149,3.6,51,365,Nov-2012,958.88,369,Apr-1984,Fully Paid,34519.549999999996,0.0,Dec-2017
31419, 60 months,15.13,F,10+ years,RENT,97626.0,Source Verified,small_business,9.46,0,8,0,53102,56.8,7,400,Nov-2016,602.2,404,Jan-2014,Late (31-120 days),36131.85,0.0,Dec-2017
17385, 36 months,20.43,G,< 1 year,MORTGAGE,90507.0,Source Verified,car,12.26,1,8,1,12060,37.4,56,395,Jun-2016,555.35,399,Jul-2001,Fully Paid,19992.75,0.0,Dec-2017
16091, 36 months,10.75,E,10+ years,RENT,76383.0,Source Verified,car,27.14,0,4,0,21872,27.8,22,330,Apr-2013,514.02,334,Dec-2006,Fully Paid,18504.649999999998,0.0,Dec-2017
38455, 36 months,10.16,A,,MORTGAGE,38466.0,Verified,debt_consolidation,16.1,0,12,0,1623,75.5,28,405,Jan-2014,1228.42,409,Oct-2005,Fully Paid,44223.25,0.0,Dec-2017
12452, 36 months,23.57,D,5 years,OWN,156420.0,Not Verified,debt_consolidation,3.59,0,10,1,9855,43.4,30,380,Jun-2012,397.77,384,Nov-2007,Fully Paid,14319.8,0.0,Dec-2017
3241, 36 months,24.79,B,< 1 year,MORTGAGE,75105.0,Not Verified,car,33.85,0,9,0,7526,60.4,55,340,May-2015,103.53,344,Mar-1988,Fully Paid,3727.1499999999996,0.0,Dec-2017
34131, 36 months,19.96,A,1 year,MORTGAGE,64399.0,Not Verified,small_business,16.22,1,10,0,22489,61.2,50,390,Apr-2015,1090.3,394,Jan-1999,Fully Paid,39250.649999999994,0.0,Dec-2017
26798, 36 months,11.12,B,< 1 year,RENT,39628.0,Verified,small_business,7.76,0,6,0,24850,55.0,33,410,Apr-2012,856.05,414,Apr-1998,Fully Paid,30817.699999999997,0.0,Dec-2017
33015, 36 months,9.42,C,5 years,MORTGAGE,100572.0,Not Verified,small_business,22.84,1,14,0,3579,43.7,5,345,Feb-2013,1054.65,349,Mar-2005,Fully Paid,37967.25,0.0,Dec-2017
1452, 36 months,17.66,B,10+ years,OWN,46821.0,Verified,debt_consolidation,32.7,1,27,0,51965,89.5,49,375,Sep-2014,46.38,379,Apr-2005,Fully Paid,1669.8,0.0,Dec-2017
24673, 60 months,20.71,B,10+ years,MORTGAGE,35370.0,Not Verified,car,18.55,0,5,0,59191,81.6,56,385,May-2012,472.9,389,Jul-1997,Fully Paid,28373.949999999997,0.0,Dec-2017
36877, 36 months,15.91,F,5 years,RENT,176995.0,Not Verified,credit_card,19.9,0,15,0,3086,35.0,54,330,Jun-2016,1178.02,334,Feb-1987,Current,42408.549999999996,0.0,Dec-2017
15867, 36 months,10.95,D,10+ years,RENT,13068.0,Not Verified,debt_consolidation,14.93,0,29,0,13329,8.6,56,355,Aug-2016,506.86,359,Mar-2001,Fully Paid,18247.05,0.0,Dec-2017
26502, 36 months,26.2,C,1 year,MORTGAGE,56796.0,Source Verified,car,15.98,0,16,0,46996,91.8,46,330,Apr-2016,846.59,334,May-1987,Fully Paid,30477.3,0.0,Dec-2017
31794, 36 months,14.17,A,,OWN,71454.0,Not Verified,credit_card,23.73,1,23,0,59491,81.1,11,375,Dec-2016,1015.64,379,Jul-2009,In Grace Period,36563.1,0.0,Dec-2017
30957, 36 months,21.98,B,1 year,RENT,100018.0,Source Verified,debt_consolidation,4.37,1,15,0,7197,94.7,32,390,Oct-2016,988.9,394,Jun-2002,Fully Paid,35600.549999999996,0.0,Dec-2017
6876, 36 months,6.11,E,,MORTGAGE,148649.0,Verified,debt_consolidation,18.86,0,13,0,3679,13.8,25,415,May-2014,219.65,419,Feb-1985,Fully Paid,7907.4,0.0,Dec-2017
35534, 60 months,14.54,E,< 1 year,MORTGAGE,72481.0,Verified,credit_card,12.65,1,8,0,31780,58.6,56,330,Sep-2014,681.07,334,Jun-2002,Charged Off,14213.6,1776.7,Dec-2017
16599, 60 months,24.37,D,5 years,OWN,86573.0,Not Verified,debt_consolidation,14.56,0,20,0,2998,75.7,32,360,Oct-2013,318.15,364,Mar-2009,Fully Paid,19088.85,0.0,Dec-2017
20749, 60 months,23.56,B,< 1 year,RENT,73337.0,Source Verified,credit_card,23.24,0,26,0,57972,38.3,14,335,Jan-2013,397.69,339,Aug-1987,Fully Paid,23861.35,0.0,Dec-2017
17429, 60 months,21.06,E,< 1 year,RENT,75856.0,Not Verified,car,30.49,0,12,0,32675,49.5,30,340,Aug-2013,334.06,344,Oct-1987,Fully Paid,20043.35,0.0,Dec-2017
30760, 60 months,26.62,A,,OWN,140679.0,Not Verified,credit_card,8.55,0,19,0,4691,35.6,47,415,May-2016,589.57,419,Jan-1997,Fully Paid,35374.0,0.0,Dec-2017
7201, 60 months,27.25,C,< 1 year,OWN,49137.0,Verified,debt_consolidation,7.27,0,27,0,44145,60.7,21,330,Mar-2014,138.02,334,Apr-1993,Fully Paid,8281.15,0.0,Dec-2017
15219, 36 months,7.7,G,10+ years,OWN,52289.0,Verified,credit_card,21.34,0,16,0,39732,65.3,35,360,Dec-2017,486.16,364,Apr-1990,Current,17501.85,0.0,Dec-2017
16726, 36 months,18.4,E,,RENT,52279.0,Not Verified,small_business,14.21,1,22,0,59905,51.5,22,420,Jun-2015,534.3,424,Apr-2007,Fully Paid,19234.899999999998,0.0,Dec-2017
39500, 60 months,22.93,E,,OWN,69946.0,Verified,small_business,15.97,1,9,0,14117,90.8,41,355,Dec-2015,757.08,359,Nov-2003,Fully Paid,45425.0,0.0,Dec-2017
15337, 36 months,6.48,G,5 years,RENT,47104.0,Verified,debt_consolidation,15.06,0,13,0,11678,61.9,28,370,Mar-2015,489.93,374,Dec-1990,Fully Paid,17637.55,0.0,Dec-2017
28720, 36 months,12.09,B,,OWN,40457.0,Not Verified,debt_consolidation,23.43,0,19,0,48955,56.3,17,350,Oct-2016,917.44,354,Jun-2012,Current,33028.0,0.0,Dec-2017
6592, 36 months,13.12,G,< 1 year,RENT,73385.0,Verified,car,34.09,0,19,0,31165,38.1,33,385,Feb-2014,210.58,389,May-2002,Fully Paid,7580.799999999999,0.0,Dec-2017
26283, 36 months,24.07,A,1 year,OWN,45972.0,Not Verified,small_business,24.93,1,17,0,58783,49.1,9,390,Sep-2015,839.6,394,Jul-1999,Fully Paid,30225.449999999997,0.0,Dec-2017
6782, 36 months,11.7,C,1 year,MORTGAGE,51932.0,Source Verified,credit_card,16.93,1,12,0,35548,4.7,18,365,Oct-2015,216.65,369,Sep-1999,Fully Paid,7799.299999999999,0.0,Dec-2017
38958, 36 months,6.01,E,10+ years,OWN,46663.0,Source Verified,small_business,19.35,0,25,0,54386,8.1,7,330,Mar-2017,1244.49,334,Feb-2011,Fully Paid,44801.7,0.0,Dec-2017
38655, 60 months,26.81,G,< 1 year,OWN,144583.0,Source Verified,credit_card,12.95,1,19,0,50691,66.1,58,355,Jan-2016,740.89,359,Oct-1999,Fully Paid,44453.25,0.0,Dec-2017
19951, 60 months,13.18,E,1 year,RENT,35679.0,Verified,small_business,28.17,0,2,0,15376,28.2,46,335,Aug-2015,382.39,339,Mar-1992,Fully Paid,22943.649999999998,0.0,Dec-2017
3681, 36 months,8.08,A,10+ years,RENT,44855.0,Not Verified,credit_card,18.59,1,17,0,49072,27.0,23,395,May-2015,117.59,399,Feb-1996,Charged Off,1472.4,184.05,Dec-2017
11031, 36 months,23.19,A,10+ years,OWN,69329.0,Source Verified,debt_consolidation,26.05,0,19,0,20936,78.8,48,415,Apr-2012,352.38,419,Feb-1996,Fully Paid,12685.65,0.0,Dec-2017
5831, 36 months,18.22,D,5 years,MORTGAGE,48977.0,Verified,car,9.26,0,5,0,14196,87.5,9,410,Apr-2014,186.27,414,Apr-1988,Fully Paid,6705.65,0.0,Dec-2017
34526, 36 months,27.56,G,5 years,MORTGAGE,132894.0,Not Verified,debt_consolidation,12.51,0,6,0,11578,0.7,4,375,Nov-2013,1102.91,379,Oct-1995,Fully Paid,39704.899999999994,0.0,Dec-2017
38704, 36 months,13.7,E,1 year,RENT,50600.0,Not Verified,small_business,13.69,0,18,0,10002,15.1,19,330,Sep-2015,1236.38,334,Nov-2009,Fully Paid,44509.6,0.0,Dec-2017
10784, 60 months,15.05,A,5 years,MORTGAGE,64152.0,Not Verified,debt_consolidation,22.1,0,9,0,30630,72.3,33,400,Nov-2013,206.69,404,Apr-1985,Fully Paid,12401.599999999999,0.0,Dec-2017
38062, 36 months,15.36,D,10+ years,MORTGAGE,26487.0,Not Verified,small_business,4.83,1,10,0,37630,1.2,43,400,Jul-2015,1215.87,404,Aug-2002,Fully Paid,43771.299999999996,0.0,Dec-2017
28883, 36 months,21.21,E,,OWN,48737.0,Verified,car,24.39,1,23,0,54625,27.0,5,375,Dec-2014,922.65,379,Jul-2001,Fully Paid,33215.45,0.0,Dec-2017
14080, 36 months,26.06,F,,OWN,58382.0,Not Verified,small_business,36.43,0,18,0,34558,13.6,47,390,Jan-2014,449.78,394,May-1989,Fully Paid,16191.999999999998,0.0,Dec-2017
25727, 60 months,12.43,E,5 years,RENT,66284.0,Source Verified,car,25.68,1,23,1,51462,27.5,57,390,Jan-2015,493.1,394,Jun-1987,Fully Paid,29586.05,0.0,Dec-2017
5008, 36 months,7.25,F,5 years,RENT,50273.0,Verified,debt_consolidation,28.51,0,14,0,18882,72.0,34,330,Oct-2013,159.98,334,Oct-1985,Fully Paid,5759.2,0.0,Dec-2017
39481, 36 months,16.2,E,10+ years,RENT,180354.0,Source Verified,car,24.09,0,6,0,52071,50.5,35,340,Apr-2013,1261.2,344,Dec-1994,Fully Paid,45403.149999999994,0.0,Dec-2017
24737, 36 months,27.1,E,< 1 year,RENT,102422.0,Not Verified,car,23.89,0,2,0,20709,17.1,41,410,Apr-2015,790.21,414,Oct-1998,Fully Paid,28447.55,0.0,Dec-2017
32496, 60 months,22.14,A,< 1 year,OWN,126526.0,Not Verified,small_business,25.22,0,4,0,52369,38.0,8,415,Dec-2017,622.84,419,Oct-2000,Late (31-120 days),12998.400000000001,1624.8000000000002,Dec-2017
18085, 36 months,16.11,F,1 year,RENT,54917.0,Source Verified,debt_consolidation,15.27,0,8,0,41405,35.8,6,380,Sep-2015,577.72,384,Feb-1988,Fully Paid,20797.75,0.0,Dec-2017
30015, 36 months,16.36,E,10+ years,MORTGAGE,120317.0,Source Verified,debt_consolidation,10.7,2,27,0,58669,53.9,31,345,Sep-2015,958.81,349,Sep-1994,Fully Paid,34517.25,0.0,Dec-2017
38130, 36 months,16.87,E,,MORTGAGE,23347.0,Verified,small_business,16.88,0,9,0,16750,36.7,46,350,Aug-2015,1218.04,354,Nov-1990,Fully Paid,43849.5,0.0,Dec-2017
31014, 36 months,13.91,G,< 1 year,RENT,42656.0,Source Verified,credit_card,9.79,0,28,0,12574,60.3,13,360,Apr-2017,990.72,364,Jun-1990,In Grace Period,35666.1,0.0,Dec-2017
6005, 36 months,7.84,F,10+ years,MORTGAGE,69818.0,Not Verified,car,27.11,0,5,0,30290,44.1,42,380,Apr-2014,191.83,384,Mar-1991,Fully Paid,6905.749999999999,0.0,Dec-2017
10339, 60 months,20.13,B,,OWN,45083.0,Verified,car,29.53,0,8,0,13274,76.0,22,335,Jul-2014,198.16,339,Mar-2010,Fully Paid,11889.849999999999,0.0,Dec-2017
31350, 60 months,16.47,C,,RENT,52353.0,Not Verified,car,26.22,1,15,0,19333,36.9,57,400,May-2015,600.88,404,Oct-2001,Fully Paid,36052.5,0.0,Dec-2017
10708, 60 months,21.27,C,< 1 year,MORTGAGE,95627.0,Source Verified,small_business,9.34,0,21,0,19996,54.2,12,345,May-2015,205.24,349,Jun-2006,Fully Paid,12314.199999999999,0.0,Dec-2017
1968, 36 months,12.28,D,< 1 year,MORTGAGE,73704.0,Verified,small_business,25.92,1,10,0,45553,23.9,51,335,Nov-2017,62.87,339,Oct-1994,Current,2263.2,0.0,Dec-2017
3105, 60 months,23.78,B,1 year,MORTGAGE,69786.0,Source Verified,car,23.66,0,6,0,59807,0.8,55,360,Jan-2013,59.51,364,Apr-1993,Fully Paid,3570.7499999999995,0.0,Dec-2017
9098, 36 months,26.66,E,10+ years,RENT,92498.0,Not Verified,small_business,25.23,1,9,0,52784,56.8,39,350,Jul-2014,290.63,354,May-2003,Fully Paid,10462.699999999999,0.0,Dec-2017
10159, 36 months,14.32,G,1 year,MORTGAGE,77224.0,Source Verified,small_business,17.28,0,19,0,1168,55.7,43,350,Apr-2013,324.52,354,Jun-2008,Fully Paid,11682.849999999999,0.0,Dec-2017
12720, 60 months,16.17,A,1 year,RENT,55195.0,Source Verified,small_business,21.52,0,24,0,53170,5.6,22,370,Jan-2017,243.8,374,Jun-1997,Fully Paid,14627.999999999998,0.0,Dec-2017
35652, 36 months,6.48,E,5 years,MORTGAGE,48669.0,Verified,credit_card,16.58,0,15,0,54119,76.0,20,345,Apr-2015,1138.88,349,Jul-2003,Fully Paid,40999.799999999996,0.0,Dec-2017
7412, 60 months,15.83,F,5 years,MORTGAGE,35677.0,Not Verified,debt_consolidation,22.8,0,2,0,30310,75.1,51,415,Jun-2012,142.06,419,Jul-1994,Fully Paid,8523.8,0.0,Dec-2017
21900, 36 months,9.98,E,5 years,MORTGAGE,39677.0,Verified,small_business,0.0,0,21,0,40156,22.2,5,365,Feb-2013,699.58,369,Sep-1995,Fully Paid,25184.999999999996,0.0,Dec-2017
32003, 36 months,21.17,A,,MORTGAGE,67888.0,Not Verified,car,21.26,0,19,0,35038,26.0,14,370,Mar-2017,1022.32,374,Jul-1997,In Grace Period,36803.45,0.0,Dec-2017
38686, 60 months,8.88,E,1 year,OWN,101432.0,Verified,debt_consolidation,11.06,0,8,0,45553,76.5,13,350,Aug-2014,741.48,354,Jul-2004,Fully Paid,44488.899999999994,0.0,Dec-2017
7769, 60 months,6.76,F,10+ years,MORTGAGE,17730.0,Source Verified,car,24.71,0,10,0,36991,83.5,25,330,Aug-2017,148.91,334,Sep-2005,Fully Paid,8934.349999999999,0.0,Dec-2017
33083, 36 months,22.97,C,5 years,OWN,137046.0,Source Verified,debt_consolidation,21.11,1,18,0,59673,10.7,4,340,Jul-2012,1056.82,344,Nov-1988,Fully Paid,38045.45,0.0,Dec-2017
18969, 36 months,17.4,E,< 1 year,OWN,114786.0,Source Verified,small_business,19.5,1,21,0,13077,97.3,13,385,Jul-2013,605.95,389,Nov-1987,Fully Paid,21814.35,0.0,Dec-2017
2775, 36 months,24.76,B,,OWN,119487.0,Verified,car,17.71,0,26,0,52783,19.7,20,375,Apr-2015,88.65,379,Dec-2002,Fully Paid,3191.2499999999995,0.0,Dec-2017
6044, 36 months,10.96,G,10+ years,RENT,76722.0,Source Verified,debt_consolidation,15.43,0,11,1,48568,96.8,54,340,Jan-2012,193.07,344,Aug-1986,Fully Paid,6950.599999999999,0.0,Dec-2017
1247, 36 months,7.94,C,10+ years,RENT,28475.0,Not Verified,car,17.95,0,16,0,38875,74.2,11,415,May-2014,39.83,419,Jan-1999,Fully Paid,1434.05,0.0,Dec-2017
31264, 36 months,23.5,C,< 1 year,OWN,24393.0,Not Verified,debt_consolidation,25.66,0,2,0,58082,88.1,48,365,Nov-2014,998.71,369,Oct-2003,Fully Paid,35953.6,0.0,Dec-2017
18147, 36 months,14.03,D,,RENT,184233.0,Not Verified,debt_consolidation,20.69,1,27,0,18888,76.9,28,375,Jun-2013,579.7,379,Apr-2005,Fully Paid,20869.05,0.0,Dec-2017
27179, 60 months,25.15,E,10+ years,MORTGAGE,24590.0,Source Verified,small_business,30.4,2,8,0,13241,72.2,30,410,Feb-2013,520.93,414,Jul-1990,Charged Off,10871.6,1358.95,Dec-2017
4652, 36 months,13.8,E,10+ years,OWN,48582.0,Source Verified,car,17.66,0,19,0,31900,27.2,41,360,Jul-2017,148.61,364,Sep-1988,Late (31-120 days),5349.799999999999,0.0,Dec-2017
2911, 60 months,20.01,E,5 years,MORTGAGE,183343.0,Not Verified,debt_consolidation,31.54,1,22,0,28079,72.8,39,385,Oct-2017,55.79,389,Feb-1988,Fully Paid,3347.6499999999996,0.0,Dec-2017
37769, 36 months,6.13,F,10+ years,RENT,44955.0,Source Verified,car,4.55,0,13,0,21365,66.4,13,385,Dec-2014,1206.51,389,Dec-2007,Fully Paid,43434.35,0.0,Dec-2017
8006, 60 months,14.96,F,10+ years,OWN,84363.0,Verified,debt_consolidation,34.6,1,2,0,18959,75.8,31,400,May-2017,153.45,404,Mar-1998,In Grace Period,3202.4,400.3,Dec-2017
2497, 36 months,13.64,A,1 year,OWN,34285.0,Source Verified,debt_consolidation,33.91,0,2,0,2410,92.9,46,410,Nov-2014,79.77,414,Jun-1990,Fully Paid,2871.5499999999997,0.0,Dec-2017
25364, 60 months,27.63,G,5 years,OWN,82242.0,Not Verified,small_business,8.22,0,2,0,25143,89.3,6,410,Oct-2017,486.14,414,May-1989,Charged Off,10145.6,1268.2,Dec-2017
10709, 36 months,20.44,F,< 1 year,MORTGAGE,106109.0,Source Verified,small_business,17.58,2,21,0,17650,24.1,39,370,Apr-2012,342.09,374,Sep-2007,Fully Paid,12315.349999999999,0.0,Dec-2017
17477, 36 months,15.35,G,5 years,RENT,25999.0,Not Verified,credit_card,29.2,0,25,0,43727,47.5,48,405,Aug-2015,558.29,409,Feb-1991,Fully Paid,20098.55,0.0,Dec-2017
2980, 36 months,22.31,B,< 1 year,OWN,42187.0,Source Verified,debt_consolidation,23.0,0,5,0,40094,92.1,37,350,Apr-2012,95.19,354,Jul-2004,Fully Paid,3426.9999999999995,0.0,Dec-2017
12782, 60 months,21.04,F,< 1 year,RENT,62465.0,Not Verified,car,20.48,0,28,0,43169,30.4,59,375,Feb-2015,244.99,379,May-2001,Fully Paid,14699.3,0.0,Dec-2017
24021, 36 months,24.19,E,< 1 year,RENT,160429.0,Source Verified,debt_consolidation,13.92,0,12,0,13523,18.7,59,385,Apr-2017,767.34,389,Mar-1998,In Grace Period,27624.149999999998,0.0,Dec-2017
25556, 60 months,13.0,A,1 year,OWN,50671.0,Verified,debt_consolidation,15.88,0,2,0,28960,85.0,23,415,Dec-2016,489.82,419,Mar-1987,Current,29389.399999999998,0.0,Dec-2017
2358, 60 months,18.65,G,,OWN,70413.0,Source Verified,small_business,9.79,1,6,0,22072,64.4,42,370,Apr-2013,45.19,374,Feb-1985,Fully Paid,2711.7,0.0,Dec-2017
35486, 36 months,13.36,G,5 years,OWN,76156.0,Verified,debt_consolidation,17.87,0,9,0,53739,54.6,21,335,Nov-2015,1133.58,339,Jun-2007,Fully Paid,40808.899999999994,0.0,Dec-2017
31209, 36 months,14.78,E,5 years,MORTGAGE,101329.0,Not Verified,debt_consolidation,12.09,0,25,0,32079,74.3,43,345,Dec-2012,996.95,349,Dec-2010,Fully Paid,35890.35,0.0,Dec-2017
19313, 60 months,18.01,G,< 1 year,RENT,45243.0,Not Verified,debt_consolidation,27.96,0,17,0,21887,81.6,29,420,Jun-2013,370.17,424,Aug-1986,Fully Paid,22209.949999999997,0.0,Dec-2017
8351, 36 months,12.45,E,1 year,RENT,25784.0,Not Verified,car,22.99,1,12,0,41044,69.1,14,350,Jul-2014,266.77,354,May-1993,Fully Paid,9603.65,0.0,Dec-2017
9706, 36 months,6.36,G,1 year,RENT,42937.0,Source Verified,small_business,16.9,0,15,0,24766,34.7,33,385,Aug-2017,310.05,389,Dec-1988,Late (31-120 days),11161.9,0.0,Dec-2017
14396, 36 months,26.87,C,1 year,MORTGAGE,29915.0,Source Verified,car,16.89,0,8,0,45900,92.3,52,365,Jan-2016,459.87,369,Sep-2013,Fully Paid,16555.399999999998,0.0,Dec-2017
21822, 36 months,15.96,F,< 1 year,MORTGAGE,47601.0,Not Verified,car,17.46,1,24,0,27954,62.9,46,345,Aug-2014,697.09,349,Oct-1986,Fully Paid,25095.3,0.0,Dec-2017
3885, 36 months,15.95,F,1 year,OWN,50826.0,Source Verified,car,6.85,1,14,0,52290,77.5,24,355,Mar-2013,124.1,359,Jan-2006,Fully Paid,4467.75,0.0,Dec-2017
24251, 36 months,6.99,G,5 years,MORTGAGE,36943.0,Verified,credit_card,28.79,0,20,0,54639,40.4,13,370,Aug-2016,774.68,374,Jul-1997,Fully Paid,27888.649999999998,0.0,Dec-2017
18621, 60 months,11.72,A,5 years,RENT,48318.0,Verified,small_business,30.2,0,3,0,17096,71.2,24,365,Jul-2015,356.9,369,May-1990,Fully Paid,21414.149999999998,0.0,Dec-2017
9173, 36 months,17.32,D,< 1 year,OWN,74239.0,Verified,debt_consolidation,20.7,0,7,0,40581,24.6,36,400,Jan-2015,293.03,404,May-2002,Fully Paid,10548.949999999999,0.0,Dec-2017
39758, 36 months,15.76,F,5 years,OWN,86856.0,Verified,debt_consolidation,19.98,0,15,0,31089,9.7,16,400,Dec-2015,1270.05,404,Nov-2003,Fully Paid,45721.7,0.0,Dec-2017
29553, 36 months,18.09,F,1 year,RENT,60148.0,Verified,small_business,26.42,1,16,0,42209,13.8,59,375,Feb-2013,944.05,379,Oct-1988,Charged Off,11821.2,1477.65,Dec-2017
24071, 60 months,11.58,D,,RENT,111601.0,Verified,car,21.81,0,12,1,3936,36.4,11,335,Jun-2017,461.36,339,Jun-2002,Fully Paid,27681.649999999998,0.0,Dec-2017
22150, 36 months,18.46,E,5 years,MORTGAGE,68415.0,Source Verified,car,24.16,0,13,1,43960,78.2,50,415,Oct-2013,707.57,419,Dec-1994,Fully Paid,25472.499999999996,0.0,Dec-2017
31794, 36 months,13.13,G,1 year,RENT,35220.0,Verified,debt_consolidation,6.38,0,11,1,9883,7.7,28,340,Nov-2014,1015.64,344,Mar-1999,Fully Paid,36563.1,0.0,Dec-2017
26612, 60 months,18.46,C,< 1 year,RENT,29871.0,Verified,car,0.0,1,10,0,57040,80.9,46,415,Jun-2015,510.06,419,Sep-2012,Fully Paid,30603.8,0.0,Dec-2017
2479, 60 months,7.08,B,10+ years,RENT,139123.0,Source Verified,credit_card,19.04,1,15,0,859,8.7,33,340,Jan-2013,47.51,344,Aug-1988,Fully Paid,2850.85,0.0,Dec-2017
18669, 36 months,10.55,C,5 years,OWN,13858.0,Source Verified,small_business,13.76,0,5,0,194,52.9,55,375,Nov-2012,596.37,379,Aug-1988,Fully Paid,21469.35,0.0,Dec-2017
26309, 36 months,15.33,E,5 years,RENT,47037.0,Not Verified,small_business,15.11,1,13,0,27511,43.1,47,340,Nov-2014,840.43,344,Jun-2009,Fully Paid,30255.35,0.0,Dec-2017
18108, 36 months,20.42,G,,OWN,42540.0,Source Verified,small_business,14.79,0,23,0,41573,66.0,29,420,Jan-2012,578.45,424,Oct-2004,Fully Paid,20824.199999999997,0.0,Dec-2017
30349, 36 months,13.41,F,1 year,OWN,55793.0,Not Verified,small_business,19.26,2,12,0,33100,94.9,30,365,Aug-2015,969.48,369,Dec-2003,Fully Paid,34901.35,0.0,Dec-2017
9195, 60 months,20.64,C,,MORTGAGE,70598.0,Not Verified,small_business,14.96,0,27,0,58733,97.8,48,350,Aug-2014,176.24,354,Aug-2007,Fully Paid,10574.25,0.0,Dec-2017
12827, 36 months,13.65,E,< 1 year,OWN,51686.0,Verified,credit_card,29.86,1,5,0,50603,52.3,8,365,Jun-2013,409.75,369,Oct-2010,Fully Paid,14751.05,0.0,Dec-2017
35773, 36 months,25.76,D,,OWN,58179.0,Not Verified,car,18.86,0,6,0,45565,21.2,33,350,Jul-2016,1142.75,354,Feb-1994,Fully Paid,41138.95,0.0,Dec-2017
13734, 36 months,26.37,G,< 1 year,OWN,101398.0,Not Verified,debt_consolidation,31.13,1,27,0,50486,35.0,14,350,Dec-2013,438.72,354,Jul-2001,Fully Paid,15794.099999999999,0.0,Dec-2017
8696, 36 months,10.02,E,1 year,OWN,104491.0,Verified,small_business,11.24,0,10,0,58102,21.8,29,355,Sep-2015,277.79,359,Feb-2009,Fully Paid,10000.4,0.0,Dec-2017
12553, 36 months,27.89,A,< 1 year,OWN,72611.0,Not Verified,small_business,27.51,0,2,0,17152,56.2,53,365,Apr-2013,401.0,369,May-1987,Charged Off,5021.200000000001,627.6500000000001,Dec-2017
10725, 36 months,21.54,G,< 1 year,MORTGAGE,58797.0,Source Verified,credit_card,8.85,0,11,1,20445,5.3,42,365,Dec-2013,342.6,369,Mar-2000,Fully Paid,12333.749999999998,0.0,Dec-2017
24900, 36 months,20.68,E,1 year,OWN,39937.0,Verified,debt_consolidation,8.28,0,26,0,32197,32.0,36,340,Oct-2015,795.42,344,May-1986,Fully Paid,28634.999999999996,0.0,Dec-2017
15178, 36 months,13.87,B,< 1 year,OWN,53474.0,Not Verified,credit_card,26.52,0,7,0,20457,25.2,14,410,Apr-2016,484.85,414,Aug-2010,Fully Paid,17454.699999999997,0.0,Dec-2017
11987, 36 months,14.82,B,1 year,MORTGAGE,61095.0,Verified,car,21.55,0,26,0,38955,87.4,13,340,Nov-2015,382.92,344,Oct-2007,Fully Paid,13785.05,0.0,Dec-2017
38949, 36 months,20.36,D,< 1 year,MORTGAGE,86853.0,Verified,credit_card,3.35,0,21,0,50078,9.5,25,375,Nov-2014,1244.2,379,Feb-2001,Fully Paid,44791.35,0.0,Dec-2017
6133, 36 months,7.0,F,< 1 year,OWN,66726.0,Source Verified,small_business,13.52,0,25,0,48993,43.7,13,385,Jul-2013,195.92,389,Nov-1997,Fully Paid,7052.95,0.0,Dec-2017
22523, 36 months,21.69,B,,MORTGAGE,15841.0,Not Verified,credit_card,11.43,0,28,0,20948,15.6,4,360,Dec-2017,719.48,364,Jul-1993,Fully Paid,25901.449999999997,0.0,Dec-2017
39200, 36 months,6.21,G,< 1 year,MORTGAGE,65728.0,Not Verified,small_business,19.54,1,20,0,57882,61.8,46,360,Jun-2017,1252.22,364,Aug-2004,Fully Paid,45080.0,0.0,Dec-2017
6700, 60 months,18.48,G,< 1 year,MORTGAGE,47147.0,Source Verified,car,36.81,2,5,0,6669,68.4,16,420,Aug-2016,128.42,424,Jul-2004,Current,7704.999999999999,0.0,Dec-2017
27872, 60 months,26.98,G,10+ years,RENT,146442.0,Source Verified,debt_consolidation,22.32,0,7,0,16830,49.0,54,365,Sep-2013,534.21,369,Jul-1990,Fully Paid,32052.8,0.0,Dec-2017
33741, 36 months,11.21,B,10+ years,OWN,70873.0,Source Verified,small_business,13.16,0,10,0,3790,15.6,32,420,Dec-2016,1077.84,424,Dec-2000,Fully Paid,38802.149999999994,0.0,Dec-2017
26374, 36 months,23.16,C,1 year,OWN,149418.0,Source Verified,credit_card,22.63,1,9,0,30607,30.1,45,360,Jun-2015,842.5,364,Jun-1999,Fully Paid,30330.1,0.0,Dec-2017
12323, 36 months,22.31,A,,RENT,7692.0,Source Verified,car,22.19,0,11,0,8511,19.6,20,355,Jul-2013,393.65,359,Aug-1998,Fully Paid,14171.449999999999,0.0,Dec-2017
31191, 36 months,16.35,A,< 1 year,OWN,148240.0,Source Verified,debt_consolidation,13.65,0,22,0,9916,37.8,10,400,Sep-2016,996.38,404,Oct-2003,Late (31-120 days),35869.649999999994,0.0,Dec-2017
1816, 36 months,24.1,A,5 years,OWN,70531.0,Not Verified,small_business,34.57,0,23,0,22436,61.7,40,380,Nov-2012,58.01,384,Jul-1998,Fully Paid,2088.3999999999996,0.0,Dec-2017
22708, 60 months,6.71,G,10+ years,OWN,95880.0,Not Verified,credit_card,12.47,0,2,0,31492,94.3,4,390,Jun-2015,435.24,394,Jan-2000,Fully Paid,26114.199999999997,0.0,Dec-2017
29559, 36 months,15.22,F,1 year,MORTGAGE,119355.0,Source Verified,car,23.39,0,19,0,21103,15.3,27,390,Mar-2013,944.25,394,Feb-1991,Fully Paid,33992.85,0.0,Dec-2017
19159, 36 months,27.91,C,< 1 year,OWN,69225.0,Verified,credit_card,15.07,1,21,0,42708,39.1,59,365,Jun-2012,612.02,369,Jul-2000,Fully Paid,22032.85,0.0,Dec-2017
38504, 36 months,17.4,A,< 1 year,RENT,25457.0,Verified,car,11.39,0,17,0,56298,55.4,56,395,Aug-2014,1229.99,399,Oct-2006,Fully Paid,44279.6,0.0,Dec-2017
15967, 36 months,15.23,D,< 1 year,OWN,74735.0,Not Verified,car,31.95,1,5,0,41205,27.7,22,400,Sep-2014,510.06,404,Jul-2007,Fully Paid,18362.05,0.0,Dec-2017
35897, 60 months,6.91,A,5 years,MORTGAGE,29689.0,Verified,debt_consolidation,20.43,0,3,0,4285,66.4,46,340,Jan-2015,688.03,344,Mar-2001,Fully Paid,41281.549999999996,0.0,Dec-2017
8754, 36 months,13.8,G,1 year,OWN,39441.0,Verified,car,27.49,0,2,0,22053,30.6,47,355,Jan-2012,279.64,359,Oct-1991,Fully Paid,10067.099999999999,0.0,Dec-2017
2470, 60 months,17.58,E,,OWN,76607.0,Verified,credit_card,28.45,0,9,0,29902,50.8,31,330,Mar-2013,47.34,334,Mar-1999,Fully Paid,2840.5,0.0,Dec-2017
12613, 36 months,14.86,B,< 1 year,MORTGAGE,45528.0,Verified,small_business,13.32,0,28,0,44596,21.5,39,375,Jun-2012,402.92,379,Nov-1998,Fully Paid,14504.949999999999,0.0,Dec-2017
19013, 36 months,18.88,B,< 1 year,OWN,53441.0,Verified,credit_card,22.53,1,20,0,29786,25.2,48,345,Sep-2016,607.36,349,Feb-1992,Fully Paid,21864.949999999997,0.0,Dec-2017
23326, 36 months,12.51,C,10+ years,MORTGAGE,46604.0,Not Verified,debt_consolidation,12.87,0,22,0,45983,21.1,12,385,Apr-2012,745.14,389,Aug-1991,Fully Paid,26824.899999999998,0.0,Dec-2017
8444, 36 months,11.29,C,< 1 year,RENT,73354.0,Source Verified,small_business,5.29,0,25,0,35850,49.5,49,385,Mar-2017,269.74,389,Mar-1998,Fully Paid,9710.599999999999,0.0,Dec-2017
6562, 36 months,9.41,G,10+ years,RENT,54244.0,Not Verified,debt_consolidation,24.9,1,13,0,8974,25.5,42,380,Apr-2013,209.62,384,Jun-1984,Fully Paid,7546.299999999999,0.0,Dec-2017
12828, 36 months,20.91,D,,MORTGAGE,85144.0,Source Verified,car,16.75,0,16,0,51562,19.8,58,385,Nov-2013,409.78,389,Jun-1991,Fully Paid,14752.199999999999,0.0,Dec-2017
22751, 36 months,17.19,B,1 year,RENT,22674.0,Not Verified,credit_card,29.78,0,29,0,30349,76.0,43,395,Jan-2014,726.77,399,Mar-2003,Fully Paid,26163.649999999998,0.0,Dec-2017
8304, 36 months,25.77,G,5 years,OWN,141331.0,Source Verified,debt_consolidation,21.61,1,15,0,43201,84.0,39,400,Jan-2015,265.27,404,Jan-2000,Charged Off,3321.6000000000004,415.20000000000005,Dec-2017
27088, 36 months,13.89,B,1 year,RENT,82667.0,Verified,credit_card,21.56,2,4,1,44243,2.9,40,330,Mar-2014,865.31,334,Nov-1992,Fully Paid,31151.199999999997,0.0,Dec-2017
31577, 36 months,23.02,C,1 year,OWN,35758.0,Verified,small_business,24.64,0,5,0,17038,4.9,10,360,Jul-2015,1008.71,364,Apr-2008,Fully Paid,36313.549999999996,0.0,Dec-2017
14607, 36 months,20.89,E,< 1 year,RENT,148313.0,Verified,debt_consolidation,5.05,0,6,0,50043,38.4,35,415,Apr-2014,466.61,419,Mar-1992,Fully Paid,16798.05,0.0,Dec-2017
11929, 60 months,25.17,A,10+ years,RENT,40574.0,Verified,debt_consolidation,14.82,0,15,0,56013,43.9,12,415,May-2016,228.64,419,Jun-1990,Fully Paid,13718.349999999999,0.0,Dec-2017
18096, 36 months,19.98,A,,OWN,84999.0,Source Verified,debt_consolidation,15.8,0,23,0,14045,40.5,59,365,Dec-2017,578.07,369,Sep-1988,Fully Paid,20810.399999999998,0.0,Dec-2017
38668, 36 months,17.79,D,10+ years,OWN,38897.0,Source Verified,car,22.76,2,15,1,46897,82.0,38,330,Nov-2012,1235.23,334,Mar-1999,Fully Paid,44468.2,0.0,Dec-2017
17702, 60 months,16.55,D,10+ years,RENT,62013.0,Source Verified,credit_card,23.57,0,8,0,51945,44.9,7,385,Sep-2012,339.29,389,Nov-1990,Fully Paid,20357.3,0.0,Dec-2017
21471, 36 months,14.67,C,10+ years,MORTGAGE,168354.0,Not Verified,credit_card,26.57,0,4,0,10014,13.6,51,390,Sep-2013,685.88,394,Apr-1986,Fully Paid,24691.649999999998,0.0,Dec-2017
5583, 36 months,11.39,G,1 year,OWN,67114.0,Source Verified,credit_card,15.33,0,11,0,52257,21.5,17,345,Mar-2013,178.35,349,Nov-2002,Fully Paid,6420.45,0.0,Dec-2017
23310, 60 months,20.47,F,,RENT,43440.0,Verified,small_business,18.43,1,18,0,49293,93.5,7,405,May-2016,446.78,409,Nov-2012,Fully Paid,26806.499999999996,0.0,Dec-2017
8393, 60 months,26.81,G,5 years,OWN,20541.0,Verified,debt_consolidation,16.05,0,21,0,19150,82.2,20,405,May-2016,160.87,409,Feb-1999,Charged Off,3357.2000000000003,419.65000000000003,Dec-2017
31725, 60 months,23.94,D,< 1 year,MORTGAGE,55907.0,Source Verified,debt_consolidation,8.19,1,2,0,26118,65.5,32,335,May-2015,608.06,339,Nov-1999,Fully Paid,36483.75,0.0,Dec-2017
13279, 36 months,10.49,F,1 year,OWN,25288.0,Source Verified,small_business,21.5,0,14,0,35684,29.3,59,340,Dec-2017,424.19,344,Apr-2009,Fully Paid,15270.849999999999,0.0,Dec-2017
27545, 36 months,14.61,B,10+ years,OWN,32406.0,Source Verified,credit_card,4.96,0,18,0,15580,18.1,5,345,May-2017,879.91,349,Nov-1996,Late (31-120 days),31676.749999999996,0.0,Dec-2017
18709, 60 months,27.95,A,10+ years,OWN,70601.0,Not Verified,credit_card,16.76,0,23,0,44316,55.0,53,350,Nov-2017,358.59,354,Mar-2008,In Grace Period,7483.6,935.45,Dec-2017
34628, 60 months,10.04,B,< 1 year,OWN,237469.0,Source Verified,debt_consolidation,21.39,0,3,0,7202,31.4,21,370,Sep-2014,663.7,374,Jul-1993,Fully Paid,39822.2,0.0,Dec-2017
30777, 36 months,15.6,F,< 1 year,OWN,123292.0,Not Verified,small_business,37.95,0,2,1,38578,35.3,36,340,Apr-2015,983.15,344,Apr-1988,Fully Paid,35393.549999999996,0.0,Dec-2017
5966, 60 months,22.61,C,1 year,RENT,51276.0,Verified,small_business,8.21,2,12,0,21041,7.8,42,385,Jun-2014,114.35,389,Jul-2005,Fully Paid,6860.9,0.0,Dec-2017
10950, 36 months,27.07,A,10+ years,OWN,103597.0,Not Verified,car,27.82,1,10,0,34530,2.3,16,410,Sep-2013,349.79,414,Jul-1989,Fully Paid,12592.499999999998,0.0,Dec-2017
20326, 36 months,6.35,A,1 year,MORTGAGE,41469.0,Source Verified,small_business,23.45,0,25,0,35022,2.2,8,360,Nov-2013,649.3,364,May-1987,Fully Paid,23374.899999999998,0.0,Dec-2017
28839, 60 months,13.76,E,10+ years,OWN,39095.0,Not Verified,debt_consolidation,19.23,0,11,0,18984,65.5,6,350,Jun-2016,552.75,354,Feb-2006,In Grace Period,33164.85,0.0,Dec-2017
22351, 36 months,19.27,A,1 year,MORTGAGE,111814.0,Not Verified,small_business,35.17,0,9,0,58713,68.9,25,400,May-2013,713.99,404,Apr-2011,Fully Paid,25703.649999999998,0.0,Dec-2017
26653, 60 months,8.96,G,1 year,RENT,81164.0,Source Verified,small_business,3.48,0,12,0,33929,79.9,43,375,Nov-2012,510.85,379,Nov-2007,Fully Paid,30650.949999999997,0.0,Dec-2017
5256, 60 months,24.1,C,5 years,RENT,100200.0,Source Verified,small_business,19.81,1,19,0,50352,13.1,23,345,Nov-2015,100.74,349,Jul-2008,Fully Paid,6044.4,0.0,Dec-2017
26274, 36 months,8.35,D,5 years,OWN,86782.0,Not Verified,car,29.21,0,29,0,38685,5.9,21,390,Mar-2015,839.31,394,Oct-2000,Fully Paid,30215.1,0.0,Dec-2017
29572, 60 months,17.89,C,5 years,RENT,86955.0,Verified,small_business,12.61,0,6,0,16265,17.8,30,375,Aug-2013,566.8,379,Nov-1991,Fully Paid,34007.799999999996,0.0,Dec-2017
19635, 36 months,14.8,D,5 years,RENT,64217.0,Not Verified,car,19.74,0,24,0,48228,87.4,39,410,Oct-2013,627.23,414,Aug-1990,Fully Paid,22580.25,0.0,Dec-2017
18705, 36 months,19.69,E,1 year,OWN,56415.0,Source Verified,car,19.67,0,22,0,10743,22.7,24,390,Mar-2017,597.52,394,Jan-1991,Late (31-120 days),21510.75,0.0,Dec-2017
20640, 60 months,15.02,A,1 year,OWN,45339.0,Verified,car,10.11,0,2,0,40756,79.7,58,385,Mar-2012,395.6,389,Oct-2001,Fully Paid,23735.999999999996,0.0,Dec-2017
25185, 36 months,15.96,D,10+ years,RENT,82911.0,Source Verified,small_business,20.61,1,14,0,8995,5.2,57,335,Aug-2013,804.52,339,Oct-1994,Fully Paid,28962.749999999996,0.0,Dec-2017
31881, 36 months,25.12,A,5 years,RENT,28686.0,Verified,small_business,12.69,0,15,0,45794,71.4,58,345,May-2015,1018.42,349,Jul-2001,Fully Paid,36663.149999999994,0.0,Dec-2017
34671, 36 months,10.39,A,,MORTGAGE,103203.0,Source Verified,debt_consolidation,11.43,0,10,0,39995,99.3,40,330,Jan-2016,1107.55,334,Aug-2002,Fully Paid,39871.649999999994,0.0,Dec-2017
7215, 36 months,15.34,F,5 years,MORTGAGE,61553.0,Verified,debt_consolidation,10.3,0,7,0,50918,8.9,40,380,Jun-2015,230.48,384,Mar-1989,Fully Paid,8297.25,0.0,Dec-2017
28628, 36 months,23.98,E,,MORTGAGE,77136.0,Source Verified,credit_card,24.98,0,29,0,29288,4.3,44,415,May-2015,914.51,419,Jul-2007,Fully Paid,32922.2,0.0,Dec-2017
30825, 36 months,16.24,F,5 years,MORTGAGE,48285.0,Not Verified,car,20.96,1,25,0,44110,77.3,43,340,Aug-2016,984.69,344,Sep-2007,Current,35448.75,0.0,Dec-2017
31074, 36 months,22.34,D,1 year,MORTGAGE,90675.0,Verified,car,25.78,0,19,0,46972,47.3,38,395,Oct-2015,992.64,399,Feb-2002,Fully Paid,35735.1,0.0,Dec-2017
15373, 60 months,16.23,G,1 year,OWN,45838.0,Verified,small_business,21.32,0,21,0,23279,6.7,28,360,Oct-2015,294.65,364,Jun-2005,Fully Paid,17678.949999999997,0.0,Dec-2017
12419, 36 months,27.99,D,5 years,MORTGAGE,63845.0,Verified,credit_card,13.03,0,28,0,17873,35.5,27,360,May-2017,396.72,364,Dec-1989,Current,14281.849999999999,0.0,Dec-2017
4788, 60 months,12.3,F,1 year,OWN,85724.0,Verified,car,23.91,1,14,0,13294,83.8,49,385,Jul-2016,91.77,389,Dec-1991,Fully Paid,5506.2,0.0,Dec-2017
18443, 36 months,19.13,E,< 1 year,RENT,21216.0,Not Verified,debt_consolidation,39.68,0,16,0,24402,13.9,14,360,Jan-2013,589.15,364,Sep-1996,Fully Paid,21209.449999999997,0.0,Dec-2017
8818, 60 months,20.64,E,,RENT,45811.0,Not Verified,small_business,9.09,0,17,0,41644,92.8,27,410,Oct-2017,169.01,414,Aug-2015,Fully Paid,10140.699999999999,0.0,Dec-2017
37004, 36 months,14.35,E,10+ years,RENT,47410.0,Not Verified,car,0.2,1,9,0,46577,23.3,27,350,Nov-2012,1182.07,354,Jun-1996,Fully Paid,42554.6,0.0,Dec-2017
29241, 36 months,12.82,D,1 year,RENT,64029.0,Not Verified,credit_card,17.98,0,13,1,20578,40.7,8,335,Aug-2017,934.09,339,Apr-1996,Current,33627.149999999994,0.0,Dec-2017
16171, 36 months,24.19,A,10+ years,RENT,101794.0,Verified,debt_consolidation,19.76,1,9,1,11257,78.9,28,345,Sep-2012,516.57,349,Feb-2008,Fully Paid,18596.649999999998,0.0,Dec-2017
13365, 60 months,27.03,D,5 years,OWN,140104.0,Not Verified,credit_card,28.58,0,18,0,8568,57.3,48,415,Nov-2017,256.16,419,Feb-1996,Current,15369.749999999998,0.0,Dec-2017
19376, 36 months,19.8,D,10+ years,MORTGAGE,64738.0,Not Verified,car,20.34,0,27,0,9334,78.9,32,410,Jun-2012,618.96,414,Jan-2002,Fully Paid,22282.399999999998,0.0,Dec-2017
17858, 36 months,26.86,A,1 year,OWN,219682.0,Verified,debt_consolidation,17.07,0,18,0,18473,74.5,49,345,Apr-2017,570.46,349,Apr-2013,Late (31-120 days),20536.699999999997,0.0,Dec-2017
6073, 36 months,6.26,F,1 year,RENT,101118.0,Not Verified,debt_consolidation,19.08,1,25,0,35680,91.3,25,370,Mar-2015,194.0,374,Jun-2001,Fully Paid,6983.95,0.0,Dec-2017
18854, 60 months,27.74,D,5 years,RENT,61552.0,Not Verified,debt_consolidation,26.34,0,16,0,52018,8.9,8,410,May-2015,361.37,414,Dec-2002,Fully Paid,21682.1,0.0,Dec-2017
27095, 36 months,9.21,F,5 years,OWN,23090.0,Verified,debt_consolidation,18.26,0,26,0,12615,36.6,35,345,Dec-2012,865.53,349,Dec-2007,Fully Paid,31159.249999999996,0.0,Dec-2017
15006, 36 months,20.06,F,< 1 year,MORTGAGE,30298.0,Source Verified,debt_consolidation,28.72,1,26,0,45174,51.8,58,365,Oct-2012,479.36,369,Apr-1985,Fully Paid,17256.899999999998,0.0,Dec-2017
9823, 36 months,24.86,E,10+ years,OWN,126559.0,Not Verified,small_business,34.02,1,18,0,50131,7.0,13,370,Nov-2016,313.79,374,Jan-1996,In Grace Period,11296.449999999999,0.0,Dec-2017
19356, 60 months,7.32,F,10+ years,MORTGAGE,61573.0,Source Verified,car,20.18,0,4,0,10986,7.9,39,335,Jun-2013,370.99,339,Sep-1993,Fully Paid,22259.399999999998,0.0,Dec-2017
7416, 36 months,27.54,A,< 1 year,RENT,52717.0,Verified,credit_card,14.34,0,27,0,26687,55.6,13,400,Feb-2012,236.9,404,Jan-1986,Fully Paid,8528.4,0.0,Dec-2017
9792, 60 months,19.01,E,10+ years,OWN,52840.0,Verified,credit_card,21.4,1,8,0,30482,94.4,30,385,Sep-2014,187.68,389,Nov-2010,Charged Off,3916.8,489.6,Dec-2017
34908, 36 months,12.62,B,< 1 year,RENT,46936.0,Source Verified,credit_card,17.81,0,2,0,57184,82.1,42,350,Mar-2014,1115.12,354,Jan-2005,Fully Paid,40144.2,0.0,Dec-2017
32451, 36 months,27.57,C,10+ years,MORTGAGE,55819.0,Source Verified,small_business,6.64,0,20,0,10499,9.1,10,340,Sep-2014,1036.63,344,Nov-2001,Fully Paid,37318.649999999994,0.0,Dec-2017
7899, 36 months,8.48,G,10+ years,OWN,48573.0,Source Verified,car,28.15,0,4,0,3425,75.1,31,385,Nov-2014,252.33,389,Jul-1992,Fully Paid,9083.849999999999,0.0,Dec-2017
9327, 36 months,6.44,B,,OWN,149791.0,Source Verified,small_business,21.53,0,28,0,33009,29.5,7,405,May-2012,297.95,409,Jan-2006,Fully Paid,10726.05,0.0,Dec-2017
23980, 60 months,21.55,E,10+ years,OWN,33238.0,Not Verified,small_business,26.01,0,17,0,55572,81.9,20,410,Apr-2013,459.62,414,Jan-1995,Fully Paid,27576.999999999996,0.0,Dec-2017
31057, 36 months,12.16,E,< 1 year,OWN,44327.0,Not Verified,credit_card,16.12,0,23,0,45732,34.1,34,420,Aug-2013,992.1,424,Jun-1991,Fully Paid,35715.549999999996,0.0,Dec-2017
11380, 36 months,9.68,A,5 years,MORTGAGE,55681.0,Not Verified,small_business,1.2,0,9,1,16851,8.3,43,375,Feb-2014,363.53,379,Apr-2011,Fully Paid,13086.999999999998,0.0,Dec-2017
36146, 36 months,7.87,C,< 1 year,OWN,49121.0,Not Verified,small_business,3.91,2,11,0,48503,63.3,53,365,Jul-2014,1154.66,369,Nov-2000,Fully Paid,41567.899999999994,0.0,Dec-2017
19872, 36 months,26.75,E,10+ years,MORTGAGE,114366.0,Source Verified,debt_consolidation,8.42,1,25,0,7435,46.8,22,380,May-2013,634.8,384,Dec-1994,Fully Paid,22852.8,0.0,Dec-2017
3555, 36 months,12.3,C,1 year,RENT,26156.0,Not Verified,debt_consolidation,9.82,0,8,0,38263,18.0,33,370,Oct-2016,113.56,374,Oct-2005,Late (31-120 days),4088.2499999999995,0.0,Dec-2017
36778, 60 months,18.03,D,1 year,OWN,87030.0,Not Verified,car,26.52,0,7,0,30543,13.6,58,360,Sep-2013,704.91,364,Feb-2009,Fully Paid,42294.7,0.0,Dec-2017
39684, 60 months,23.24,C,,OWN,83938.0,Not Verified,credit_card,23.67,0,12,0,2678,95.5,39,410,Aug-2014,760.61,414,May-1989,Fully Paid,45636.6,0.0,Dec-2017
31188, 36 months,25.6,D,,MORTGAGE,128508.0,Verified,credit_card,16.42,0,11,0,6249,38.4,24,385,Jul-2017,996.28,389,Mar-1990,Fully Paid,35866.2,0.0,Dec-2017
33006, 36 months,8.17,B,,OWN,38339.0,Source Verified,debt_consolidation,5.37,2,29,0,32175,12.2,59,410,Dec-2017,1054.36,414,Jun-2003,Fully Paid,37956.899999999994,0.0,Dec-2017
30942, 36 months,7.97,G,10+ years,RENT,33462.0,Not Verified,credit_card,22.52,0,7,0,11384,63.2,42,340,Jul-2014,988.42,344,May-1986,Fully Paid,35583.299999999996,0.0,Dec-2017
13164, 60 months,20.89,F,< 1 year,MORTGAGE,74802.0,Not Verified,credit_card,14.38,0,19,0,37645,25.3,51,385,Apr-2014,252.31,389,Sep-2002,Fully Paid,15138.599999999999,0.0,Dec-2017
4610, 36 months,26.83,F,1 year,MORTGAGE,104247.0,Not Verified,debt_consolidation,7.7,0,24,0,26907,80.7,24,380,Apr-2014,147.26,384,Jan-2007,Fully Paid,5301.5,0.0,Dec-2017
28042, 36 months,20.93,A,5 years,OWN,59424.0,Not Verified,small_business,22.29,2,9,0,27745,25.8,47,380,Feb-2014,895.79,384,Jun-1986,Fully Paid,32248.3,0.0,Dec-2017
5174, 36 months,20.54,A,,RENT,52134.0,Not Verified,car,24.73,0,5,0,52379,84.7,7,345,Aug-2015,165.28,349,Jun-1986,Fully Paid,5950.099999999999,0.0,Dec-2017
23921, 60 months,25.18,D,5 years,RENT,107105.0,Not Verified,debt_consolidation,14.81,1,14,0,55705,98.7,29,350,Nov-2015,458.49,354,Dec-2007,Fully Paid,27509.149999999998,0.0,Dec-2017
31063, 36 months,23.08,D,< 1 year,RENT,59383.0,Not Verified,small_business,18.88,0,12,0,53488,25.3,9,345,Dec-2015,992.29,349,May-1991,Charged Off,12425.2,1553.15,Dec-2017
13555, 36 months,6.32,B,< 1 year,MORTGAGE,53730.0,Source Verified,car,15.56,2,28,0,54615,47.4,30,365,Sep-2016,433.01,369,Jan-1999,In Grace Period,15588.249999999998,0.0,Dec-2017
19663, 60 months,17.17,C,< 1 year,OWN,39524.0,Source Verified,small_business,25.04,1,20,0,4032,70.5,27,330,Dec-2015,376.87,334,Apr-2013,Charged Off,7865.200000000001,983.1500000000001,Dec-2017
19162, 36 months,7.37,B,5 years,MORTGAGE,49961.0,Verified,car,7.21,0,10,0,21294,75.8,30,335,Aug-2013,612.12,339,Jul-2006,Fully Paid,22036.3,0.0,Dec-2017
34019, 36 months,18.31,D,5 years,MORTGAGE,100552.0,Not Verified,debt_consolidation,15.02,0,2,0,48580,65.1,41,395,Jul-2012,1086.72,399,Aug-2009,Fully Paid,39121.85,0.0,Dec-2017
14182, 36 months,18.88,E,1 year,MORTGAGE,41454.0,Verified,debt_consolidation,8.64,0,12,0,28382,62.9,18,330,Jun-2014,453.04,334,Sep-1995,Fully Paid,16309.3,0.0,Dec-2017
15644, 36 months,14.08,D,5 years,OWN,66342.0,Not Verified,debt_consolidation,8.12,0,25,0,19153,50.2,31,370,Jun-2015,499.74,374,Mar-2000,Fully Paid,17990.6,0.0,Dec-2017
23910, 36 months,8.63,F,< 1 year,RENT,46157.0,Not Verified,small_business,13.26,1,19,1,34765,8.1,10,410,Jun-2017,763.79,414,Feb-2007,Late (31-120 days),27496.499999999996,0.0,Dec-2017
25538, 60 months,7.82,B,5 years,MORTGAGE,28811.0,Verified,credit_card,12.33,0,11,1,50610,15.0,4,380,May-2016,489.48,384,Dec-1987,Fully Paid,29368.699999999997,0.0,Dec-2017
14585, 36 months,12.6,A,< 1 year,RENT,57733.0,Not Verified,car,11.91,1,16,0,35521,38.0,35,330,Nov-2013,465.91,334,Feb-1989,Fully Paid,16772.75,0.0,Dec-2017
11435, 60 months,26.3,A,,OWN,32983.0,Source Verified,credit_card,16.33,1,28,0,399,37.9,24,375,Oct-2016,219.17,379,Mar-2007,In Grace Period,13150.249999999998,0.0,Dec-2017
18691, 36 months,25.42,F,5 years,MORTGAGE,126961.0,Verified,small_business,26.27,0,2,0,1559,26.5,11,350,Dec-2015,597.07,354,Dec-1992,Fully Paid,21494.649999999998,0.0,Dec-2017
16640, 36 months,7.54,E,< 1 year,MORTGAGE,48934.0,Source Verified,credit_card,5.46,1,15,0,37646,64.3,8,370,Jul-2015,531.56,374,Aug-2002,Fully Paid,19136.0,0.0,Dec-2017
5480, 36 months,9.03,C,10+ years,MORTGAGE,47762.0,Source Verified,small_business,36.23,0,27,0,30023,67.6,36,345,Feb-2017,175.06,349,Jan-2004,In Grace Period,6301.999999999999,0.0,Dec-2017
20432, 60 months,14.37,D,10+ years,MORTGAGE,88526.0,Verified,credit_card,18.33,0,5,1,1756,25.3,55,355,Oct-2012,391.61,359,Nov-1989,Fully Paid,23496.8,0.0,Dec-2017
20524, 36 months,6.77,B,5 years,RENT,49498.0,Source Verified,car,7.93,0,20,0,22015,10.8,56,410,Dec-2014,655.63,414,May-1996,Fully Paid,23602.6,0.0,Dec-2017
7816, 36 months,17.39,E,1 year,OWN,61601.0,Not Verified,debt_consolidation,17.48,0,3,0,50546,81.7,38,390,Jul-2012,249.68,394,Sep-1988,Fully Paid,8988.4,0.0,Dec-2017
17312, 36 months,15.5,F,< 1 year,OWN,136117.0,Source Verified,credit_card,33.21,0,29,0,12784,54.8,43,420,Jun-2016,553.02,424,Oct-1999,Current,19908.8,0.0,Dec-2017
16079, 36 months,17.62,C,5 years,OWN,194218.0,Verified,car,3.15,0,4,1,50684,31.1,35,400,Dec-2013,513.63,404,Jun-1987,Fully Paid,18490.85,0.0,Dec-2017
1849, 36 months,17.89,F,1 year,RENT,26487.0,Not Verified,debt_consolidation,5.8,1,9,0,12114,39.4,46,360,Aug-2016,59.07,364,May-1993,In Grace Period,2126.35,0.0,Dec-2017
14877, 36 months,16.9,B,1 year,RENT,97381.0,Not Verified,credit_card,10.58,0,22,0,36729,58.7,44,335,Jul-2017,475.24,339,Dec-2003,Fully Paid,17108.55,0.0,Dec-2017
1635, 36 months,13.99,G,10+ years,MORTGAGE,43494.0,Verified,car,13.92,1,26,0,41656,93.4,17,340,Feb-2017,52.23,344,Jan-1999,Current,1880.2499999999998,0.0,Dec-2017
10387, 60 months,24.46,C,10+ years,MORTGAGE,60053.0,Not Verified,credit_card,28.83,0,19,0,10589,9.2,29,350,Nov-2014,199.08,354,Jan-2011,Fully Paid,11945.05,0.0,Dec-2017
10903, 60 months,18.38,D,< 1 year,MORTGAGE,58510.0,Verified,debt_consolidation,13.82,0,29,0,4817,91.0,5,355,Sep-2015,208.97,359,Apr-2008,Charged Off,4361.2,545.15,Dec-2017
30609, 36 months,17.82,G,,OWN,131130.0,Verified,small_business,26.05,0,25,0,51362,1.8,55,395,May-2017,977.79,399,Nov-1997,Current,35200.35,0.0,Dec-2017
13065, 36 months,21.01,F,1 year,MORTGAGE,35825.0,Not Verified,small_business,18.62,0,29,0,39447,90.0,44,375,Sep-2012,417.35,379,Sep-1991,Fully Paid,15024.749999999998,0.0,Dec-2017
24654, 36 months,22.15,B,1 year,OWN,74648.0,Source Verified,credit_card,30.58,0,8,1,49183,55.7,24,365,Oct-2014,787.56,369,Jan-1997,Fully Paid,28352.1,0.0,Dec-2017
26997, 36 months,19.31,D,1 year,OWN,34718.0,Not Verified,small_business,24.25,0,22,0,24371,1.8,55,385,Oct-2013,862.4,389,Jun-1988,Fully Paid,31046.55,0.0,Dec-2017
17898, 36 months,21.27,C,1 year,RENT,135262.0,Source Verified,small_business,9.48,0,10,0,52163,15.2,8,415,Jul-2016,571.74,419,Nov-1997,Fully Paid,20582.699999999997,0.0,Dec-2017
32769, 36 months,22.19,G,,RENT,93965.0,Source Verified,debt_consolidation,3.14,0,11,0,19600,48.7,32,375,Dec-2017,1046.79,379,Nov-1988,Late (31-120 days),37684.35,0.0,Dec-2017
23393, 60 months,15.16,A,< 1 year,RENT,42528.0,Verified,credit_card,14.24,0,8,0,46182,43.5,32,355,Nov-2014,448.37,359,Jun-1995,Fully Paid,26901.949999999997,0.0,Dec-2017
16750, 60 months,22.45,B,10+ years,MORTGAGE,55808.0,Source Verified,debt_consolidation,9.73,0,19,0,48925,22.4,19,375,Sep-2014,321.04,379,Sep-1997,Fully Paid,19262.5,0.0,Dec-2017
18450, 36 months,25.12,F,,RENT,44701.0,Not Verified,credit_card,14.67,0,26,0,21288,26.1,36,385,Apr-2016,589.38,389,Jun-2012,Fully Paid,21217.5,0.0,Dec-2017
4554, 36 months,6.88,B,,RENT,79251.0,Source Verified,small_business,18.45,0,10,0,49544,75.5,59,370,Jul-2013,145.48,374,Dec-1995,Fully Paid,5237.099999999999,0.0,Dec-2017
13952, 60 months,18.18,A,10+ years,OWN,40498.0,Verified,credit_card,15.88,0,6,0,630,69.4,15,340,Nov-2013,267.41,344,Mar-1997,Fully Paid,16044.8,0.0,Dec-2017
12546, 36 months,7.0,B,10+ years,RENT,117146.0,Verified,credit_card,0.0,0,18,0,31788,27.3,26,385,Dec-2012,400.78,389,Aug-2008,Fully Paid,14427.9,0.0,Dec-2017
9632, 36 months,13.28,D,10+ years,OWN,42551.0,Not Verified,small_business,17.75,0,26,0,39704,2.1,18,420,May-2017,307.69,424,Jul-1994,Current,11076.8,0.0,Dec-2017
6675, 60 months,6.05,E,< 1 year,MORTGAGE,48454.0,Verified,debt_consolidation,14.78,1,10,0,49524,47.9,33,410,Jan-2015,127.94,414,Mar-1993,Fully Paid,7676.249999999999,0.0,Dec-2017
28277, 60 months,8.41,F,< 1 year,OWN,49891.0,Not Verified,small_business,14.15,0,23,0,25664,68.3,37,345,Aug-2013,541.98,349,Dec-2010,Fully Paid,32518.55,0.0,Dec-2017
39659, 36 months,17.79,C,1 year,MORTGAGE,49468.0,Source Verified,credit_card,8.39,0,19,0,36928,13.1,28,420,Sep-2015,1266.88,424,Oct-1994,Fully Paid,45607.85,0.0,Dec-2017
1519, 36 months,20.31,B,1 year,OWN,24221.0,Verified,small_business,6.0,0,25,0,30039,85.9,32,360,Jan-2012,48.52,364,Aug-1982,Fully Paid,1746.85,0.0,Dec-2017
2002, 36 months,18.68,B,1 year,OWN,167152.0,Not Verified,credit_card,0.0,0,21,0,31910,36.1,29,390,Mar-2014,63.95,394,Mar-2011,Fully Paid,2302.2999999999997,0.0,Dec-2017
4960, 36 months,10.89,E,< 1 year,RENT,34333.0,Verified,car,9.35,0,28,1,15438,20.5,35,335,Apr-2016,158.44,339,Oct-1991,Fully Paid,5704.0,0.0,Dec-2017
33052, 60 months,12.38,A,1 year,RENT,73267.0,Not Verified,debt_consolidation,3.82,1,26,0,18952,41.8,6,410,Oct-2017,633.5,414,May-2002,Fully Paid,38009.799999999996,0.0,Dec-2017
23123, 36 months,12.71,A,< 1 year,RENT,42008.0,Not Verified,car,12.99,0,18,1,32205,75.8,10,335,Jan-2016,738.65,339,Jan-1991,Fully Paid,26591.449999999997,0.0,Dec-2017
3491, 36 months,22.9,B,,OWN,21247.0,Not Verified,car,17.15,0,5,0,19052,89.3,30,400,Oct-2012,111.52,404,Dec-1999,Fully Paid,4014.6499999999996,0.0,Dec-2017
12279, 60 months,25.6,F,,MORTGAGE,55674.0,Source Verified,credit_card,24.48,0,18,0,57980,51.2,47,340,Dec-2015,235.35,344,Nov-1995,Fully Paid,14120.849999999999,0.0,Dec-2017
1163, 36 months,12.25,D,,OWN,34453.0,Not Verified,credit_card,25.94,1,8,0,47600,65.1,56,410,Apr-2016,37.15,414,Jun-2000,Fully Paid,1337.4499999999998,0.0,Dec-2017
12201, 36 months,14.17,B,5 years,RENT,29102.0,Verified,credit_card,29.49,1,8,0,3916,62.3,5,405,Feb-2016,389.75,409,Jan-2002,Fully Paid,14031.15,0.0,Dec-2017
25328, 36 months,7.22,C,,OWN,56564.0,Verified,debt_consolidation,22.6,0,28,0,29578,70.4,56,380,Nov-2012,809.09,384,Aug-1987,Fully Paid,29127.199999999997,0.0,Dec-2017
30979, 36 months,19.34,E,< 1 year,MORTGAGE,51813.0,Source Verified,debt_consolidation,20.41,0,14,0,25919,40.7,29,385,Jul-2015,989.61,389,Jul-2005,Fully Paid,35625.85,0.0,Dec-2017
39582, 36 months,23.35,A,,MORTGAGE,53062.0,Source Verified,small_business,16.56,0,15,1,59955,31.6,56,410,May-2014,1264.42,414,Jun-2010,Fully Paid,45519.299999999996,0.0,Dec-2017
39670, 36 months,26.61,C,< 1 year,MORTGAGE,115020.0,Verified,car,4.81,1,29,0,28882,64.2,35,375,Sep-2012,1267.24,379,May-2001,Fully Paid,45620.5,0.0,Dec-2017
32995, 36 months,13.91,F,< 1 year,MORTGAGE,94466.0,Source Verified,credit_card,12.48,0,23,0,10145,95.6,9,340,Nov-2017,1054.01,344,Jul-2014,Fully Paid,37944.25,0.0,Dec-2017
21748, 36 months,23.26,F,1 year,RENT,26345.0,Verified,car,10.32,1,13,1,51978,32.8,25,390,Jan-2016,694.73,394,Mar-1987,Fully Paid,25010.199999999997,0.0,Dec-2017
5716, 36 months,18.4,B,5 years,RENT,71532.0,Verified,credit_card,21.39,0,8,0,11968,27.6,41,415,Jan-2017,182.59,419,Sep-2013,Fully Paid,6573.4,0.0,Dec-2017
1100, 60 months,6.98,A,10+ years,MORTGAGE,99119.0,Verified,debt_consolidation,20.19,0,2,0,10873,43.9,33,375,Jan-2012,21.08,379,May-1982,Fully Paid,1265.0,0.0,Dec-2017
22947, 60 months,14.03,E,10+ years,OWN,63623.0,Verified,debt_consolidation,20.12,0,22,0,40968,5.3,40,330,Jul-2014,439.82,334,Jan-2011,Fully Paid,26389.05,0.0,Dec-2017
24454, 36 months,17.43,D,5 years,RENT,244453.0,Not Verified,credit_card,6.72,1,23,0,48742,13.9,10,360,Feb-2013,781.17,364,Apr-2003,Fully Paid,28122.1,0.0,Dec-2017
18739, 36 months,27.24,G,10+ years,RENT,72472.0,Verified,debt_consolidation,8.85,0,15,0,51720,7.3,27,400,Jun-2017,598.61,404,Oct-1988,Current,21549.85,0.0,Dec-2017
30478, 36 months,19.77,E,10+ years,OWN,99817.0,Verified,credit_card,17.22,0,22,0,54102,74.0,49,415,Jul-2014,973.6,419,May-1985,Fully Paid,35049.7,0.0,Dec-2017
36969, 60 months,24.51,G,,MORTGAGE,37693.0,Verified,car,29.01,0,19,0,18977,76.9,34,415,Dec-2015,708.57,419,Apr-1992,Fully Paid,42514.35,0.0,Dec-2017
8072, 36 months,21.9,F,,RENT,173800.0,Not Verified,small_business,11.18,0,22,0,3085,28.8,47,400,Apr-2014,257.86,404,Dec-1997,Fully Paid,9282.8,0.0,Dec-2017
10527, 36 months,24.46,B,10+ years,OWN,123090.0,Verified,credit_card,25.9,0,10,0,56015,12.6,6,400,Aug-2017,336.28,404,Oct-1994,Late (31-120 days),12106.05,0.0,Dec-2017
10473, 60 months,7.81,B,1 year,OWN,30396.0,Not Verified,credit_card,25.39,1,19,0,42430,70.3,48,380,Sep-2012,200.73,384,Jul-2010,Fully Paid,12043.949999999999,0.0,Dec-2017
33495, 60 months,17.75,C,,OWN,16137.0,Verified,car,25.66,1,25,0,54112,0.9,54,340,Oct-2012,641.99,344,Jan-1997,Fully Paid,38519.25,0.0,Dec-2017
9128, 36 months,10.39,B,1 year,RENT,90366.0,Not Verified,debt_consolidation,17.2,0,23,0,52513,8.3,26,380,Jul-2014,291.59,384,May-2011,Fully Paid,10497.199999999999,0.0,Dec-2017
21863, 60 months,21.39,G,,MORTGAGE,38832.0,Not Verified,credit_card,21.12,0,16,0,15215,64.0,31,335,Jul-2015,419.04,339,Dec-2002,Fully Paid,25142.449999999997,0.0,Dec-2017
31583, 60 months,26.64,D,10+ years,MORTGAGE,41330.0,Not Verified,car,10.43,0,13,0,36897,91.6,7,405,Sep-2015,605.34,409,Nov-1999,Fully Paid,36320.45,0.0,Dec-2017
23353, 36 months,11.35,B,< 1 year,RENT,48290.0,Source Verified,credit_card,14.04,0,8,0,57008,9.8,23,395,Mar-2017,746.0,399,Jun-2011,Fully Paid,26855.949999999997,0.0,Dec-2017
37312, 60 months,7.02,F,,MORTGAGE,92004.0,Source Verified,car,30.03,1,12,0,54443,29.7,24,385,Apr-2014,715.15,389,Aug-1984,Fully Paid,42908.799999999996,0.0,Dec-2017
33852, 60 months,20.03,A,1 year,RENT,53292.0,Not Verified,car,9.83,0,26,0,43755,70.1,4,365,Sep-2017,648.83,369,Sep-2001,In Grace Period,38929.799999999996,0.0,Dec-2017
32298, 36 months,20.43,C,,RENT,45808.0,Source Verified,credit_card,25.38,0,15,0,9367,86.2,55,405,Mar-2016,1031.74,409,Aug-2010,Fully Paid,37142.7,0.0,Dec-2017
34913, 36 months,9.52,C,5 years,OWN,54793.0,Source Verified,car,15.01,1,5,0,21312,24.0,33,400,Jun-2015,1115.28,404,Oct-2011,Fully Paid,40149.95,0.0,Dec-2017
15969, 36 months,14.7,A,1 year,RENT,83702.0,Verified,debt_consolidation,10.42,1,12,0,46790,92.0,24,385,May-2013,510.12,389,Nov-1986,Fully Paid,18364.35,0.0,Dec-2017
22782, 36 months,16.44,F,5 years,OWN,45096.0,Source Verified,credit_card,11.16,0,3,0,3683,90.4,27,415,Jun-2016,727.76,419,Feb-1996,Current,26199.3,0.0,Dec-2017
31463, 60 months,6.67,C,,OWN,92443.0,Source Verified,small_business,12.69,1,12,0,4912,20.4,13,385,Nov-2012,603.04,389,Sep-1994,Fully Paid,36182.45,0.0,Dec-2017
26119, 36 months,27.33,B,1 year,MORTGAGE,41165.0,Verified,credit_card,17.13,2,12,1,42359,24.9,49,380,May-2012,834.36,384,Jul-1985,Fully Paid,30036.85,0.0,Dec-2017
22286, 36 months,8.47,C,10+ years,MORTGAGE,25616.0,Not Verified,car,7.62,0,5,0,24282,78.2,31,335,Jun-2016,711.91,339,Dec-2008,Fully Paid,25628.899999999998,0.0,Dec-2017
7509, 60 months,6.68,F,< 1 year,OWN,29431.0,Not Verified,small_business,13.84,0,8,0,9818,62.1,32,350,Jun-2013,143.92,354,Aug-1993,Fully Paid,8635.349999999999,0.0,Dec-2017
16978, 36 months,10.12,B,5 years,MORTGAGE,124423.0,Not Verified,car,26.91,0,25,0,40652,38.9,8,350,Jan-2016,542.35,354,Dec-1998,Fully Paid,19524.699999999997,0.0,Dec-2017
16391, 36 months,16.6,A,1 year,OWN,47624.0,Source Verified,debt_consolidation,21.05,0,8,0,7943,94.0,30,375,May-2015,523.6,379,Oct-1988,Fully Paid,18849.649999999998,0.0,Dec-2017
18799, 60 months,19.05,E,5 years,OWN,70668.0,Verified,small_business,7.21,1,9,0,57266,85.0,8,355,Jul-2014,360.31,359,Jul-1985,Fully Paid,21618.85,0.0,Dec-2017
24140, 36 months,24.01,G,< 1 year,OWN,78462.0,Source Verified,debt_consolidation,11.24,0,3,0,6523,1.5,56,385,Sep-2014,771.14,389,Oct-1985,Fully Paid,27760.999999999996,0.0,Dec-2017
6217, 36 months,10.31,D,< 1 year,OWN,107775.0,Not Verified,debt_consolidation,15.34,0,13,1,38067,64.9,19,390,Oct-2012,198.6,394,Nov-2009,Fully Paid,7149.549999999999,0.0,Dec-2017
39132, 36 months,24.71,B,1 year,MORTGAGE,56437.0,Source Verified,credit_card,27.84,0,2,0,9256,1.3,9,350,Oct-2013,1250.05,354,Feb-1986,Fully Paid,45001.799999999996,0.0,Dec-2017
38899, 36 months,21.73,F,10+ years,MORTGAGE,96240.0,Verified,debt_consolidation,25.77,0,17,0,15351,26.4,35,395,Dec-2015,1242.61,399,Oct-2002,Fully Paid,44733.85,0.0,Dec-2017
16537, 36 months,15.74,D,5 years,OWN,55100.0,Source Verified,debt_consolidation,24.83,1,12,0,41684,61.2,32,340,Apr-2014,528.27,344,Aug-2005,Fully Paid,19017.55,0.0,Dec-2017
33117, 36 months,21.76,C,10+ years,MORTGAGE,89496.0,Source Verified,debt_consolidation,24.28,0,22,0,54295,15.2,22,340,Jun-2016,1057.9,344,Jun-1992,Fully Paid,38084.549999999996,0.0,Dec-2017
36337, 60 months,22.04,B,10+ years,OWN,70518.0,Not Verified,small_business,10.42,0,16,0,21383,77.4,40,395,Sep-2017,696.46,399,Sep-1997,Fully Paid,41787.549999999996,0.0,Dec-2017
9132, 36 months,27.49,D,5 years,RENT,80764.0,Not Verified,credit_card,7.45,0,5,0,52928,56.9,44,370,Dec-2012,291.72,374,Feb-2003,Fully Paid,10501.8,0.0,Dec-2017
10917, 36 months,25.72,E,1 year,RENT,118556.0,Verified,debt_consolidation,0.0,0,14,0,38657,68.9,26,340,Feb-2013,348.74,344,May-1992,Fully Paid,12554.55,0.0,Dec-2017
26151, 36 months,21.98,E,5 years,OWN,33672.0,Source Verified,debt_consolidation,14.6,0,9,0,56360,24.6,12,345,Feb-2016,835.38,349,Nov-1996,Fully Paid,30073.649999999998,0.0,Dec-2017
2445, 60 months,14.28,B,5 years,RENT,42818.0,Not Verified,debt_consolidation,19.81,0,19,0,25815,72.4,12,380,Jul-2013,46.86,384,Jun-1994,Fully Paid,2811.75,0.0,Dec-2017
5103, 36 months,14.38,A,,MORTGAGE,46492.0,Not Verified,credit_card,24.0,0,24,0,24158,4.1,47,345,Feb-2014,163.01,349,Aug-2002,Fully Paid,5868.45,0.0,Dec-2017
19518, 36 months,21.74,A,10+ years,RENT,134166.0,Not Verified,credit_card,10.78,0,10,0,41782,43.1,55,330,Jun-2017,623.49,334,Mar-2012,Late (31-120 days),22445.699999999997,0.0,Dec-2017
4711, 36 months,23.3,E,,OWN,42531.0,Source Verified,car,9.27,1,27,0,3671,74.0,8,335,Jun-2017,150.49,339,Jul-2014,Current,5417.65,0.0,Dec-2017
28905, 60 months,10.84,C,10+ years,OWN,27024.0,Verified,car,30.18,2,19,1,22139,68.8,13,380,Jul-2017,554.01,384,Dec-1991,In Grace Period,33240.75,0.0,Dec-2017
6715, 60 months,26.26,F,,MORTGAGE,99532.0,Not Verified,car,15.02,1,2,0,34298,80.0,38,335,Jul-2016,128.7,339,Nov-2005,Current,7722.249999999999,0.0,Dec-2017
24321, 36 months,9.08,B,1 year,OWN,53485.0,Verified,small_business,8.5,0,11,0,37623,67.0,41,410,Apr-2012,776.92,414,Oct-1982,Fully Paid,27969.149999999998,0.0,Dec-2017
23241, 36 months,15.18,C,,MORTGAGE,50193.0,Source Verified,small_business,24.59,0,14,0,19716,77.5,5,360,Aug-2013,742.42,364,Jun-2003,Fully Paid,26727.149999999998,0.0,Dec-2017
38154, 36 months,20.29,C,,OWN,34991.0,Source Verified,car,9.92,0,8,0,52902,9.3,52,410,Oct-2015,1218.81,414,Aug-1999,Fully Paid,43877.1,0.0,Dec-2017
13441, 36 months,12.56,A,5 years,OWN,32488.0,Source Verified,small_business,12.99,0,18,0,48554,26.7,4,380,Aug-2017,429.37,384,Aug-2009,Fully Paid,15457.15,0.0,Dec-2017
39361, 36 months,17.0,D,1 year,OWN,28317.0,Not Verified,debt_consolidation,21.92,0,21,0,42395,96.3,20,350,Jul-2013,1257.37,354,Dec-2009,Fully Paid,45265.149999999994,0.0,Dec-2017
33619, 36 months,15.33,A,< 1 year,OWN,186065.0,Source Verified,debt_consolidation,38.58,0,21,0,41390,38.8,34,360,Feb-2012,1073.94,364,Jun-1998,Fully Paid,38661.85,0.0,Dec-2017
36929, 60 months,17.18,D,5 years,MORTGAGE,111703.0,Not Verified,small_business,14.41,1,24,0,9463,80.7,12,335,Mar-2016,707.81,339,Nov-2009,Fully Paid,42468.35,0.0,Dec-2017
24702, 60 months,16.44,G,10+ years,OWN,33007.0,Source Verified,credit_card,21.01,0,14,0,51234,26.8,48,405,Feb-2013,473.45,409,May-1992,Fully Paid,28407.3,0.0,Dec-2017
12178, 60 months,23.34,F,,MORTGAGE,122872.0,Verified,car,18.99,0,15,0,12307,12.0,10,330,Apr-2017,233.41,334,Jan-2005,Current,14004.699999999999,0.0,Dec-2017
34389, 60 months,19.47,C,5 years,RENT,44301.0,Source Verified,credit_card,21.18,1,3,0,39759,42.4,49,415,Jun-2013,659.12,419,Dec-1999,Fully Paid,39547.35,0.0,Dec-2017
4656, 60 months,25.38,A,< 1 year,OWN,102216.0,Verified,credit_card,9.58,0,11,0,12322,21.7,26,335,Oct-2012,89.24,339,May-1988,Fully Paid,5354.4,0.0,Dec-2017
38565, 36 months,25.59,D,1 year,OWN,65789.0,Source Verified,debt_consolidation,19.67,0,16,0,49058,28.4,51,385,May-2016,1231.94,389,May-2002,Fully Paid,44349.75,0.0,Dec-2017
9680, 36 months,23.69,E,1 year,OWN,56086.0,Not Verified,car,27.97,0,10,2,50273,28.3,42,330,Mar-2013,309.22,334,Dec-1993,Fully Paid,11132.0,0.0,Dec-2017
5411, 36 months,11.06,A,5 years,RENT,59665.0,Source Verified,credit_card,19.0,0,21,0,28554,56.5,49,355,Feb-2015,172.85,359,Sep-1988,Fully Paid,6222.65,0.0,Dec-2017
8392, 36 months,23.35,F,< 1 year,RENT,23416.0,Verified,credit_card,20.12,0,27,0,13267,18.2,37,365,Oct-2017,268.08,369,Oct-1989,Fully Paid,9650.8,0.0,Dec-2017
13665, 60 months,17.95,A,,OWN,58997.0,Verified,small_business,20.48,0,18,0,5955,95.6,51,350,Oct-2014,261.91,354,Feb-2002,Fully Paid,15714.749999999998,0.0,Dec-2017
11996, 36 months,26.41,D,,RENT,69796.0,Not Verified,credit_card,20.0,0,9,0,30725,39.1,19,360,Oct-2013,383.21,364,Dec-1986,Fully Paid,13795.4,0.0,Dec-2017
16604, 36 months,11.76,D,1 year,OWN,72778.0,Verified,debt_consolidation,0.0,0,16,0,30013,65.3,28,345,May-2013,530.41,349,Nov-1998,Fully Paid,19094.6,0.0,Dec-2017
33982, 36 months,21.38,F,10+ years,OWN,66278.0,Not Verified,debt_consolidation,3.96,0,27,0,15753,29.2,7,360,Dec-2014,1085.54,364,Jun-1993,Fully Paid,39079.299999999996,0.0,Dec-2017
15268, 36 months,12.29,D,5 years,MORTGAGE,94806.0,Not Verified,car,8.45,0,9,0,56646,73.0,58,355,Jul-2016,487.73,359,May-1992,Current,17558.199999999997,0.0,Dec-2017
29084, 60 months,22.76,D,1 year,OWN,39857.0,Source Verified,credit_card,25.91,2,11,0,6649,83.1,6,330,May-2016,557.44,334,Jan-1998,Charged Off,11633.6,1454.2,Dec-2017
10327, 36 months,10.28,B,1 year,RENT,45089.0,Verified,debt_consolidation,21.59,0,8,0,13572,46.0,4,385,Sep-2012,329.89,389,Aug-1986,Fully Paid,11876.05,0.0,Dec-2017
19370, 36 months,15.33,E,< 1 year,MORTGAGE,47290.0,Not Verified,debt_consolidation,21.48,0,20,0,13283,21.6,5,380,Jul-2015,618.76,384,Sep-2000,Fully Paid,22275.5,0.0,Dec-2017
28582, 60 months,16.51,C,,OWN,97769.0,Not Verified,car,0.0,0,26,0,2145,77.6,20,330,Jun-2013,547.82,334,Dec-2008,Fully Paid,32869.299999999996,0.0,Dec-2017
7775, 36 months,8.95,D,< 1 year,RENT,67282.0,Verified,small_business,19.33,0,17,0,20201,44.1,32,390,Mar-2014,248.37,394,Aug-2009,Fully Paid,8941.25,0.0,Dec-2017
7978, 36 months,27.88,A,5 years,OWN,50259.0,Not Verified,car,23.25,0,26,0,18740,86.7,38,400,Oct-2016,254.85,404,May-2004,Late (31-120 days),3191.2000000000003,398.90000000000003,Dec-2017
14607, 36 months,17.63,G,10+ years,OWN,103646.0,Verified,debt_consolidation,18.47,0,23,0,4517,29.2,44,340,Dec-2016,466.61,344,May-1999,Fully Paid,16798.05,0.0,Dec-2017
28471, 36 months,8.11,E,10+ years,MORTGAGE,217343.0,Source Verified,credit_card,18.45,0,24,0,46045,23.3,38,420,Sep-2014,909.49,424,Jul-1999,Fully Paid,32741.649999999998,0.0,Dec-2017
32443, 36 months,7.23,B,< 1 year,OWN,129773.0,Not Verified,car,12.1,0,15,0,13019,23.8,49,340,Jun-2013,1036.37,344,Dec-1987,Fully Paid,37309.45,0.0,Dec-2017
16163, 36 months,22.39,D,,RENT,46863.0,Source Verified,debt_consolidation,24.49,1,26,0,37838,96.5,32,330,Apr-2017,516.32,334,Sep-2007,In Grace Period,18587.449999999997,0.0,Dec-2017
38879, 36 months,13.53,B,5 years,MORTGAGE,92827.0,Verified,credit_card,16.93,0,18,0,30756,8.9,26,400,Feb-2017,1241.97,404,Aug-1997,In Grace Period,44710.85,0.0,Dec-2017
21664, 36 months,6.54,C,1 year,MORTGAGE,37845.0,Verified,debt_consolidation,18.83,0,5,0,29776,42.1,23,330,Aug-2015,692.04,334,Oct-2003,Fully Paid,24913.6,0.0,Dec-2017
23951, 60 months,20.44,A,,MORTGAGE,55352.0,Verified,credit_card,10.26,1,20,0,11144,20.0,42,405,Jul-2014,459.06,409,Nov-2006,Fully Paid,27543.649999999998,0.0,Dec-2017
26600, 36 months,20.89,B,1 year,MORTGAGE,44935.0,Not Verified,car,28.67,1,20,1,13803,58.0,9,375,Sep-2016,849.72,379,Dec-1989,Fully Paid,30589.999999999996,0.0,Dec-2017
30786, 36 months,18.06,D,< 1 year,RENT,64269.0,Verified,small_business,17.82,0,23,0,53467,68.7,34,340,May-2014,983.44,344,Sep-2005,Fully Paid,35403.899999999994,0.0,Dec-2017
26284, 60 months,14.85,F,1 year,RENT,57150.0,Not Verified,debt_consolidation,13.15,0,7,1,56772,48.6,8,405,Feb-2013,503.78,409,Sep-2005,Fully Paid,30226.6,0.0,Dec-2017
13494, 36 months,20.95,D,5 years,RENT,32227.0,Not Verified,small_business,31.72,1,5,0,4936,82.0,49,410,Sep-2017,431.06,414,Oct-2001,Late (31-120 days),15518.099999999999,0.0,Dec-2017
10390, 36 months,10.56,A,< 1 year,OWN,90258.0,Not Verified,small_business,22.48,0,16,0,33818,44.0,15,410,Nov-2013,331.9,414,Oct-2009,Fully Paid,11948.499999999998,0.0,Dec-2017
34240, 36 months,23.58,A,< 1 year,MORTGAGE,157147.0,Not Verified,small_business,8.0,0,18,0,11566,29.5,55,345,Feb-2016,1093.78,349,Jan-2010,Fully Paid,39376.0,0.0,Dec-2017
19174, 60 months,8.01,C,5 years,OWN,94095.0,Verified,debt_consolidation,16.73,0,17,0,40976,38.1,6,350,Apr-2014,367.5,354,Mar-2001,Fully Paid,22050.1,0.0,Dec-2017
14059, 36 months,12.31,D,,RENT,81860.0,Verified,credit_card,6.94,0,12,0,56243,73.8,23,345,Oct-2017,449.11,349,Oct-2008,Current,16167.849999999999,0.0,Dec-2017
14135, 36 months,16.63,G,1 year,MORTGAGE,53089.0,Verified,credit_card,26.3,0,9,0,35395,17.9,26,420,Dec-2014,451.53,424,Aug-1999,Fully Paid,16255.249999999998,0.0,Dec-2017
25482, 36 months,8.65,B,1 year,OWN,61168.0,Source Verified,car,21.11,0,4,0,40048,3.4,4,385,Jun-2015,814.01,389,Nov-1988,Fully Paid,29304.3,0.0,Dec-2017
39184, 36 months,21.54,E,10+ years,RENT,61543.0,Source Verified,small_business,13.19,0,20,1,9605,52.7,11,400,Oct-2014,1251.71,404,Feb-2006,Fully Paid,45061.6,0.0,Dec-2017
28480, 60 months,24.2,E,< 1 year,MORTGAGE,83493.0,Verified,credit_card,15.62,0,19,0,22259,52.4,44,340,Apr-2017,545.87,344,Sep-1988,Charged Off,11392.0,1424.0,Dec-2017
25534, 36 months,25.59,A,5 years,OWN,213009.0,Verified,credit_card,10.61,0,8,0,31744,29.7,15,355,Dec-2016,815.67,359,May-2005,In Grace Period,29364.1,0.0,Dec-2017
33132, 36 months,8.05,E,5 years,MORTGAGE,52420.0,Source Verified,car,11.26,2,7,0,36724,58.9,22,350,Mar-2015,1058.38,354,Apr-2006,Fully Paid,38101.799999999996,0.0,Dec-2017
13916, 60 months,20.35,B,5 years,MORTGAGE,24643.0,Not Verified,car,26.33,0,3,0,52093,93.3,8,345,Jan-2013,266.72,349,Jan-2003,Fully Paid,16003.4,0.0,Dec-2017
31228, 36 months,15.33,F,,MORTGAGE,86937.0,Not Verified,debt_consolidation,13.75,0,4,0,16764,92.9,55,390,Jan-2014,997.56,394,Jul-2009,Fully Paid,35912.2,0.0,Dec-2017
10741, 60 months,10.74,G,,MORTGAGE,189198.0,Not Verified,debt_consolidation,10.99,0,13,0,13155,35.6,11,400,Feb-2017,205.87,404,Feb-1990,Fully Paid,12352.15,0.0,Dec-2017
18979, 36 months,26.17,G,1 year,OWN,68695.0,Not Verified,debt_consolidation,13.49,0,27,1,48426,72.5,54,335,Nov-2017,606.27,339,Sep-2002,Current,21825.85,0.0,Dec-2017
1513, 36 months,23.27,B,5 years,RENT,70564.0,Not Verified,small_business,18.65,1,11,0,17984,93.9,12,400,May-2017,48.33,404,Aug-2006,Late (31-120 days),1739.9499999999998,0.0,Dec-2017
30298, 60 months,15.32,A,< 1 year,RENT,30896.0,Verified,small_business,26.31,0,29,0,40411,12.3,37,360,Oct-2017,580.71,364,Sep-2015,Current,34842.7,0.0,Dec-2017
4107, 36 months,18.94,F,,MORTGAGE,41356.0,Verified,small_business,23.81,0,4,0,7727,61.4,47,375,Jun-2012,131.2,379,Nov-1996,Fully Paid,4723.049999999999,0.0,Dec-2017
8658, 36 months,18.39,C,,RENT,91031.0,Not Verified,small_business,24.57,1,5,0,48580,61.7,18,360,Jul-2014,276.58,364,Oct-1994,Fully Paid,9956.699999999999,0.0,Dec-2017
32672, 36 months,21.08,A,5 years,RENT,20492.0,Not Verified,credit_card,13.33,1,15,0,7509,78.8,35,380,Jan-2012,1043.69,384,May-2001,Fully Paid,37572.799999999996,0.0,Dec-2017
10946, 36 months,24.65,B,5 years,RENT,58696.0,Source Verified,debt_consolidation,20.79,1,21,0,8644,98.0,41,395,May-2012,349.66,399,Dec-2009,Fully Paid,12587.9,0.0,Dec-2017
10352, 36 months,20.9,B,< 1 year,MORTGAGE,66726.0,Verified,credit_card,12.59,0,11,1,44330,14.0,11,405,Oct-2013,330.69,409,Jul-1988,Fully Paid,11904.8,0.0,Dec-2017
5831, 36 months,22.73,E,10+ years,RENT,27863.0,Not Verified,car,1.24,1,11,0,34616,95.8,46,390,Jun-2015,186.27,394,Aug-2010,Fully Paid,6705.65,0.0,Dec-2017
26046, 36 months,9.6,E,,RENT,58893.0,Source Verified,small_business,26.13,0,5,1,21833,40.3,12,360,May-2014,832.02,364,Oct-2002,Fully Paid,29952.899999999998,0.0,Dec-2017
25234, 36 months,15.65,D,1 year,RENT,62536.0,Not Verified,debt_consolidation,12.24,0,23,0,4109,64.1,7,380,Jun-2014,806.09,384,Apr-1990,Fully Paid,29019.1,0.0,Dec-2017
38092, 36 months,26.31,E,10+ years,RENT,48560.0,Source Verified,debt_consolidation,1.7,0,24,0,33398,96.0,10,385,Oct-2017,1216.83,389,Jun-2008,Fully Paid,43805.799999999996,0.0,Dec-2017
17681, 36 months,22.12,G,1 year,OWN,62591.0,Source Verified,car,13.08,0,19,0,14914,99.3,51,375,Dec-2017,564.81,379,Sep-1990,In Grace Period,20333.149999999998,0.0,Dec-2017
5713, 36 months,16.2,D,< 1 year,OWN,54671.0,Source Verified,small_business,5.85,0,6,0,830,11.9,56,395,Jun-2012,182.5,399,Oct-1999,Fully Paid,6569.95,0.0,Dec-2017
19142, 60 months,19.99,A,1 year,OWN,22382.0,Verified,small_business,20.14,0,16,0,7496,8.8,16,400,Feb-2014,366.89,404,Feb-1996,Fully Paid,22013.3,0.0,Dec-2017
37433, 36 months,12.19,F,< 1 year,RENT,43238.0,Verified,credit_card,15.61,0,10,0,34528,8.7,19,400,Sep-2016,1195.78,404,Sep-2012,In Grace Period,43047.95,0.0,Dec-2017
13980, 36 months,6.36,A,,RENT,70561.0,Not Verified,small_business,13.07,0,2,0,22327,71.3,34,385,Mar-2014,446.58,389,Feb-2012,Fully Paid,16076.999999999998,0.0,Dec-2017
8394, 60 months,6.66,A,1 year,MORTGAGE,133610.0,Not Verified,credit_card,27.75,1,13,0,2897,72.0,36,345,Nov-2014,160.88,349,Oct-1991,Fully Paid,9653.099999999999,0.0,Dec-2017
30934, 60 months,10.21,E,5 years,RENT,99286.0,Not Verified,debt_consolidation,9.0,0,10,0,7584,39.1,28,380,Feb-2015,592.9,384,Jan-1998,Fully Paid,35574.1,0.0,Dec-2017
35524, 60 months,13.96,B,,MORTGAGE,41831.0,Verified,small_business,17.45,0,16,0,8859,74.6,57,370,Oct-2012,680.88,374,Jun-1994,Fully Paid,40852.6,0.0,Dec-2017
5508, 36 months,26.42,F,< 1 year,RENT,345733.0,Source Verified,credit_card,23.28,0,24,0,4753,88.4,38,390,Sep-2014,175.95,394,Dec-1996,Fully Paid,6334.2,0.0,Dec-2017
29417, 36 months,25.61,E,1 year,OWN,47669.0,Verified,debt_consolidation,15.98,1,4,0,46144,87.9,23,410,Mar-2014,939.71,414,Mar-1986,Fully Paid,33829.549999999996,0.0,Dec-2017
36585, 36 months,7.87,B,10+ years,OWN,30645.0,Not Verified,car,19.52,0,10,0,12103,66.1,21,395,Jun-2014,1168.69,399,Jul-1988,Fully Paid,42072.75,0.0,Dec-2017
33023, 60 months,7.72,F,,MORTGAGE,30559.0,Verified,credit_card,10.53,0,10,0,58417,37.9,29,420,Apr-2014,632.94,424,Aug-2003,Fully Paid,37976.45,0.0,Dec-2017
30931, 60 months,11.83,D,1 year,RENT,126829.0,Source Verified,debt_consolidation,32.46,0,27,0,7067,3.8,54,365,Jan-2012,592.84,369,Dec-2003,Fully Paid,35570.649999999994,0.0,Dec-2017
14881, 36 months,20.71,A,5 years,MORTGAGE,19554.0,Source Verified,car,19.34,2,7,0,35578,86.3,12,395,Jun-2013,475.37,399,Oct-1995,Fully Paid,17113.149999999998,0.0,Dec-2017
20856, 60 months,11.09,F,< 1 year,OWN,89400.0,Verified,debt_consolidation,21.12,0,28,0,28701,20.8,40,385,Feb-2016,399.74,389,Dec-1994,Fully Paid,23984.399999999998,0.0,Dec-2017
12298, 36 months,23.47,B,10+ years,MORTGAGE,35476.0,Not Verified,car,13.82,0,4,0,48393,34.5,14,405,Oct-2013,392.85,409,Aug-1998,Fully Paid,14142.699999999999,0.0,Dec-2017
39576, 60 months,11.46,D,< 1 year,RENT,129261.0,Verified,car,21.81,0,20,0,28206,36.9,38,400,Dec-2017,758.54,404,Dec-1991,Fully Paid,45512.399999999994,0.0,Dec-2017
24076, 36 months,10.84,E,< 1 year,RENT,28407.0,Source Verified,debt_consolidation,14.9,0,21,0,14329,61.1,55,410,Jul-2014,769.09,414,May-1990,Fully Paid,27687.399999999998,0.0,Dec-2017
20456, 36 months,8.46,F,10+ years,RENT,21440.0,Not Verified,debt_consolidation,23.99,1,22,0,36342,16.2,13,380,Mar-2014,653.46,384,Mar-1992,Fully Paid,23524.399999999998,0.0,Dec-2017
25109, 36 months,21.52,G,,MORTGAGE,85463.0,Verified,car,17.45,1,20,0,49548,49.2,32,400,Oct-2017,802.09,404,May-2001,Late (31-120 days),28875.35,0.0,Dec-2017
36492, 36 months,7.18,B,5 years,RENT,39686.0,Verified,small_business,9.7,0,16,0,41510,84.7,39,415,Mar-2013,1165.72,419,Oct-1999,Fully Paid,41965.799999999996,0.0,Dec-2017
34533, 36 months,7.09,F,,RENT,32085.0,Not Verified,small_business,17.02,0,7,0,20620,10.8,24,380,Oct-2014,1103.14,384,Aug-1990,Fully Paid,39712.95,0.0,Dec-2017
7471, 60 months,7.45,A,5 years,MORTGAGE,59213.0,Verified,debt_consolidation,31.41,0,28,1,46560,5.9,59,340,Nov-2016,143.19,344,Oct-2002,Fully Paid,8591.65,0.0,Dec-2017
5749, 36 months,11.6,G,5 years,OWN,32077.0,Not Verified,car,16.5,0,19,0,16492,55.2,12,420,Sep-2017,183.65,424,Jun-2012,Current,2299.6,287.45,Dec-2017
27818, 36 months,21.71,D,5 years,RENT,99309.0,Not Verified,car,20.26,0,27,0,45974,99.9,43,415,Jul-2017,888.63,419,Jan-2011,Fully Paid,31990.699999999997,0.0,Dec-2017
16791, 36 months,23.1,F,5 years,MORTGAGE,39540.0,Not Verified,credit_card,20.0,0,4,0,52152,24.3,50,335,Mar-2012,536.38,339,Apr-1998,Fully Paid,19309.649999999998,0.0,Dec-2017
14651, 36 months,9.0,B,1 year,MORTGAGE,32207.0,Not Verified,car,20.73,1,19,0,26457,58.4,16,330,Jan-2015,468.02,334,Aug-2004,Fully Paid,16848.649999999998,0.0,Dec-2017
9777, 36 months,24.58,E,< 1 year,OWN,19305.0,Verified,debt_consolidation,11.53,0,23,0,11548,71.0,30,340,May-2012,312.32,344,Feb-1986,Charged Off,3910.8,488.85,Dec-2017
32810, 36 months,24.28,B,,RENT,81111.0,Source Verified,car,21.24,0,15,0,19026,37.1,18,375,Jul-2014,1048.1,379,Dec-2004,Fully Paid,37731.5,0.0,Dec-2017
14924, 36 months,14.43,B,< 1 year,OWN,78073.0,Not Verified,credit_card,12.84,1,23,0,2693,65.3,35,405,Mar-2012,476.74,409,Feb-1987,Fully Paid,17162.6,0.0,Dec-2017
24377, 36 months,11.22,D,10+ years,RENT,84019.0,Source Verified,debt_consolidation,19.43,1,6,0,35183,95.8,26,380,Sep-2013,778.71,384,Mar-1987,Fully Paid,28033.55,0.0,Dec-2017
11279, 36 months,16.7,E,5 years,RENT,26218.0,Source Verified,car,4.27,0,27,0,2536,30.2,19,385,Dec-2015,360.3,389,Jul-2012,Fully Paid,12970.849999999999,0.0,Dec-2017
25255, 36 months,11.54,A,< 1 year,RENT,41596.0,Source Verified,debt_consolidation,29.59,0,27,0,22697,75.5,36,385,Jan-2017,806.76,389,Oct-2011,Fully Paid,29043.249999999996,0.0,Dec-2017
5675, 60 months,13.1,E,5 years,MORTGAGE,99607.0,Source Verified,car,15.84,0,18,0,9693,36.0,20,390,Apr-2013,108.77,394,Jun-2005,Fully Paid,6526.249999999999,0.0,Dec-2017
22754, 36 months,10.15,B,5 years,RENT,61309.0,Verified,debt_consolidation,22.72,0,16,0,35545,67.7,56,385,Jun-2014,726.86,389,Jun-2009,Fully Paid,26167.1,0.0,Dec-2017
12909, 36 months,23.6,A,,OWN,129576.0,Source Verified,debt_consolidation,8.62,0,13,0,54300,39.9,20,335,Jun-2015,412.37,339,Jul-1989,Fully Paid,14845.349999999999,0.0,Dec-2017
17518, 60 months,20.05,A,< 1 year,RENT,58270.0,Verified,credit_card,17.18,1,18,0,3422,81.3,42,400,Aug-2016,335.76,404,Oct-2002,Fully Paid,20145.699999999997,0.0,Dec-2017
39800, 36 months,9.08,C,< 1 year,MORTGAGE,76471.0,Verified,small_business,14.49,0,19,0,18205,30.2,48,360,Oct-2016,1271.39,364,Dec-1987,Fully Paid,45770.0,0.0,Dec-2017
32498, 36 months,18.91,G,,RENT,38656.0,Verified,debt_consolidation,24.13,1,17,0,28370,72.6,24,335,Dec-2017,1038.13,339,Aug-2011,Fully Paid,37372.7,0.0,Dec-2017
27995, 36 months,14.67,A,,OWN,53955.0,Verified,car,19.84,0,8,1,43028,23.5,27,400,Dec-2013,894.28,404,Feb-1995,Fully Paid,32194.249999999996,0.0,Dec-2017
24781, 36 months,26.86,B,5 years,MORTGAGE,76993.0,Source Verified,small_business,20.33,0,11,0,46211,12.8,51,400,Apr-2015,791.62,404,Sep-2008,Fully Paid,28498.149999999998,0.0,Dec-2017
24015, 36 months,26.76,A,1 year,RENT,48200.0,Source Verified,debt_consolidation,16.1,1,18,0,14781,10.7,26,400,Jun-2013,767.15,404,Sep-1992,Charged Off,9606.0,1200.75,Dec-2017
12835, 36 months,18.77,G,10+ years,MORTGAGE,26799.0,Verified,credit_card,20.71,1,18,0,32904,90.3,57,395,Jan-2012,410.01,399,Mar-1997,Fully Paid,14760.249999999998,0.0,Dec-2017
32206, 36 months,24.3,F,10+ years,MORTGAGE,67619.0,Source Verified,small_business,23.42,0,29,0,11767,14.5,6,360,May-2016,1028.8,364,Nov-1997,Fully Paid,37036.899999999994,0.0,Dec-2017
14336, 36 months,11.96,D,10+ years,OWN,50967.0,Source Verified,debt_consolidation,22.75,0,22,0,39625,4.3,41,420,Oct-2014,457.96,424,Jul-1999,Fully Paid,16486.399999999998,0.0,Dec-2017
26113, 36 months,8.65,B,< 1 year,OWN,53204.0,Source Verified,small_business,7.06,2,4,0,39014,8.3,11,365,Nov-2014,834.17,369,Aug-1997,Fully Paid,30029.949999999997,0.0,Dec-2017
27169, 36 months,24.82,D,1 year,OWN,32005.0,Verified,credit_card,5.58,1,24,0,51646,88.7,25,330,Jan-2015,867.9,334,Mar-2002,Charged Off,10867.6,1358.45,Dec-2017
19098, 60 months,14.8,F,,OWN,14667.0,Not Verified,car,30.07,0,3,0,11189,20.2,46,345,Nov-2012,366.04,349,Jan-2003,Fully Paid,21962.699999999997,0.0,Dec-2017
17270, 60 months,17.87,E,,OWN,151137.0,Verified,credit_card,14.09,0,4,0,12170,92.1,26,335,May-2016,331.01,339,Mar-1995,Fully Paid,19860.5,0.0,Dec-2017
21137, 60 months,22.38,D,< 1 year,OWN,49164.0,Verified,credit_card,12.14,0,5,0,14952,43.6,46,370,Jul-2012,405.13,374,Aug-1989,Fully Paid,24307.55,0.0,Dec-2017
1655, 36 months,27.01,F,,RENT,64456.0,Not Verified,credit_card,17.14,2,25,0,17935,36.9,9,340,May-2012,52.87,344,May-1991,Fully Paid,1903.2499999999998,0.0,Dec-2017
2888, 36 months,14.04,E,,MORTGAGE,84131.0,Not Verified,small_business,14.25,0,19,0,18114,57.5,49,355,Jun-2016,92.26,359,Apr-2005,In Grace Period,3321.2,0.0,Dec-2017
6991, 36 months,10.9,D,,OWN,48369.0,Not Verified,car,9.93,0,5,0,13131,37.9,27,350,Apr-2014,223.32,354,Mar-2003,Fully Paid,8039.65,0.0,Dec-2017
30001, 36 months,6.42,D,1 year,OWN,32372.0,Not Verified,debt_consolidation,20.32,0,4,0,15130,65.5,44,405,Feb-2017,958.37,409,May-2009,Current,34501.149999999994,0.0,Dec-2017
23284, 60 months,17.69,B,,OWN,34762.0,Verified,car,29.58,0,8,0,42469,99.2,35,340,Dec-2016,446.28,344,Sep-2008,Fully Paid,26776.6,0.0,Dec-2017
14930, 36 months,7.57,G,,MORTGAGE,130599.0,Verified,debt_consolidation,16.33,1,17,0,20363,83.5,40,395,May-2017,476.93,399,Jul-2009,Late (31-120 days),17169.5,0.0,Dec-2017
3964, 36 months,17.13,C,,OWN,49914.0,Source Verified,small_business,26.55,0,13,0,48958,25.7,24,350,Mar-2013,126.63,354,Oct-1987,Fully Paid,4558.599999999999,0.0,Dec-2017
33493, 36 months,19.67,B,10+ years,RENT,72109.0,Not Verified,credit_card,15.59,0,29,0,33821,11.5,15,345,Jan-2015,1069.92,349,Nov-2002,Fully Paid,38516.95,0.0,Dec-2017
5731, 36 months,11.55,D,,OWN,37677.0,Verified,small_business,6.45,0,7,0,11895,71.7,46,345,Sep-2017,183.07,349,Dec-1989,Late (31-120 days),6590.65,0.0,Dec-2017
17095, 36 months,12.79,D,< 1 year,MORTGAGE,117199.0,Verified,small_business,15.07,0,24,1,36538,71.6,14,345,Dec-2012,546.09,349,Jul-1985,Fully Paid,19659.25,0.0,Dec-2017
31994, 36 months,23.87,B,10+ years,OWN,103372.0,Not Verified,credit_card,8.15,0,2,0,59336,89.8,26,420,Jan-2017,1022.03,424,Jul-2002,Fully Paid,36793.1,0.0,Dec-2017
27585, 36 months,16.38,C,< 1 year,MORTGAGE,24717.0,Source Verified,car,19.38,0,4,0,13980,38.4,21,340,May-2013,881.19,344,Feb-2005,Fully Paid,31722.749999999996,0.0,Dec-2017
22879, 60 months,19.04,B,1 year,RENT,47763.0,Verified,credit_card,7.76,0,4,0,54314,78.9,12,335,Oct-2013,438.51,339,May-1989,Fully Paid,26310.85,0.0,Dec-2017
18009, 36 months,9.22,F,,OWN,143889.0,Verified,credit_card,25.45,0,14,0,32473,1.2,24,415,Sep-2014,575.29,419,Apr-2000,Fully Paid,20710.35,0.0,Dec-2017
13765, 36 months,22.75,C,5 years,OWN,64845.0,Verified,credit_card,28.75,0,8,1,13129,39.9,39,355,Dec-2014,439.72,359,Nov-2002,Fully Paid,15829.749999999998,0.0,Dec-2017
7062, 36 months,22.09,E,,MORTGAGE,70627.0,Source Verified,debt_consolidation,22.79,0,28,0,40302,80.9,21,380,Feb-2017,225.59,384,Jul-1998,In Grace Period,8121.299999999999,0.0,Dec-2017
2509, 60 months,8.88,C,10+ years,RENT,94797.0,Verified,debt_consolidation,14.26,1,4,0,22913,22.8,26,395,Jan-2017,48.09,399,Apr-1993,Fully Paid,2885.35,0.0,Dec-2017
21249, 36 months,27.63,C,< 1 year,RENT,49536.0,Verified,car,15.93,0,2,0,53720,56.8,18,340,Nov-2015,678.79,344,Oct-1994,Fully Paid,24436.35,0.0,Dec-2017
20326, 36 months,7.36,E,5 years,OWN,41771.0,Verified,car,39.83,0,25,0,18126,25.5,30,355,Sep-2014,649.3,359,Oct-2005,Fully Paid,23374.899999999998,0.0,Dec-2017
38629, 60 months,22.59,A,10+ years,OWN,147647.0,Not Verified,car,8.59,1,4,0,47967,3.5,25,360,Aug-2013,740.39,364,Dec-1995,Fully Paid,44423.35,0.0,Dec-2017
17689, 36 months,10.49,C,5 years,OWN,25226.0,Source Verified,credit_card,27.79,0,25,0,43429,42.5,55,410,Aug-2013,565.07,414,May-2005,Fully Paid,20342.35,0.0,Dec-2017
10592, 60 months,27.13,B,5 years,RENT,63051.0,Source Verified,car,28.27,0,26,0,40600,52.9,45,375,Jul-2016,203.01,379,Mar-2010,Fully Paid,12180.8,0.0,Dec-2017
18491, 60 months,17.29,A,10+ years,MORTGAGE,56404.0,Not Verified,credit_card,22.66,0,22,0,51973,20.5,23,415,Mar-2014,354.41,419,Mar-2004,Fully Paid,21264.649999999998,0.0,Dec-2017
8457, 36 months,18.54,G,1 year,MORTGAGE,58595.0,Verified,credit_card,29.76,0,18,0,51902,78.4,24,370,Aug-2014,270.15,374,Apr-2010,Fully Paid,9725.55,0.0,Dec-2017
7721, 36 months,21.62,E,,OWN,58112.0,Source Verified,small_business,24.12,0,18,0,22508,12.2,35,410,Oct-2013,246.64,414,Sep-1996,Fully Paid,8879.15,0.0,Dec-2017
33883, 60 months,27.68,C,1 year,MORTGAGE,129410.0,Source Verified,debt_consolidation,24.04,1,10,0,56553,67.8,10,415,Nov-2017,649.42,419,Sep-2000,Fully Paid,38965.45,0.0,Dec-2017
25169, 36 months,9.05,D,5 years,RENT,111200.0,Not Verified,debt_consolidation,8.63,0,29,0,4505,50.6,57,420,Jun-2014,804.01,424,Oct-2009,Fully Paid,28944.35,0.0,Dec-2017
15828, 36 months,24.71,B,5 years,RENT,39891.0,Source Verified,small_business,2.16,0,11,0,24786,48.5,23,400,Jul-2014,505.62,404,Jan-2001,Fully Paid,18202.199999999997,0.0,Dec-2017
3508, 60 months,26.39,C,1 year,OWN,84839.0,Not Verified,debt_consolidation,13.83,0,6,1,56250,50.3,30,345,Mar-2017,67.24,349,Feb-1994,Charged Off,1403.2,175.4,Dec-2017
20920, 36 months,7.57,G,< 1 year,OWN,128794.0,Source Verified,credit_card,11.53,0,15,0,36980,17.6,8,335,Jan-2017,668.28,339,Dec-1997,Late (31-120 days),24057.999999999996,0.0,Dec-2017
14671, 60 months,17.5,G,,OWN,94546.0,Not Verified,car,18.77,0,11,0,24029,72.3,19,375,Oct-2012,281.19,379,Jul-1992,Fully Paid,16871.649999999998,0.0,Dec-2017
22915, 36 months,19.09,B,10+ years,RENT,107387.0,Not Verified,debt_consolidation,30.83,1,2,0,42812,90.8,37,365,Feb-2012,732.01,369,Mar-2008,Fully Paid,26352.249999999996,0.0,Dec-2017
24731, 36 months,20.89,B,10+ years,MORTGAGE,41752.0,Not Verified,debt_consolidation,17.51,0,4,0,7078,85.8,57,395,Mar-2017,790.02,399,Jul-2000,Late (31-120 days),28440.649999999998,0.0,Dec-2017
23680, 60 months,10.51,D,5 years,MORTGAGE,46187.0,Verified,debt_consolidation,2.17,0,27,0,37006,26.8,57,365,Apr-2016,453.87,369,Mar-1999,Fully Paid,27231.999999999996,0.0,Dec-2017
4684, 36 months,12.55,F,10+ years,RENT,92295.0,Not Verified,debt_consolidation,15.38,0,16,0,49756,36.3,12,350,Jul-2017,149.63,354,Jan-1993,Fully Paid,5386.599999999999,0.0,Dec-2017
32471, 36 months,19.58,A,10+ years,OWN,113290.0,Verified,debt_consolidation,5.38,0,26,0,83,98.0,13,410,May-2014,1037.27,414,Oct-2005,Fully Paid,37341.649999999994,0.0,Dec-2017
2740, 60 months,11.5,G,1 year,MORTGAGE,45717.0,Not Verified,small_business,17.95,1,24,0,56854,76.3,23,370,Apr-2013,52.52,374,Apr-1993,Fully Paid,3150.9999999999995,0.0,Dec-2017
16906, 60 months,27.37,A,5 years,OWN,57520.0,Not Verified,debt_consolidation,24.29,0,9,0,47492,10.9,29,335,Dec-2014,324.03,339,Oct-1996,Fully Paid,19441.899999999998,0.0,Dec-2017
6865, 36 months,27.45,D,10+ years,OWN,72879.0,Source Verified,credit_card,34.65,0,10,0,47431,19.1,33,335,Jan-2013,219.3,339,Jan-1992,Fully Paid,7894.749999999999,0.0,Dec-2017
20747, 60 months,21.43,D,1 year,OWN,34211.0,Source Verified,small_business,33.77,1,8,0,9227,54.3,11,375,Mar-2013,397.65,379,Mar-2001,Fully Paid,23859.05,0.0,Dec-2017
23520, 36 months,13.41,C,,RENT,56299.0,Verified,car,8.04,0,3,0,56808,66.5,52,340,Apr-2016,751.33,344,Sep-1993,Fully Paid,27047.999999999996,0.0,Dec-2017
4230, 36 months,26.35,G,1 year,RENT,56757.0,Source Verified,car,20.9,0,24,0,44626,9.1,28,345,Jul-2017,135.12,349,Jun-1996,Current,4864.5,0.0,Dec-2017
39765, 36 months,21.46,A,1 year,RENT,45354.0,Verified,small_business,19.99,0,3,0,53189,63.0,9,375,Sep-2013,1270.27,379,Jul-1992,Fully Paid,45729.75,0.0,Dec-2017
35186, 36 months,23.5,F,< 1 year,OWN,51585.0,Source Verified,credit_card,11.06,0,21,0,32261,27.0,54,380,Mar-2013,1124.0,384,Jun-1993,Fully Paid,40463.899999999994,0.0,Dec-2017
10036, 60 months,15.11,C,5 years,OWN,67722.0,Verified,small_business,5.39,0,21,0,23559,32.0,36,400,Mar-2017,192.36,404,Sep-1992,Fully Paid,11541.4,0.0,Dec-2017
27248, 36 months,22.51,F,< 1 year,OWN,82722.0,Verified,car,32.7,0,27,0,48763,60.5,40,395,May-2015,870.42,399,Apr-1999,Fully Paid,31335.199999999997,0.0,Dec-2017
3611, 36 months,6.16,G,10+ years,MORTGAGE,121436.0,Source Verified,small_business,23.03,1,11,0,55746,79.9,34,380,Jan-2016,115.35,384,Jul-1994,Fully Paid,4152.65,0.0,Dec-2017
14015, 60 months,10.53,D,< 1 year,RENT,102074.0,Verified,small_business,25.27,0,26,0,7252,27.2,20,405,Aug-2015,268.62,409,Jun-1986,Fully Paid,16117.249999999998,0.0,Dec-2017
9907, 36 months,13.15,F,10+ years,OWN,50191.0,Not Verified,debt_consolidation,11.16,0,8,0,8117,82.7,16,350,Apr-2016,316.47,354,Sep-2008,Fully Paid,11393.05,0.0,Dec-2017
7919, 60 months,26.04,B,1 year,RENT,46300.0,Verified,small_business,38.22,1,21,1,6299,63.7,27,350,Feb-2017,151.78,354,Aug-2014,Late (31-120 days),9106.849999999999,0.0,Dec-2017
39556, 36 months,12.26,A,5 years,MORTGAGE,74109.0,Source Verified,debt_consolidation,25.01,0,27,0,31827,92.6,56,385,Jul-2012,1263.59,389,Oct-2006,Charged Off,15822.400000000001,1977.8000000000002,Dec-2017
21634, 36 months,18.7,G,,MORTGAGE,70831.0,Not Verified,car,10.53,0,14,0,4321,57.8,6,390,Oct-2014,691.09,394,Sep-2010,Fully Paid,24879.1,0.0,Dec-2017
19490, 36 months,21.36,F,< 1 year,MORTGAGE,84232.0,Not Verified,small_business,0.0,0,4,0,6635,62.4,12,410,Dec-2016,622.6,414,Apr-2007,Fully Paid,22413.5,0.0,Dec-2017
7815, 36 months,26.35,F,,OWN,33909.0,Source Verified,car,29.71,1,21,0,48084,20.1,19,395,Dec-2016,249.65,399,Jul-1993,In Grace Period,3126.0,390.75,Dec-2017
23651, 60 months,11.9,C,< 1 year,OWN,70783.0,Verified,debt_consolidation,7.94,0,16,0,23063,34.0,48,360,Jan-2017,453.31,364,Sep-1996,Current,27198.649999999998,0.0,Dec-2017
15257, 36 months,6.52,D,1 year,OWN,76886.0,Source Verified,small_business,21.38,0,26,0,53499,5.6,51,335,Feb-2015,487.38,339,Jul-1986,Fully Paid,17545.55,0.0,Dec-2017
10925, 36 months,10.66,A,< 1 year,MORTGAGE,78616.0,Verified,debt_consolidation,25.26,0,3,0,47747,26.5,43,360,Jul-2013,348.99,364,Sep-1992,Fully Paid,12563.749999999998,0.0,Dec-2017
22429, 36 months,14.91,A,5 years,MORTGAGE,31822.0,Not Verified,debt_consolidation,11.27,0,16,0,22936,82.9,10,385,Sep-2017,716.48,389,Sep-2000,In Grace Period,25793.35,0.0,Dec-2017
2480, 36 months,9.66,G,,MORTGAGE,59913.0,Verified,small_business,30.26,0,4,0,55897,29.6,55,375,Aug-2017,79.22,379,Sep-1987,Fully Paid,2852.0,0.0,Dec-2017
20102, 36 months,19.55,E,,RENT,50544.0,Verified,credit_card,13.67,0,5,0,52472,64.5,48,385,Apr-2016,642.15,389,Mar-2003,Fully Paid,23117.3,0.0,Dec-2017
12025, 36 months,15.09,E,5 years,RENT,112203.0,Verified,car,22.19,0,23,0,21488,75.8,18,345,Aug-2014,384.13,349,Aug-2008,Fully Paid,13828.749999999998,0.0,Dec-2017
22630, 36 months,6.98,A,< 1 year,RENT,133882.0,Not Verified,credit_card,2.91,3,6,0,43435,22.8,17,410,Jun-2017,722.9,414,Apr-1996,Late (31-120 days),26024.499999999996,0.0,Dec-2017
7562, 36 months,27.18,F,< 1 year,OWN,16270.0,Verified,debt_consolidation,33.73,0,13,0,34064,71.5,43,375,Nov-2013,241.56,379,May-2006,Fully Paid,8696.3,0.0,Dec-2017
39940, 60 months,25.95,A,1 year,RENT,31636.0,Not Verified,credit_card,2.01,1,21,1,53684,80.8,6,380,Aug-2017,765.52,384,Jan-1993,Fully Paid,45931.0,0.0,Dec-2017
6805, 36 months,8.87,G,5 years,MORTGAGE,55881.0,Not Verified,car,28.07,0,11,0,3706,45.6,44,420,May-2016,217.38,424,Jan-2005,Fully Paid,7825.749999999999,0.0,Dec-2017
9399, 60 months,17.08,E,1 year,MORTGAGE,84968.0,Source Verified,car,6.45,0,13,0,23861,32.2,5,365,Oct-2016,180.15,369,May-1998,In Grace Period,10808.849999999999,0.0,Dec-2017
31187, 36 months,22.32,D,,RENT,101940.0,Not Verified,small_business,21.01,0,9,0,44612,8.4,34,365,Apr-2016,996.25,369,Jul-2008,Fully Paid,35865.049999999996,0.0,Dec-2017
18369, 36 months,27.35,F,10+ years,MORTGAGE,21157.0,Not Verified,small_business,9.07,0,10,0,1801,1.3,54,335,Sep-2012,586.79,339,Mar-1998,Fully Paid,21124.35,0.0,Dec-2017
28948, 36 months,12.66,B,,MORTGAGE,66524.0,Verified,car,17.68,1,21,0,20453,94.9,20,340,Aug-2012,924.73,344,Sep-1995,Fully Paid,33290.2,0.0,Dec-2017
3094, 36 months,13.05,E,10+ years,MORTGAGE,35711.0,Verified,credit_card,22.73,0,9,0,52845,52.8,13,370,Sep-2012,98.84,374,Apr-1987,Fully Paid,3558.1,0.0,Dec-2017
4673, 36 months,15.3,C,10+ years,OWN,67172.0,Source Verified,car,15.87,1,7,0,50567,0.0,40,415,Sep-2017,149.28,419,May-2008,In Grace Period,5373.95,0.0,Dec-2017
32576, 36 months,26.4,D,5 years,OWN,89976.0,Source Verified,credit_card,32.79,0,8,0,13698,80.2,56,410,Sep-2015,1040.62,414,May-1990,Fully Paid,37462.399999999994,0.0,Dec-2017
24237, 36 months,16.47,A,< 1 year,MORTGAGE,87143.0,Verified,car,22.3,0,25,3,34660,79.9,52,380,Jul-2017,774.24,384,Aug-1991,Current,27872.55,0.0,Dec-2017
23836, 36 months,21.75,G,10+ years,OWN,121835.0,Not Verified,debt_consolidation,17.96,0,12,0,14961,96.3,32,365,Aug-2013,761.43,369,May-1997,Fully Paid,27411.399999999998,0.0,Dec-2017
35650, 60 months,21.57,B,5 years,OWN,126921.0,Not Verified,car,19.4,2,24,0,28312,38.9,46,395,Mar-2015,683.29,399,Jan-1995,Fully Paid,40997.5,0.0,Dec-2017
37113, 36 months,24.06,E,1 year,RENT,46531.0,Not Verified,credit_card,33.74,1,11,0,3949,35.4,56,345,Apr-2014,1185.55,349,Oct-1990,Fully Paid,42679.95,0.0,Dec-2017
36755, 36 months,17.85,B,,MORTGAGE,14596.0,Source Verified,debt_consolidation,11.38,0,9,0,4383,82.1,34,400,Apr-2016,1174.12,404,Jul-1998,Fully Paid,42268.25,0.0,Dec-2017
26648, 60 months,6.01,G,5 years,RENT,43258.0,Verified,credit_card,21.34,1,15,0,52019,99.5,49,340,Jan-2013,510.75,344,Jul-1990,Fully Paid,30645.199999999997,0.0,Dec-2017
28007, 36 months,6.73,G,5 years,RENT,69786.0,Verified,car,19.23,0,20,0,27855,87.0,49,385,Sep-2016,894.67,389,Jul-1991,Late (31-120 days),32208.05,0.0,Dec-2017
19568, 36 months,18.21,F,1 year,MORTGAGE,92939.0,Source Verified,car,21.76,0,29,0,22537,69.4,48,335,Jul-2016,625.09,339,Jan-2013,Fully Paid,22503.199999999997,0.0,Dec-2017
13181, 60 months,27.33,A,,OWN,21261.0,Not Verified,small_business,26.86,0,12,0,18748,40.8,36,400,Dec-2015,252.64,404,May-2004,Fully Paid,15158.15,0.0,Dec-2017
21663, 36 months,26.59,G,< 1 year,RENT,35029.0,Verified,car,8.4,0,20,0,55974,89.7,5,405,Feb-2017,692.01,409,Oct-1997,Fully Paid,24912.449999999997,0.0,Dec-2017
21693, 36 months,25.77,B,5 years,OWN,49738.0,Verified,credit_card,11.53,1,25,0,32353,28.0,40,340,Dec-2017,692.97,344,Apr-2012,Current,24946.949999999997,0.0,Dec-2017
18603, 60 months,18.53,E,5 years,RENT,41327.0,Source Verified,debt_consolidation,20.08,0,4,0,5195,19.5,50,350,Oct-2012,356.56,354,Mar-1989,Fully Paid,21393.449999999997,0.0,Dec-2017
22937, 36 months,9.17,B,10+ years,MORTGAGE,36321.0,Source Verified,small_business,32.28,1,14,0,31830,73.4,37,340,Dec-2016,732.71,344,Mar-1993,Current,26377.55,0.0,Dec-2017
14017, 60 months,10.71,D,1 year,OWN,54128.0,Source Verified,car,16.93,0,4,0,55202,55.3,32,355,Feb-2015,268.66,359,Dec-2009,Fully Paid,16119.55,0.0,Dec-2017
17463, 36 months,20.63,D,1 year,MORTGAGE,97709.0,Not Verified,small_business,20.9,0,19,0,29150,21.0,35,385,Jan-2017,557.85,389,Jun-1994,Current,20082.449999999997,0.0,Dec-2017
24577, 36 months,13.08,C,,MORTGAGE,90430.0,Source Verified,debt_consolidation,6.03,0,29,2,44185,11.1,42,390,May-2014,785.1,394,Oct-2008,Fully Paid,28263.55,0.0,Dec-2017
34449, 60 months,17.69,F,10+ years,RENT,41844.0,Verified,credit_card,29.0,1,4,0,14336,30.5,57,415,May-2012,660.27,419,Oct-1988,Fully Paid,39616.35,0.0,Dec-2017
17261, 36 months,8.33,G,5 years,OWN,43818.0,Not Verified,credit_card,27.96,1,17,0,56208,82.2,51,365,Sep-2016,551.39,369,Jul-1992,Fully Paid,19850.149999999998,0.0,Dec-2017
11078, 60 months,8.46,D,,MORTGAGE,75116.0,Not Verified,small_business,12.75,2,29,0,30586,3.3,20,370,Nov-2012,212.33,374,May-2008,Fully Paid,12739.699999999999,0.0,Dec-2017
33000, 36 months,19.1,A,1 year,MORTGAGE,64341.0,Not Verified,debt_consolidation,24.66,1,20,0,16560,97.3,30,375,Oct-2014,1054.17,379,Oct-1989,Fully Paid,37950.0,0.0,Dec-2017
3058, 36 months,6.71,E,10+ years,OWN,53363.0,Not Verified,car,28.35,0,11,0,51040,55.2,48,385,Apr-2016,97.69,389,May-2001,Fully Paid,3516.7,0.0,Dec-2017
34861, 36 months,16.14,F,1 year,OWN,85191.0,Not Verified,debt_consolidation,28.38,0,11,0,8790,89.8,54,380,May-2016,1113.62,384,May-1992,Fully Paid,40090.149999999994,0.0,Dec-2017
19425, 36 months,17.54,A,5 years,MORTGAGE,76284.0,Not Verified,debt_consolidation,9.66,1,2,0,14589,85.3,13,355,Apr-2012,620.52,359,Dec-2004,Fully Paid,22338.75,0.0,Dec-2017
14178, 36 months,20.14,G,5 years,OWN,195696.0,Verified,debt_consolidation,10.24,0,8,0,27734,59.4,51,395,May-2015,452.91,399,Jun-1990,Fully Paid,16304.699999999999,0.0,Dec-2017
1612, 36 months,25.23,A,< 1 year,MORTGAGE,99390.0,Source Verified,small_business,4.55,1,12,0,5008,28.1,21,345,Jul-2012,51.49,349,Jul-1984,Fully Paid,1853.8,0.0,Dec-2017
27976, 36 months,11.7,C,< 1 year,MORTGAGE,55956.0,Verified,debt_consolidation,3.91,0,26,0,30688,30.1,26,330,Nov-2017,893.68,334,Nov-1988,Current,32172.399999999998,0.0,Dec-2017
34682, 36 months,16.86,B,5 years,MORTGAGE,51178.0,Verified,debt_consolidation,22.42,0,13,0,39041,51.4,14,340,Feb-2015,1107.9,344,Mar-2012,Fully Paid,39884.299999999996,0.0,Dec-2017
17800, 60 months,9.07,B,1 year,OWN,155869.0,Source Verified,credit_card,22.18,0,18,0,32531,76.1,7,355,Jul-2014,341.17,359,Dec-1985,Fully Paid,20470.0,0.0,Dec-2017
20360, 36 months,8.68,B,10+ years,MORTGAGE,39152.0,Not Verified,small_business,15.44,1,6,1,28029,57.4,59,410,May-2014,650.39,414,Jun-1989,Fully Paid,23414.0,0.0,Dec-2017
10492, 60 months,8.72,G,1 year,RENT,89259.0,Not Verified,car,29.86,1,5,0,14446,29.0,27,380,Dec-2017,201.1,384,Feb-2004,Current,12065.8,0.0,Dec-2017
9438, 36 months,23.1,B,,RENT,168456.0,Verified,credit_card,16.01,0,2,0,7187,95.9,20,330,Jun-2016,301.49,334,Aug-1999,Fully Paid,10853.699999999999,0.0,Dec-2017
39586, 36 months,16.56,G,1 year,RENT,74386.0,Verified,car,18.79,0,23,0,36123,16.7,23,385,Jun-2014,1264.55,389,Jul-1998,Fully Paid,45523.899999999994,0.0,Dec-2017
39100, 36 months,23.8,F,10+ years,RENT,56418.0,Verified,debt_consolidation,26.22,0,8,0,40000,49.7,8,335,May-2016,1249.03,339,May-2001,Fully Paid,44965.0,0.0,Dec-2017
10286, 36 months,20.55,C,5 years,RENT,32740.0,Verified,small_business,27.49,1,16,0,28872,76.0,44,355,Feb-2013,328.58,359,Dec-1985,Charged Off,4114.400000000001,514.3000000000001,Dec-2017
33433, 36 months,26.32,D,5 years,MORTGAGE,55438.0,Not Verified,car,12.58,0,4,1,27680,31.2,33,415,May-2014,1068.0,419,May-1997,Fully Paid,38447.95,0.0,Dec-2017
26751, 60 months,17.99,A,1 year,RENT,112089.0,Verified,car,23.84,0,28,0,50499,8.5,55,385,Sep-2016,512.73,389,Dec-1989,Fully Paid,30763.649999999998,0.0,Dec-2017
34518, 60 months,6.9,F,1 year,OWN,65411.0,Source Verified,credit_card,7.08,0,20,0,29147,78.8,29,360,Nov-2016,661.59,364,Apr-2013,Fully Paid,39695.7,0.0,Dec-2017
30735, 60 months,8.58,D,10+ years,OWN,93713.0,Verified,car,20.06,0,11,0,54297,20.8,34,370,Aug-2013,589.09,374,Mar-1995,Fully Paid,35345.25,0.0,Dec-2017
3255, 36 months,13.14,E,,RENT,178116.0,Verified,debt_consolidation,36.88,0,25,0,46405,79.7,30,385,Dec-2014,103.98,389,Mar-2004,Fully Paid,3743.2499999999995,0.0,Dec-2017
28101, 36 months,12.96,A,< 1 year,OWN,42308.0,Source Verified,car,14.14,0,19,1,48234,81.4,24,330,May-2015,897.67,334,May-2011,Fully Paid,32316.149999999998,0.0,Dec-2017
37691, 36 months,15.13,F,< 1 year,OWN,78676.0,Not Verified,car,20.7,0,25,0,16811,70.4,51,335,Feb-2017,1204.02,339,Nov-2010,In Grace Period,43344.649999999994,0.0,Dec-2017
4446, 60 months,12.83,F,< 1 year,MORTGAGE,274152.0,Source Verified,car,16.72,0,27,0,55821,87.3,54,400,Nov-2015,85.21,404,Jan-2006,Fully Paid,5112.9,0.0,Dec-2017
14226, 60 months,27.21,A,,MORTGAGE,41972.0,Not Verified,debt_consolidation,18.55,0,26,0,41799,10.7,15,395,Feb-2015,272.66,399,Dec-2002,Fully Paid,16359.9,0.0,Dec-2017
12156, 36 months,18.79,A,10+ years,MORTGAGE,106940.0,Source Verified,credit_card,5.89,1,2,0,39062,0.2,29,400,Mar-2013,388.32,404,Jun-2010,Fully Paid,13979.4,0.0,Dec-2017
29310, 36 months,15.74,D,5 years,RENT,83749.0,Verified,credit_card,12.47,0,25,0,48678,60.2,7,420,Dec-2014,936.29,424,Dec-1991,Fully Paid,33706.5,0.0,Dec-2017
27651, 36 months,14.68,E,5 years,MORTGAGE,53105.0,Verified,debt_consolidation,22.24,0,16,0,34055,48.7,49,345,Mar-2012,883.3,349,Jan-2004,Fully Paid,31798.649999999998,0.0,Dec-2017
10569, 36 months,16.6,G,1 year,OWN,57912.0,Verified,small_business,27.88,1,22,0,15589,86.2,10,405,Nov-2015,337.62,409,Aug-2000,Fully Paid,12154.349999999999,0.0,Dec-2017
10952, 36 months,25.35,D,< 1 year,MORTGAGE,33964.0,Verified,credit_card,4.94,0,22,0,25847,57.0,19,405,Dec-2017,349.86,409,Dec-2003,Late (31-120 days),12594.8,0.0,Dec-2017
18766, 36 months,11.65,D,10+ years,RENT,132197.0,Verified,car,20.36,0,20,0,18454,81.6,56,365,Jul-2015,599.47,369,Dec-2011,Fully Paid,21580.899999999998,0.0,Dec-2017
38763, 36 months,10.4,G,10+ years,MORTGAGE,129488.0,Not Verified,car,11.12,0,21,0,13112,57.3,12,400,Nov-2016,1238.26,404,Apr-1990,Fully Paid,44577.45,0.0,Dec-2017
32388, 36 months,23.69,A,5 years,MORTGAGE,46404.0,Not Verified,car,19.49,0,21,0,36106,16.1,51,410,May-2014,1034.62,414,Jun-1996,Fully Paid,37246.2,0.0,Dec-2017
18241, 36 months,16.03,F,10+ years,RENT,88550.0,Source Verified,small_business,14.49,0,10,0,39549,52.9,30,390,Sep-2012,582.7,394,Mar-1990,Fully Paid,20977.149999999998,0.0,Dec-2017
18530, 36 months,11.95,D,10+ years,MORTGAGE,107298.0,Source Verified,car,9.14,0,23,0,59562,90.8,55,355,Apr-2014,591.93,359,Jul-1993,Fully Paid,21309.5,0.0,Dec-2017
22534, 36 months,23.88,F,1 year,RENT,33236.0,Verified,debt_consolidation,9.99,0,12,1,45920,77.3,12,350,Jan-2017,719.84,354,Apr-1990,Fully Paid,25914.1,0.0,Dec-2017
11801, 60 months,15.83,A,,MORTGAGE,17599.0,Not Verified,small_business,24.87,0,6,0,24906,43.0,28,380,Oct-2015,226.19,384,Mar-2012,Fully Paid,13571.15,0.0,Dec-2017
20646, 60 months,20.23,D,< 1 year,OWN,45494.0,Verified,car,22.08,0,2,0,2964,82.5,47,340,Jul-2013,395.72,344,Dec-1988,Fully Paid,23742.899999999998,0.0,Dec-2017
13861, 36 months,23.12,E,5 years,RENT,111914.0,Verified,car,10.72,0,17,0,21431,60.1,34,380,Aug-2016,442.78,384,May-2008,Fully Paid,15940.15,0.0,Dec-2017
17827, 36 months,9.74,D,,RENT,99314.0,Not Verified,car,10.49,0,5,0,45905,14.6,47,415,Jun-2013,569.47,419,Oct-2005,Fully Paid,20501.05,0.0,Dec-2017
38871, 36 months,21.22,E,1 year,MORTGAGE,47583.0,Not Verified,debt_consolidation,24.18,0,29,0,59968,68.3,34,365,Jul-2013,1241.71,369,Sep-2001,Fully Paid,44701.649999999994,0.0,Dec-2017
19152, 36 months,20.55,F,< 1 year,OWN,43345.0,Not Verified,debt_consolidation,47.57,0,20,0,31683,98.7,31,345,Aug-2016,611.8,349,Jul-2002,Current,22024.8,0.0,Dec-2017
9920, 36 months,27.24,A,,OWN,83494.0,Source Verified,small_business,22.95,0,28,0,13231,12.5,7,395,Nov-2013,316.89,399,Aug-1991,Fully Paid,11408.0,0.0,Dec-2017
36770, 60 months,24.16,F,5 years,MORTGAGE,94686.0,Verified,debt_consolidation,16.83,1,13,0,39081,69.3,45,415,Jul-2016,704.76,419,Mar-2005,In Grace Period,42285.5,0.0,Dec-2017
28728, 36 months,26.21,E,5 years,OWN,52701.0,Source Verified,car,13.29,0,9,0,15016,89.4,38,370,Dec-2017,917.7,374,Jan-1995,Late (31-120 days),33037.2,0.0,Dec-2017
1913, 36 months,24.86,C,,RENT,99764.0,Source Verified,car,10.71,0,20,0,43587,0.1,19,390,Jan-2017,61.11,394,Aug-2011,Current,2199.95,0.0,Dec-2017
6299, 36 months,11.76,G,1 year,RENT,73607.0,Verified,credit_card,11.51,0,3,0,28800,48.1,9,355,Oct-2016,201.22,359,Oct-1996,Fully Paid,7243.849999999999,0.0,Dec-2017
38821, 60 months,26.7,C,10+ years,OWN,66140.0,Verified,car,25.7,1,12,0,13040,54.4,28,360,Oct-2012,744.07,364,Dec-1991,Fully Paid,44644.149999999994,0.0,Dec-2017
11355, 36 months,16.15,G,10+ years,MORTGAGE,22981.0,Not Verified,debt_consolidation,15.3,2,20,0,8988,59.7,20,395,Mar-2015,362.73,399,Jul-1989,Charged Off,4542.0,567.75,Dec-2017
5469, 36 months,27.93,C,5 years,MORTGAGE,130558.0,Not Verified,car,9.94,0,12,0,24814,21.8,40,335,Jun-2016,174.7,339,Nov-1991,Current,6289.349999999999,0.0,Dec-2017
38306, 36 months,13.65,B,10+ years,OWN,78734.0,Source Verified,car,21.69,0,11,0,25889,28.6,42,365,Apr-2017,1223.66,369,Nov-2014,Fully Paid,44051.899999999994,0.0,Dec-2017
17790, 36 months,18.95,D,< 1 year,MORTGAGE,40579.0,Source Verified,credit_card,19.61,0,25,0,13716,55.8,7,420,Oct-2014,568.29,424,Apr-2000,Fully Paid,20458.5,0.0,Dec-2017
24481, 36 months,17.32,A,10+ years,MORTGAGE,78154.0,Source Verified,car,5.54,0,3,0,50065,70.0,46,410,Apr-2013,782.03,414,Apr-1985,Fully Paid,28153.149999999998,0.0,Dec-2017
28011, 60 months,21.65,B,< 1 year,OWN,53738.0,Source Verified,debt_consolidation,20.11,1,3,0,50339,34.9,25,365,Dec-2013,536.88,369,Sep-1988,Fully Paid,32212.649999999998,0.0,Dec-2017
24093, 36 months,23.26,G,,OWN,117510.0,Source Verified,small_business,16.28,0,20,0,8161,2.1,50,375,Aug-2014,769.64,379,Oct-2004,Fully Paid,27706.949999999997,0.0,Dec-2017
32210, 36 months,26.57,E,< 1 year,RENT,42463.0,Source Verified,car,37.78,1,17,0,37728,35.9,7,335,May-2016,1028.93,339,Apr-2005,Fully Paid,37041.5,0.0,Dec-2017
12280, 36 months,12.06,F,5 years,OWN,41985.0,Source Verified,small_business,14.57,0,25,0,24665,2.4,17,380,Dec-2012,392.28,384,May-2007,Fully Paid,14121.999999999998,0.0,Dec-2017
26661, 36 months,27.7,C,5 years,RENT,44451.0,Source Verified,debt_consolidation,21.16,0,25,0,17522,78.9,43,420,Jan-2017,851.67,424,May-1995,Fully Paid,30660.149999999998,0.0,Dec-2017
12226, 36 months,26.03,E,1 year,MORTGAGE,45581.0,Verified,small_business,25.2,0,26,0,35352,5.2,44,340,Nov-2017,390.55,344,Jan-1992,Current,14059.9,0.0,Dec-2017
20117, 60 months,17.49,F,10+ years,MORTGAGE,116146.0,Source Verified,car,33.06,0,13,0,37973,29.6,59,385,Dec-2013,385.58,389,Jan-1985,Fully Paid,23134.55,0.0,Dec-2017
7816, 60 months,17.51,E,< 1 year,RENT,22915.0,Source Verified,car,15.74,0,10,0,43719,47.0,54,410,May-2017,149.81,414,Sep-1993,In Grace Period,8988.4,0.0,Dec-2017
35723, 36 months,15.51,C,1 year,OWN,44337.0,Verified,debt_consolidation,18.41,0,10,1,58941,51.9,22,340,Dec-2012,1141.15,344,Nov-1986,Fully Paid,41081.45,0.0,Dec-2017
25988, 36 months,6.44,A,< 1 year,MORTGAGE,61230.0,Not Verified,credit_card,14.07,0,2,0,11449,82.8,32,345,Feb-2013,830.17,349,Sep-1984,Fully Paid,29886.199999999997,0.0,Dec-2017
17954, 36 months,26.54,A,5 years,MORTGAGE,57261.0,Not Verified,debt_consolidation,13.51,0,11,1,16311,80.3,29,410,Dec-2017,573.53,414,Mar-2014,Late (31-120 days),20647.1,0.0,Dec-2017
6286, 36 months,14.09,G,10+ years,RENT,171060.0,Verified,credit_card,22.5,0,27,0,42572,53.4,47,340,Jul-2015,200.8,344,Jul-1997,Fully Paid,7228.9,0.0,Dec-2017
10649, 36 months,11.45,A,5 years,MORTGAGE,71432.0,Source Verified,credit_card,14.12,1,18,1,34676,1.2,59,345,Jul-2017,340.18,349,Sep-1989,Fully Paid,12246.349999999999,0.0,Dec-2017
18356, 60 months,6.38,F,< 1 year,OWN,16916.0,Not Verified,small_business,17.17,0,4,0,33444,5.8,18,380,Dec-2014,351.82,384,Feb-2004,Fully Paid,21109.399999999998,0.0,Dec-2017
31453, 36 months,23.12,B,5 years,RENT,31867.0,Source Verified,debt_consolidation,28.13,1,3,0,29005,87.2,16,370,Sep-2013,1004.75,374,Apr-1988,Charged Off,12581.2,1572.65,Dec-2017
20154, 36 months,13.71,F,,OWN,44220.0,Not Verified,car,38.69,1,24,0,24211,9.8,40,375,Jul-2013,643.81,379,Nov-2010,Fully Paid,23177.1,0.0,Dec-2017
23014, 60 months,27.05,D,5 years,OWN,52225.0,Source Verified,debt_consolidation,18.72,0,21,0,27198,96.9,4,380,Nov-2016,441.1,384,Jan-2006,In Grace Period,26466.1,0.0,Dec-2017
12367, 36 months,8.06,C,< 1 year,OWN,47523.0,Not Verified,small_business,14.83,1,20,1,7367,95.0,5,360,Jul-2012,395.06,364,Nov-1986,Fully Paid,14222.05,0.0,Dec-2017
6236, 36 months,22.58,D,10+ years,RENT,67413.0,Source Verified,small_business,14.38,0,10,0,15650,68.8,20,410,Jul-2012,199.21,414,Jun-1991,Fully Paid,7171.4,0.0,Dec-2017
12502, 60 months,15.01,G,,MORTGAGE,86827.0,Verified,car,25.62,0,16,0,35718,5.4,35,350,Sep-2015,239.62,354,Aug-1990,Fully Paid,14377.3,0.0,Dec-2017
13862, 36 months,19.38,B,< 1 year,OWN,47494.0,Verified,debt_consolidation,14.52,0,3,0,31505,10.7,34,355,Jun-2017,442.81,359,Sep-1992,Late (31-120 days),15941.3,0.0,Dec-2017
5185, 36 months,11.07,G,,MORTGAGE,34341.0,Not Verified,car,20.01,2,18,0,6226,77.4,33,415,Jun-2013,165.63,419,May-2010,Fully Paid,5962.749999999999,0.0,Dec-2017
4482, 36 months,12.19,D,< 1 year,MORTGAGE,58021.0,Not Verified,small_business,12.66,0,8,0,43663,81.8,7,370,Aug-2016,143.17,374,Mar-1992,Fully Paid,5154.299999999999,0.0,Dec-2017
1894, 36 months,26.68,D,< 1 year,MORTGAGE,60689.0,Source Verified,small_business,11.15,0,6,1,34532,88.1,55,350,Feb-2016,60.5,354,Oct-1987,Fully Paid,2178.1,0.0,Dec-2017
22109, 60 months,19.28,C,< 1 year,RENT,65844.0,Not Verified,debt_consolidation,15.58,0,23,0,13388,92.9,14,345,Mar-2013,423.76,349,Feb-2002,Fully Paid,25425.35,0.0,Dec-2017
17275, 36 months,20.86,D,< 1 year,RENT,58179.0,Source Verified,small_business,20.23,0,8,0,59932,33.3,20,410,Mar-2016,551.84,414,Jul-1990,Fully Paid,19866.25,0.0,Dec-2017
6847, 60 months,22.62,D,10+ years,MORTGAGE,508314.0,Not Verified,car,14.27,1,17,0,20177,2.9,55,340,Oct-2013,131.23,344,Feb-2006,Fully Paid,7874.049999999999,0.0,Dec-2017
30409, 36 months,14.91,F,10+ years,OWN,92667.0,Source Verified,small_business,11.87,3,11,0,36529,42.3,59,375,Feb-2015,971.4,379,Feb-1989,Fully Paid,34970.35,0.0,Dec-2017
28919, 60 months,23.71,D,10+ years,RENT,17197.0,Verified,credit_card,22.25,0,25,0,54857,56.5,45,360,Jul-2015,554.28,364,Jul-2000,Charged Off,11567.6,1445.95,Dec-2017
36419, 36 months,12.59,D,5 years,OWN,29224.0,Source Verified,small_business,26.92,1,8,0,5048,64.0,52,345,Jan-2013,1163.38,349,Dec-1995,Fully Paid,41881.85,0.0,Dec-2017
22664, 36 months,25.46,G,5 years,OWN,43380.0,Not Verified,debt_consolidation,21.93,1,22,1,22995,31.5,21,335,Feb-2014,723.99,339,Apr-1987,Fully Paid,26063.6,0.0,Dec-2017
35944, 36 months,24.45,C,10+ years,RENT,79677.0,Source Verified,small_business,20.19,0,26,0,7759,7.2,35,400,Mar-2016,1148.21,404,Aug-2003,Fully Paid,41335.6,0.0,Dec-2017
38872, 36 months,25.96,G,5 years,OWN,42081.0,Verified,small_business,11.81,0,15,0,26408,25.6,25,335,May-2016,1241.74,339,May-1997,Fully Paid,44702.799999999996,0.0,Dec-2017
17759, 60 months,26.28,E,5 years,OWN,55378.0,Not Verified,credit_card,26.19,0,2,0,48440,8.4,23,355,Mar-2013,340.38,359,Jun-2002,Charged Off,7103.6,887.95,Dec-2017
1454, 36 months,7.1,C,< 1 year,OWN,71161.0,Not Verified,debt_consolidation,14.2,0,28,0,37862,9.7,53,370,Jul-2015,46.45,374,Jun-2005,Fully Paid,1672.1,0.0,Dec-2017
17065, 36 months,10.93,A,5 years,RENT,65861.0,Source Verified,credit_card,17.49,0,13,0,38194,61.6,38,400,Sep-2012,545.13,404,Nov-1991,Fully Paid,19624.75,0.0,Dec-2017
28928, 60 months,26.88,B,< 1 year,MORTGAGE,90540.0,Source Verified,credit_card,22.61,0,20,0,30556,64.4,8,335,Mar-2013,554.45,339,Oct-1997,Fully Paid,33267.2,0.0,Dec-2017
14107, 36 months,26.81,C,1 year,RENT,55400.0,Verified,debt_consolidation,17.49,0,17,0,20136,33.7,7,395,Jul-2017,450.64,399,Jul-2002,Fully Paid,16223.05,0.0,Dec-2017
8943, 36 months,23.85,B,< 1 year,MORTGAGE,95330.0,Verified,car,22.47,1,23,0,20475,17.2,43,395,Aug-2015,285.68,399,Mar-2011,Fully Paid,10284.449999999999,0.0,Dec-2017
9804, 36 months,16.73,E,< 1 year,RENT,45875.0,Verified,car,17.7,1,22,0,19902,23.7,8,400,Jul-2017,313.18,404,Aug-2000,Late (31-120 days),11274.599999999999,0.0,Dec-2017
2344, 36 months,14.01,F,5 years,OWN,67795.0,Verified,debt_consolidation,18.02,0,18,0,55270,94.8,44,395,Jan-2012,74.88,399,Nov-1993,Fully Paid,2695.6,0.0,Dec-2017
27106, 36 months,24.1,F,10+ years,MORTGAGE,37666.0,Verified,car,33.84,2,27,0,59462,79.9,22,400,Oct-2012,865.89,404,Aug-2006,Charged Off,10842.400000000001,1355.3000000000002,Dec-2017
25498, 36 months,6.95,G,5 years,OWN,127241.0,Not Verified,car,11.2,1,9,0,15025,84.6,13,360,Sep-2012,814.52,364,Apr-2000,Fully Paid,29322.699999999997,0.0,Dec-2017
28344, 36 months,8.25,A,< 1 year,OWN,161314.0,Verified,small_business,18.86,0,4,0,50693,31.2,49,340,Dec-2013,905.43,344,Feb-2005,Fully Paid,32595.6,0.0,Dec-2017
22282, 36 months,19.48,F,< 1 year,RENT,51470.0,Source Verified,debt_consolidation,30.18,0,26,0,26468,47.2,46,380,Dec-2012,711.79,384,Jun-2007,Fully Paid,25624.3,0.0,Dec-2017
11897, 60 months,26.68,A,,RENT,59299.0,Verified,debt_consolidation,19.16,0,5,0,26247,8.9,9,360,Sep-2014,228.03,364,Aug-1991,Fully Paid,13681.55,0.0,Dec-2017
12792, 60 months,20.65,A,< 1 year,RENT,24057.0,Verified,small_business,21.86,0,9,0,31470,85.4,12,420,Feb-2014,245.18,424,Feb-2002,Charged Off,5116.8,639.6,Dec-2017
34373, 36 months,18.37,B,,OWN,49798.0,Source Verified,car,15.96,0,26,0,21302,70.0,47,330,Jan-2016,1098.03,334,Feb-1992,Fully Paid,39528.95,0.0,Dec-2017
20785, 36 months,27.89,D,1 year,MORTGAGE,68217.0,Verified,small_business,24.46,0,8,0,52816,66.2,30,380,Jan-2012,663.97,384,Mar-2002,Charged Off,8314.0,1039.25,Dec-2017
24914, 36 months,23.76,C,10+ years,MORTGAGE,54920.0,Source Verified,car,27.75,0,4,0,6311,75.3,14,345,Aug-2014,795.86,349,Sep-1985,Fully Paid,28651.1,0.0,Dec-2017
3148, 36 months,7.05,F,< 1 year,OWN,28522.0,Not Verified,credit_card,22.64,0,23,0,9263,41.7,36,405,Jul-2017,100.56,409,Mar-2011,Fully Paid,3620.2,0.0,Dec-2017
3805, 36 months,14.82,A,1 year,MORTGAGE,114436.0,Not Verified,credit_card,17.4,0,25,0,18936,98.2,31,390,Feb-2017,121.55,394,Feb-2011,Current,4375.75,0.0,Dec-2017
17659, 36 months,24.35,F,5 years,MORTGAGE,63849.0,Not Verified,debt_consolidation,19.13,1,21,0,56120,36.0,51,400,Jun-2013,564.11,404,Dec-1998,Fully Paid,20307.85,0.0,Dec-2017
38817, 36 months,27.59,A,10+ years,MORTGAGE,17609.0,Source Verified,car,15.86,0,9,0,20876,5.4,56,395,Mar-2013,1239.99,399,Oct-1990,Fully Paid,44639.549999999996,0.0,Dec-2017
23497, 36 months,15.18,B,1 year,MORTGAGE,33136.0,Verified,debt_consolidation,9.91,0,14,0,15419,68.1,53,420,Aug-2013,750.6,424,Mar-2006,Fully Paid,27021.55,0.0,Dec-2017
39290, 36 months,15.21,C,,OWN,27083.0,Verified,credit_card,18.66,0,19,0,33011,78.3,21,345,May-2017,1255.1,349,Jun-1990,In Grace Period,45183.5,0.0,Dec-2017
35113, 36 months,9.61,F,1 year,OWN,24575.0,Not Verified,credit_card,15.74,0,28,1,19650,39.0,17,355,Apr-2014,1121.67,359,Jul-2002,Fully Paid,40379.95,0.0,Dec-2017
31744, 36 months,6.25,B,1 year,RENT,49892.0,Source Verified,car,28.34,0,25,1,50835,35.6,15,360,Oct-2012,1014.04,364,Mar-1990,Fully Paid,36505.6,0.0,Dec-2017
34040, 36 months,14.51,B,10+ years,OWN,31303.0,Not Verified,debt_consolidation,9.83,0,24,0,41902,11.7,15,415,Aug-2017,1087.39,419,Jun-2008,In Grace Period,39146.0,0.0,Dec-2017
39859, 36 months,25.8,C,10+ years,OWN,26481.0,Verified,small_business,12.16,0,27,0,16952,48.6,24,340,Sep-2016,1273.27,344,Jan-1997,In Grace Period,45837.85,0.0,Dec-2017
32091, 36 months,12.49,G,< 1 year,RENT,62563.0,Source Verified,car,16.17,0,14,0,46084,72.2,18,400,Feb-2014,1025.13,404,Dec-2008,Fully Paid,36904.649999999994,0.0,Dec-2017
15005, 36 months,6.95,E,1 year,OWN,44251.0,Not Verified,car,5.41,0,10,0,30336,82.8,25,390,Oct-2015,479.33,394,Feb-2010,Fully Paid,17255.75,0.0,Dec-2017
36957, 60 months,7.3,G,,MORTGAGE,40895.0,Verified,small_business,29.33,0,8,0,56179,38.8,41,380,Aug-2014,708.34,384,Jun-1994,Fully Paid,42500.549999999996,0.0,Dec-2017
6090, 36 months,23.05,A,5 years,MORTGAGE,35070.0,Not Verified,small_business,15.4,0,21,0,41969,70.4,49,410,Feb-2012,194.54,414,Jan-1994,Fully Paid,7003.499999999999,0.0,Dec-2017
17305, 36 months,10.0,F,10+ years,MORTGAGE,52439.0,Verified,credit_card,26.25,0,3,0,49517,7.7,14,330,Oct-2013,552.8,334,Aug-1988,Fully Paid,19900.75,0.0,Dec-2017
35742, 36 months,19.57,B,1 year,RENT,37991.0,Verified,debt_consolidation,22.01,0,4,0,14729,70.7,50,405,Jul-2014,1141.76,409,Feb-1993,Fully Paid,41103.299999999996,0.0,Dec-2017
18512, 60 months,14.49,F,10+ years,OWN,80501.0,Source Verified,debt_consolidation,25.33,0,13,0,14611,66.3,44,400,Nov-2017,354.81,404,Jun-1992,Current,21288.8,0.0,Dec-2017
5237, 36 months,20.27,D,1 year,MORTGAGE,47958.0,Source Verified,credit_card,21.42,0,27,0,25894,14.0,48,365,Jan-2015,167.29,369,Nov-1996,Fully Paid,6022.549999999999,0.0,Dec-2017
1358, 36 months,9.45,E,< 1 year,OWN,55389.0,Not Verified,debt_consolidation,28.64,1,8,0,40564,30.0,24,390,Mar-2014,43.38,394,Dec-1991,Fully Paid,1561.6999999999998,0.0,Dec-2017
1882, 36 months,8.95,F,5 years,OWN,152500.0,Source Verified,car,15.71,0,25,0,55158,95.1,44,345,Nov-2012,60.12,349,Oct-1987,Fully Paid,2164.2999999999997,0.0,Dec-2017
18836, 36 months,18.1,C,5 years,RENT,22283.0,Source Verified,credit_card,19.03,0,12,1,40166,28.8,29,345,Jul-2012,601.71,349,Jan-1999,Fully Paid,21661.399999999998,0.0,Dec-2017
7002, 36 months,23.65,F,,MORTGAGE,105920.0,Verified,debt_consolidation,22.72,1,28,0,10113,73.8,14,380,Aug-2015,223.68,384,Jun-2010,Fully Paid,8052.299999999999,0.0,Dec-2017
20854, 36 months,11.08,D,5 years,RENT,58214.0,Source Verified,debt_consolidation,25.92,1,9,0,47385,33.3,25,420,Dec-2015,666.17,424,Sep-1992,Fully Paid,23982.1,0.0,Dec-2017
22808, 60 months,9.4,D,,OWN,102343.0,Not Verified,car,30.99,0,16,0,5574,90.2,9,350,Oct-2015,437.15,354,Feb-1990,Fully Paid,26229.199999999997,0.0,Dec-2017
22652, 60 months,13.27,D,,MORTGAGE,83498.0,Source Verified,credit_card,29.03,0,18,0,50066,7.4,55,395,Apr-2016,434.16,399,Feb-2013,Fully Paid,26049.8,0.0,Dec-2017
39981, 60 months,6.43,C,10+ years,MORTGAGE,85752.0,Not Verified,car,30.98,0,10,1,55622,55.2,17,360,Nov-2012,766.3,364,Sep-1997,Fully Paid,45978.149999999994,0.0,Dec-2017
38194, 36 months,6.63,F,,MORTGAGE,206055.0,Not Verified,debt_consolidation,21.01,2,22,0,31891,57.4,37,410,Mar-2014,1220.09,414,Sep-1989,Fully Paid,43923.1,0.0,Dec-2017
2184, 36 months,23.48,D,5 years,OWN,72517.0,Verified,debt_consolidation,14.74,1,21,0,39894,82.5,33,395,Feb-2015,69.77,399,Nov-2003,Charged Off,873.6,109.2,Dec-2017
4207, 36 months,25.76,E,1 year,OWN,16523.0,Verified,car,26.83,0,20,0,3706,33.1,46,370,Apr-2013,134.39,374,Nov-1994,Fully Paid,4838.049999999999,0.0,Dec-2017
21831, 60 months,27.84,C,,MORTGAGE,171469.0,Verified,small_business,25.48,0,26,0,33664,9.2,19,385,Jan-2016,418.43,389,May-2001,Fully Paid,25105.649999999998,0.0,Dec-2017
13113, 36 months,24.46,E,,OWN,33846.0,Not Verified,small_business,40.2,0,26,0,27205,17.3,32,360,Jun-2014,418.89,364,Jun-1992,Fully Paid,15079.949999999999,0.0,Dec-2017
1878, 36 months,8.48,E,< 1 year,RENT,63210.0,Verified,car,26.25,0,22,0,11344,16.4,9,345,Mar-2017,59.99,349,Feb-1999,Fully Paid,2159.7,0.0,Dec-2017
17612, 36 months,21.59,B,5 years,RENT,68263.0,Source Verified,credit_card,11.88,0,2,0,44998,16.4,33,370,Aug-2014,562.61,374,Mar-2006,Fully Paid,20253.8,0.0,Dec-2017
17327, 36 months,16.18,G,,RENT,76620.0,Not Verified,debt_consolidation,20.34,0,16,0,34905,17.6,8,405,Aug-2013,553.5,409,Sep-2001,Fully Paid,19926.05,0.0,Dec-2017
33254, 36 months,27.38,E,5 years,MORTGAGE,67816.0,Verified,credit_card,14.95,0,22,0,37347,55.0,39,395,Dec-2017,1062.28,399,Mar-1993,Fully Paid,38242.1,0.0,Dec-2017
2252, 60 months,21.63,G,< 1 year,OWN,29684.0,Not Verified,debt_consolidation,5.62,0,2,0,49321,21.5,27,395,Nov-2017,43.16,399,Apr-2012,Fully Paid,2589.7999999999997,0.0,Dec-2017
26473, 36 months,20.39,G,10+ years,RENT,68027.0,Source Verified,debt_consolidation,19.13,1,21,0,56084,59.1,24,350,Feb-2017,845.67,354,Feb-2005,Current,30443.949999999997,0.0,Dec-2017
33449, 36 months,13.67,A,5 years,MORTGAGE,18886.0,Source Verified,car,28.38,1,3,0,55299,53.8,27,405,Jan-2015,1068.51,409,Mar-2010,Fully Paid,38466.35,0.0,Dec-2017
32383, 36 months,20.5,E,1 year,OWN,151088.0,Not Verified,small_business,29.77,2,7,0,15102,75.4,11,400,Sep-2015,1034.46,404,Oct-2003,Fully Paid,37240.45,0.0,Dec-2017
6662, 36 months,8.67,D,10+ years,OWN,64117.0,Not Verified,debt_consolidation,21.15,0,29,0,34835,42.8,56,385,Mar-2013,212.81,389,Feb-1994,Fully Paid,7661.299999999999,0.0,Dec-2017
4992, 60 months,22.4,C,< 1 year,OWN,16403.0,Verified,car,22.67,1,10,0,53647,21.7,28,395,Feb-2013,95.68,399,Apr-1985,Charged Off,1996.8000000000002,249.60000000000002,Dec-2017
8587, 36 months,9.94,A,,MORTGAGE,45687.0,Source Verified,credit_card,23.08,0,2,0,56956,4.3,14,350,Nov-2016,274.31,354,Dec-1994,Current,9875.05,0.0,Dec-2017
13913, 36 months,6.33,D,10+ years,RENT,56937.0,Source Verified,small_business,13.36,0,16,0,53201,89.2,42,400,Feb-2016,444.44,404,Aug-1992,Fully Paid,15999.949999999999,0.0,Dec-2017
4667, 36 months,17.98,B,< 1 year,RENT,65464.0,Source Verified,credit_card,13.08,0,7,0,40486,96.7,32,335,Dec-2014,149.08,339,Nov-1985,Fully Paid,5367.049999999999,0.0,Dec-2017
1699, 36 months,11.61,F,5 years,MORTGAGE,53432.0,Source Verified,car,22.06,0,25,0,46873,98.8,42,350,Jul-2016,54.27,354,Sep-2009,In Grace Period,1953.85,0.0,Dec-2017
25366, 60 months,25.48,B,1 year,MORTGAGE,70419.0,Verified,car,17.99,0,6,0,40081,53.8,19,370,Jan-2013,486.18,374,Feb-1987,Fully Paid,29170.899999999998,0.0,Dec-2017
37016, 60 months,23.85,B,1 year,MORTGAGE,22784.0,Not Verified,car,22.82,0,26,0,9862,40.0,12,340,Jun-2012,709.47,344,Dec-2007,Fully Paid,42568.399999999994,0.0,Dec-2017
29805, 36 months,22.84,G,5 years,MORTGAGE,47407.0,Verified,debt_consolidation,9.06,0,18,0,58053,72.5,30,360,Jan-2015,952.1,364,Jun-2011,Fully Paid,34275.75,0.0,Dec-2017
29044, 36 months,25.47,A,,RENT,44907.0,Source Verified,small_business,14.05,0,12,0,8349,72.0,59,390,Apr-2014,927.79,394,May-1991,Fully Paid,33400.6,0.0,Dec-2017
9364, 60 months,26.05,E,5 years,MORTGAGE,55878.0,Not Verified,debt_consolidation,13.74,0,18,0,14164,12.2,10,405,May-2013,179.48,409,Dec-2007,Fully Paid,10768.599999999999,0.0,Dec-2017
15047, 60 months,23.87,A,< 1 year,OWN,29377.0,Not Verified,debt_consolidation,10.34,1,4,0,27203,88.1,20,350,Dec-2013,288.4,354,Dec-2008,Charged Off,6018.8,752.35,Dec-2017
27632, 36 months,8.88,F,5 years,OWN,82511.0,Not Verified,small_business,22.31,0,21,1,5693,80.3,27,380,May-2013,882.69,384,Nov-1999,Fully Paid,31776.8,0.0,Dec-2017
20689, 36 months,26.37,E,,RENT,102984.0,Not Verified,small_business,18.34,1,13,0,32464,38.2,11,375,Jun-2015,660.9,379,Jun-1991,Fully Paid,23792.35,0.0,Dec-2017
22451, 36 months,6.56,D,< 1 year,MORTGAGE,82926.0,Verified,credit_card,26.69,0,14,0,20259,53.8,38,350,Aug-2014,717.18,354,Feb-2012,Fully Paid,25818.649999999998,0.0,Dec-2017
1380, 60 months,7.41,G,< 1 year,MORTGAGE,33950.0,Source Verified,debt_consolidation,1.04,0,11,0,5180,89.0,40,395,Dec-2015,26.45,399,Mar-1994,Fully Paid,1586.9999999999998,0.0,Dec-2017
6579, 36 months,19.55,G,1 year,MORTGAGE,63464.0,Not Verified,debt_consolidation,11.65,0,13,0,55410,55.4,43,330,Feb-2012,210.16,334,Aug-1995,Fully Paid,7565.849999999999,0.0,Dec-2017
31556, 36 months,9.39,E,5 years,OWN,37408.0,Verified,small_business,22.97,0,29,0,58040,94.5,54,395,Feb-2013,1008.04,399,Jan-1987,Fully Paid,36289.399999999994,0.0,Dec-2017
29675, 36 months,13.53,C,1 year,MORTGAGE,23934.0,Verified,debt_consolidation,6.09,1,29,0,27470,53.2,35,365,Mar-2014,947.95,369,Oct-1991,Fully Paid,34126.25,0.0,Dec-2017
36806, 36 months,20.74,B,5 years,RENT,134203.0,Not Verified,car,11.68,0,7,0,11448,40.4,37,375,Oct-2014,1175.75,379,Apr-2009,Fully Paid,42326.899999999994,0.0,Dec-2017
17447, 36 months,6.03,B,1 year,MORTGAGE,17254.0,Verified,car,23.22,0,11,0,40393,28.0,18,385,Nov-2016,557.33,389,Aug-2011,Late (31-120 days),20064.05,0.0,Dec-2017
11031, 36 months,15.51,A,,OWN,72621.0,Verified,small_business,18.37,0,16,0,18069,39.8,9,350,Dec-2017,352.38,354,Jul-2014,Fully Paid,12685.65,0.0,Dec-2017
11740, 36 months,17.0,G,,RENT,78017.0,Verified,small_business,19.95,1,5,1,54695,66.5,24,410,Mar-2012,375.03,414,Dec-1998,Fully Paid,13500.999999999998,0.0,Dec-2017
28367, 60 months,9.93,A,,OWN,32476.0,Source Verified,credit_card,24.22,0,10,0,25524,67.2,37,405,Feb-2012,543.7,409,Dec-1992,Fully Paid,32622.05,0.0,Dec-2017
25636, 36 months,16.78,D,,OWN,65574.0,Not Verified,car,13.6,0,14,0,1531,48.9,18,335,Dec-2016,818.93,339,Apr-1988,Late (31-120 days),29481.399999999998,0.0,Dec-2017
20984, 60 months,13.96,E,,OWN,27741.0,Verified,small_business,20.17,0,19,0,59252,98.3,51,365,Mar-2014,402.19,369,Feb-2009,Fully Paid,24131.6,0.0,Dec-2017
19105, 60 months,24.64,D,5 years,RENT,50650.0,Verified,debt_consolidation,19.53,1,13,0,29130,8.5,19,385,Jun-2017,366.18,389,Apr-2014,Fully Paid,21970.75,0.0,Dec-2017
27004, 36 months,18.98,C,< 1 year,MORTGAGE,49315.0,Not Verified,debt_consolidation,13.02,0,18,0,44967,19.8,7,375,Jan-2014,862.63,379,Mar-1995,Fully Paid,31054.6,0.0,Dec-2017
3130, 60 months,10.08,D,< 1 year,OWN,51116.0,Source Verified,car,4.74,0,11,0,29681,87.9,19,355,Nov-2016,59.99,359,Feb-2008,Late (31-120 days),3599.4999999999995,0.0,Dec-2017
23327, 60 months,14.4,A,< 1 year,MORTGAGE,35214.0,Source Verified,car,22.48,0,13,1,58122,82.5,48,335,Jun-2014,447.1,339,Oct-1992,Fully Paid,26826.05,0.0,Dec-2017
24075, 60 months,15.86,G,,MORTGAGE,7327.0,Not Verified,credit_card,24.18,0,22,0,11041,46.9,25,380,May-2012,461.44,384,Sep-2009,Fully Paid,27686.249999999996,0.0,Dec-2017
21484, 36 months,19.57,B,1 year,OWN,131215.0,Verified,debt_consolidation,20.27,0,28,0,54549,28.3,4,360,Mar-2017,686.29,364,Jun-1992,In Grace Period,24706.6,0.0,Dec-2017
1589, 60 months,23.51,G,1 year,OWN,61210.0,Verified,small_business,28.48,0,9,0,45709,51.9,44,360,Jan-2013,30.46,364,Jan-1988,Fully Paid,1827.35,0.0,Dec-2017
24041, 36 months,14.27,E,1 year,RENT,134199.0,Not Verified,debt_consolidation,26.89,1,21,0,1345,84.6,29,370,Aug-2014,767.98,374,Apr-1998,Fully Paid,27647.149999999998,0.0,Dec-2017
1000, 60 months,27.13,A,10+ years,OWN,81606.0,Verified,car,13.26,0,19,0,28254,93.2,37,420,Jun-2013,19.17,424,Nov-1984,Fully Paid,1150.0,0.0,Dec-2017
5172, 36 months,11.61,A,10+ years,OWN,97882.0,Verified,credit_card,10.65,0,22,0,37164,25.7,55,335,Apr-2017,165.22,339,Jan-2003,Fully Paid,5947.799999999999,0.0,Dec-2017
30749, 36 months,11.2,F,5 years,RENT,69882.0,Not Verified,credit_card,37.57,0,10,0,29528,63.3,30,340,Feb-2014,982.26,344,Jan-1990,Fully Paid,35361.35,0.0,Dec-2017
4447, 36 months,6.35,A,< 1 year,RENT,38610.0,Not Verified,credit_card,5.26,0,18,0,43080,1.8,24,395,Jun-2015,142.06,399,Oct-2005,Fully Paid,5114.049999999999,0.0,Dec-2017
14896, 36 months,13.91,F,< 1 year,RENT,50128.0,Verified,small_business,24.94,0,4,0,25052,91.5,49,345,Apr-2012,475.84,349,Nov-2000,Fully Paid,17130.399999999998,0.0,Dec-2017
13217, 60 months,10.71,A,5 years,RENT,20125.0,Source Verified,car,9.73,1,13,0,14802,27.5,40,390,Jul-2014,253.33,394,Jun-1992,Fully Paid,15199.55,0.0,Dec-2017
2385, 60 months,16.5,E,10+ years,RENT,53002.0,Not Verified,car,28.3,0,11,0,8048,56.0,40,365,Jan-2013,45.71,369,Jun-1985,Charged Off,954.0,119.25,Dec-2017
4466, 36 months,6.14,C,10+ years,MORTGAGE,58122.0,Verified,small_business,29.62,0,14,0,2170,26.5,15,395,Jul-2013,142.66,399,Mar-1987,Fully Paid,5135.9,0.0,Dec-2017
27553, 36 months,27.33,F,< 1 year,OWN,49120.0,Not Verified,debt_consolidation,34.26,0,20,0,5883,25.0,6,370,Oct-2012,880.17,374,Jan-1988,Fully Paid,31685.949999999997,0.0,Dec-2017
15758, 36 months,25.87,D,< 1 year,OWN,342179.0,Not Verified,debt_consolidation,12.78,1,26,0,11869,46.6,55,335,Dec-2016,503.38,339,Feb-1997,Current,18121.699999999997,0.0,Dec-2017
24359, 36 months,21.03,B,10+ years,MORTGAGE,81880.0,Verified,credit_card,13.11,1,19,0,6661,94.2,52,335,May-2017,778.13,339,Apr-1999,Fully Paid,28012.85,0.0,Dec-2017
4181, 60 months,13.16,D,5 years,MORTGAGE,61337.0,Verified,credit_card,18.44,0,16,0,15789,44.0,10,385,Nov-2015,80.14,389,Jun-1997,Fully Paid,4808.15,0.0,Dec-2017
27545, 36 months,16.84,G,1 year,RENT,93163.0,Not Verified,debt_consolidation,19.71,1,19,0,58735,49.2,20,360,Jan-2015,879.91,364,Nov-1993,Charged Off,11018.0,1377.25,Dec-2017
7479, 36 months,13.04,B,,OWN,88708.0,Not Verified,credit_card,21.7,1,22,0,52424,64.9,6,330,Apr-2013,238.91,334,Aug-1991,Fully Paid,8600.849999999999,0.0,Dec-2017
17354, 36 months,11.92,A,5 years,OWN,52806.0,Verified,debt_consolidation,13.03,0,17,0,9140,90.0,39,355,May-2015,554.36,359,Mar-1991,Fully Paid,19957.1,0.0,Dec-2017
28513, 60 months,12.0,F,,RENT,44238.0,Not Verified,debt_consolidation,18.11,0,24,1,27459,57.6,22,350,Oct-2012,546.5,354,May-1991,Fully Paid,32789.95,0.0,Dec-2017
14042, 36 months,8.86,A,10+ years,RENT,86895.0,Source Verified,debt_consolidation,21.95,1,7,1,59421,42.5,28,345,Oct-2014,448.56,349,Aug-1999,Fully Paid,16148.3,0.0,Dec-2017
1941, 60 months,22.52,E,10+ years,RENT,39854.0,Not Verified,car,19.96,0,14,0,42397,30.5,40,365,Oct-2012,37.2,369,Jul-2007,Fully Paid,2232.1499999999996,0.0,Dec-2017
24525, 36 months,27.95,F,< 1 year,RENT,69415.0,Verified,debt_consolidation,20.24,0,14,0,51343,2.8,29,330,Nov-2012,783.44,334,Apr-1997,Fully Paid,28203.749999999996,0.0,Dec-2017
23966, 60 months,14.75,D,< 1 year,OWN,62766.0,Not Verified,small_business,18.61,0,28,0,26035,41.6,5,365,Jun-2017,459.35,369,Jul-2014,Fully Paid,27560.899999999998,0.0,Dec-2017
7277, 60 months,23.69,F,,OWN,30967.0,Source Verified,small_business,0.0,0,7,0,1904,6.9,40,415,Sep-2014,139.48,419,Dec-1994,Fully Paid,8368.55,0.0,Dec-2017
14619, 60 months,26.02,B,1 year,OWN,95065.0,Source Verified,credit_card,30.28,0,25,0,36653,92.6,39,415,Jun-2014,280.2,419,Oct-2001,Fully Paid,16811.85,0.0,Dec-2017
10549, 36 months,27.22,E,< 1 year,MORTGAGE,89536.0,Source Verified,debt_consolidation,26.19,1,5,0,26164,25.5,51,360,Aug-2014,336.98,364,Oct-1985,Fully Paid,12131.349999999999,0.0,Dec-2017
30318, 36 months,20.79,F,1 year,OWN,91575.0,Not Verified,debt_consolidation,12.38,0,7,0,20887,28.1,11,415,Dec-2016,968.49,419,Mar-1990,Current,34865.7,0.0,Dec-2017
21161, 60 months,20.46,E,< 1 year,OWN,64749.0,Not Verified,credit_card,14.92,1,7,0,12285,62.1,15,405,Nov-2014,405.59,409,Nov-2001,Fully Paid,24335.149999999998,0.0,Dec-2017
32246, 60 months,15.73,B,,OWN,48707.0,Verified,credit_card,22.11,0,2,0,12772,37.6,9,335,May-2017,618.05,339,Jan-1992,Current,37082.899999999994,0.0,Dec-2017
8508, 60 months,9.56,D,5 years,RENT,49040.0,Source Verified,small_business,15.48,0,2,0,8633,16.8,58,380,Sep-2013,163.07,384,Jan-1997,Fully Paid,9784.199999999999,0.0,Dec-2017
5516, 36 months,22.58,E,10+ years,MORTGAGE,55504.0,Not Verified,small_business,21.63,0,26,0,46834,50.8,38,345,May-2013,176.21,349,Sep-1986,Fully Paid,6343.4,0.0,Dec-2017
15599, 36 months,6.97,D,5 years,RENT,62459.0,Source Verified,car,23.14,0,25,0,5016,58.8,6,405,Mar-2013,498.3,409,Apr-1983,Fully Paid,17938.85,0.0,Dec-2017
16589, 36 months,17.58,B,5 years,RENT,122045.0,Source Verified,small_business,4.78,0,18,0,9275,33.3,35,340,Mar-2012,529.93,344,Sep-2005,Fully Paid,19077.35,0.0,Dec-2017
13457, 36 months,8.59,G,< 1 year,RENT,30265.0,Source Verified,credit_card,13.08,1,18,0,3724,71.8,38,335,Jan-2012,429.88,339,Mar-1996,Fully Paid,15475.55,0.0,Dec-2017
14824, 36 months,13.08,F,5 years,OWN,100754.0,Source Verified,debt_consolidation,32.16,0,15,1,15907,90.6,42,380,Jan-2013,473.54,384,Oct-1983,Fully Paid,17047.6,0.0,Dec-2017
9345, 36 months,9.91,E,,OWN,29906.0,Not Verified,car,16.43,0,6,0,14086,19.6,33,405,Nov-2013,298.52,409,Jan-2000,Fully Paid,10746.75,0.0,Dec-2017
25865, 60 months,17.99,D,5 years,RENT,169684.0,Source Verified,car,5.68,0,14,0,34564,97.0,26,420,Aug-2016,495.75,424,Jun-2013,Fully Paid,29744.749999999996,0.0,Dec-2017
28388, 60 months,19.43,B,10+ years,OWN,49269.0,Not Verified,car,34.54,0,27,0,51694,22.9,59,330,Mar-2014,544.1,334,Feb-2010,Fully Paid,32646.199999999997,0.0,Dec-2017
13637, 60 months,27.03,C,< 1 year,RENT,110180.0,Source Verified,car,30.76,1,23,0,42863,92.5,28,365,Feb-2012,261.38,369,Nov-2007,Fully Paid,15682.55,0.0,Dec-2017
1393, 60 months,7.88,G,1 year,MORTGAGE,154859.0,Verified,credit_card,29.64,1,16,0,25715,7.5,56,405,May-2014,26.7,409,Mar-1996,Fully Paid,1601.9499999999998,0.0,Dec-2017
26221, 36 months,14.06,F,5 years,OWN,38518.0,Not Verified,small_business,15.75,0,28,1,6070,75.6,10,395,May-2015,837.62,399,Jan-2002,Fully Paid,30154.149999999998,0.0,Dec-2017
21205, 60 months,8.45,D,10+ years,MORTGAGE,62068.0,Source Verified,car,14.5,1,7,1,39610,70.4,48,370,Jan-2012,406.43,374,Aug-1985,Fully Paid,24385.749999999996,0.0,Dec-2017
33468, 36 months,27.28,E,10+ years,MORTGAGE,41578.0,Verified,small_business,14.89,1,24,0,54046,25.7,47,360,Feb-2013,1069.12,364,May-1996,Fully Paid,38488.2,0.0,Dec-2017
14851, 36 months,14.68,A,1 year,RENT,254078.0,Verified,credit_card,33.05,2,9,0,6494,97.8,22,400,Sep-2017,474.41,404,Dec-1997,Fully Paid,17078.649999999998,0.0,Dec-2017
14102, 60 months,6.55,E,10+ years,MORTGAGE,33171.0,Source Verified,debt_consolidation,24.92,0,22,0,35481,26.7,16,385,Aug-2016,270.29,389,Feb-2002,Fully Paid,16217.3,0.0,Dec-2017
20802, 36 months,13.37,C,10+ years,MORTGAGE,21337.0,Verified,small_business,32.77,1,21,0,7977,2.4,53,420,Dec-2015,664.51,424,Nov-1996,Fully Paid,23922.3,0.0,Dec-2017
23959, 36 months,16.01,C,10+ years,MORTGAGE,111078.0,Verified,car,3.59,0,16,0,56509,92.4,54,350,Nov-2014,765.36,354,Dec-1987,Fully Paid,27552.85,0.0,Dec-2017
21547, 36 months,12.56,B,< 1 year,MORTGAGE,51175.0,Verified,credit_card,12.73,0,25,0,22061,64.4,37,415,May-2013,688.31,419,Oct-2003,Fully Paid,24779.05,0.0,Dec-2017
32849, 36 months,7.27,G,,MORTGAGE,68504.0,Verified,car,12.79,0,8,0,9358,49.4,12,410,Apr-2015,1049.34,414,Nov-2001,Fully Paid,37776.35,0.0,Dec-2017
2941, 36 months,25.86,F,10+ years,OWN,39028.0,Verified,car,18.99,1,18,0,27573,9.6,28,420,Jul-2016,93.95,424,Aug-2010,Fully Paid,3382.1499999999996,0.0,Dec-2017
39350, 36 months,24.63,F,10+ years,MORTGAGE,66838.0,Source Verified,car,20.15,0,5,0,17752,54.7,59,355,Oct-2013,1257.01,359,Mar-1997,Fully Paid,45252.5,0.0,Dec-2017
26058, 36 months,12.32,B,< 1 year,MORTGAGE,75478.0,Source Verified,small_business,10.26,0,28,0,53743,12.8,16,400,Aug-2014,832.41,404,Jun-2004,Fully Paid,29966.699999999997,0.0,Dec-2017
34867, 60 months,7.72,D,< 1 year,MORTGAGE,83432.0,Verified,debt_consolidation,6.33,0,21,0,28969,87.9,54,330,Sep-2014,668.28,334,Feb-2003,Fully Paid,40097.049999999996,0.0,Dec-2017
13322, 60 months,16.39,A,1 year,RENT,138802.0,Not Verified,debt_consolidation,21.01,1,17,1,29526,97.8,29,335,Jan-2016,255.34,339,Aug-1988,Fully Paid,15320.3,0.0,Dec-2017
39004, 60 months,14.9,G,10+ years,OWN,132193.0,Source Verified,small_business,22.42,1,11,0,21350,10.3,53,380,Apr-2012,747.58,384,Jan-2009,Fully Paid,44854.6,0.0,Dec-2017
37162, 36 months,15.33,F,,MORTGAGE,97907.0,Source Verified,car,8.44,0,11,1,23336,78.4,44,345,Oct-2015,1187.12,349,Nov-1996,Fully Paid,42736.299999999996,0.0,Dec-2017
39539, 36 months,17.25,C,5 years,OWN,61827.0,Verified,car,14.51,0,22,0,29993,2.1,31,395,Nov-2016,1263.05,399,Jul-1999,Fully Paid,45469.85,0.0,Dec-2017
9500, 36 months,16.57,B,5 years,MORTGAGE,50259.0,Source Verified,small_business,20.73,0,8,0,29187,73.1,40,370,May-2012,303.47,374,Dec-1998,Fully Paid,10925.0,0.0,Dec-2017
3512, 60 months,17.73,C,,RENT,88680.0,Source Verified,small_business,26.43,0,13,0,30820,67.2,31,385,Jun-2017,67.31,389,Nov-2007,Fully Paid,4038.7999999999997,0.0,Dec-2017
17278, 36 months,27.94,A,5 years,OWN,71670.0,Verified,small_business,21.58,1,18,0,59624,25.3,42,380,Aug-2015,551.94,384,Mar-2002,Fully Paid,19869.699999999997,0.0,Dec-2017
24291, 36 months,17.68,C,5 years,OWN,75166.0,Verified,debt_consolidation,19.1,0,18,0,4801,49.0,26,360,Jul-2016,775.96,364,Oct-1993,Fully Paid,27934.649999999998,0.0,Dec-2017
12304, 60 months,12.14,G,5 years,OWN,113599.0,Not Verified,car,8.37,0,10,0,21097,24.7,31,415,Dec-2013,235.83,419,Jun-1991,Fully Paid,14149.599999999999,0.0,Dec-2017
1452, 36 months,20.49,G,10+ years,MORTGAGE,39375.0,Not Verified,debt_consolidation,8.83,1,17,0,37676,74.3,8,375,Dec-2014,46.38,379,May-2006,Fully Paid,1669.8,0.0,Dec-2017
15605, 60 months,12.85,D,< 1 year,OWN,47649.0,Verified,debt_consolidation,20.79,1,25,0,42930,46.4,29,355,Jun-2016,299.1,359,Jul-2005,Fully Paid,17945.75,0.0,Dec-2017
4656, 36 months,6.75,B,10+ years,RENT,29905.0,Verified,small_business,8.57,0,21,0,34018,22.1,22,370,Jan-2017,148.73,374,Apr-2014,Late (31-120 days),5354.4,0.0,Dec-2017
6334, 36 months,7.82,A,10+ years,RENT,59534.0,Verified,credit_card,14.24,0,5,0,55294,95.4,14,340,Aug-2015,202.34,344,Nov-2006,Fully Paid,7284.099999999999,0.0,Dec-2017
6829, 60 months,27.66,D,,RENT,72079.0,Source Verified,debt_consolidation,12.68,1,15,0,49712,94.6,27,390,Jan-2012,130.89,394,Jul-1988,Charged Off,2731.6000000000004,341.45000000000005,Dec-2017
24605, 60 months,26.6,G,5 years,MORTGAGE,75083.0,Verified,small_business,27.28,0,23,0,48930,99.2,22,340,Apr-2015,471.6,344,Jul-1994,Charged Off,9842.0,1230.25,Dec-2017
39303, 60 months,7.2,C,< 1 year,RENT,34454.0,Verified,debt_consolidation,10.9,0,13,0,16353,8.5,8,390,Dec-2015,753.31,394,Apr-1990,Fully Paid,45198.45,0.0,Dec-2017
5809, 36 months,20.85,G,5 years,OWN,44214.0,Source Verified,car,0.52,0,10,0,47639,8.0,17,390,Sep-2013,185.57,394,Oct-1997,Fully Paid,6680.349999999999,0.0,Dec-2017
27029, 60 months,11.25,F,1 year,OWN,143033.0,Verified,car,12.59,0,26,0,45822,89.2,40,340,Aug-2016,518.06,344,Oct-1995,In Grace Period,31083.35,0.0,Dec-2017
22024, 36 months,11.78,E,1 year,MORTGAGE,89672.0,Verified,car,16.06,0,15,0,2273,73.0,34,395,Aug-2016,703.54,399,Jan-2003,Fully Paid,25327.6,0.0,Dec-2017
25963, 36 months,26.48,F,,OWN,25222.0,Source Verified,credit_card,24.12,0,6,0,33091,53.8,11,385,Dec-2013,829.37,389,Mar-1999,Fully Paid,29857.449999999997,0.0,Dec-2017
35660, 36 months,9.88,B,5 years,MORTGAGE,77248.0,Verified,small_business,8.1,0,2,0,10855,51.3,44,395,Sep-2013,1139.14,399,Oct-1990,Fully Paid,41009.0,0.0,Dec-2017
2945, 60 months,23.22,C,10+ years,OWN,118158.0,Not Verified,small_business,21.13,0,23,0,32537,66.1,13,390,Feb-2017,56.45,394,Jul-1998,In Grace Period,3386.7499999999995,0.0,Dec-2017
26665, 36 months,11.72,F,10+ years,OWN,121101.0,Verified,small_business,8.9,0,21,0,9307,35.9,50,385,Feb-2016,851.8,389,Dec-2009,Fully Paid,30664.749999999996,0.0,Dec-2017
17966, 36 months,11.52,A,,MORTGAGE,89666.0,Verified,credit_card,0.0,0,27,0,26958,34.7,12,390,Jan-2012,573.91,394,Oct-1993,Fully Paid,20660.899999999998,0.0,Dec-2017
37287, 36 months,12.61,A,,MORTGAGE,60189.0,Verified,debt_consolidation,23.01,0,27,0,27801,88.5,47,370,Aug-2013,1191.11,374,Jun-2001,Fully Paid,42880.049999999996,0.0,Dec-2017
32070, 36 months,15.01,D,,OWN,60738.0,Verified,credit_card,7.41,0,27,0,41554,40.9,28,420,Oct-2015,1024.46,424,Nov-2000,Fully Paid,36880.5,0.0,Dec-2017
21299, 60 months,26.27,G,10+ years,OWN,37422.0,Verified,small_business,20.48,0,11,0,14881,43.1,34,420,Sep-2015,408.23,424,Nov-2009,Fully Paid,24493.85,0.0,Dec-2017
18571, 36 months,19.48,A,< 1 year,OWN,35574.0,Source Verified,debt_consolidation,8.05,1,28,0,39555,34.4,44,355,Oct-2013,593.24,359,Oct-1999,Fully Paid,21356.649999999998,0.0,Dec-2017
36768, 36 months,9.43,B,5 years,RENT,63408.0,Source Verified,debt_consolidation,7.58,1,24,0,12835,100.0,19,380,May-2017,1174.53,384,Jul-2010,Fully Paid,42283.2,0.0,Dec-2017
2276, 36 months,19.33,D,,OWN,99930.0,Source Verified,debt_consolidation,5.57,1,27,0,29166,31.9,11,405,Oct-2015,72.71,409,Oct-2005,Fully Paid,2617.3999999999996,0.0,Dec-2017
29099, 36 months,16.77,E,1 year,OWN,48066.0,Not Verified,car,7.03,0,14,0,33732,24.1,39,415,Jan-2014,929.55,419,Jul-2002,Fully Paid,33463.85,0.0,Dec-2017
15221, 36 months,24.8,B,5 years,RENT,204886.0,Source Verified,credit_card,20.42,0,27,0,15720,47.2,59,390,Jul-2013,486.23,394,Sep-1988,Fully Paid,17504.149999999998,0.0,Dec-2017
18090, 36 months,27.85,B,1 year,MORTGAGE,75722.0,Verified,credit_card,7.63,0,21,0,53619,50.0,8,365,Apr-2014,577.88,369,May-1985,Fully Paid,20803.5,0.0,Dec-2017
2162, 36 months,24.05,D,< 1 year,MORTGAGE,72011.0,Source Verified,debt_consolidation,22.14,3,26,0,24523,72.8,49,390,Apr-2013,69.06,394,Nov-2010,Charged Off,864.8000000000001,108.10000000000001,Dec-2017
27269, 36 months,6.55,C,< 1 year,OWN,54507.0,Not Verified,small_business,22.03,0,4,0,17503,93.0,6,370,Apr-2014,871.09,374,Jul-1993,Fully Paid,31359.35,0.0,Dec-2017
11389, 36 months,25.23,E,,OWN,17522.0,Not Verified,small_business,13.17,0,7,0,10745,68.9,20,395,Oct-2015,363.82,399,Aug-1999,Charged Off,4555.6,569.45,Dec-2017
21549, 60 months,18.72,G,10+ years,OWN,90771.0,Source Verified,car,29.42,0,3,0,38058,77.2,10,370,Sep-2016,413.02,374,Mar-1994,Late (31-120 days),24781.35,0.0,Dec-2017
34645, 36 months,19.61,B,,OWN,90783.0,Not Verified,small_business,13.39,0,11,0,4916,60.6,48,350,Dec-2014,1106.72,354,Jan-2006,Fully Paid,39841.75,0.0,Dec-2017
1313, 60 months,24.58,F,< 1 year,OWN,20385.0,Not Verified,debt_consolidation,18.4,0,3,0,8151,20.5,35,380,Oct-2014,25.17,384,Dec-1993,Fully Paid,1509.9499999999998,0.0,Dec-2017
28540, 36 months,10.49,C,1 year,OWN,139195.0,Source Verified,car,9.1,0,19,0,8015,67.2,57,330,Feb-2013,911.69,334,Jan-2005,Fully Paid,32821.0,0.0,Dec-2017
22941, 36 months,18.84,A,5 years,OWN,35660.0,Not Verified,small_business,11.75,0,2,0,11281,6.5,11,355,Jan-2015,732.84,359,Oct-2009,Fully Paid,26382.149999999998,0.0,Dec-2017
11386, 36 months,17.8,G,1 year,RENT,46968.0,Verified,credit_card,21.16,1,22,0,16175,29.7,39,330,Apr-2017,363.72,334,Mar-2001,Fully Paid,13093.9,0.0,Dec-2017
27582, 36 months,24.18,D,1 year,RENT,77696.0,Verified,debt_consolidation,12.69,0,15,0,51421,49.3,8,390,Dec-2015,881.09,394,Jun-1987,Fully Paid,31719.3,0.0,Dec-2017
22453, 36 months,14.87,C,< 1 year,MORTGAGE,28795.0,Not Verified,credit_card,23.67,0,11,1,32679,41.0,34,340,Apr-2017,717.25,344,Nov-1988,Fully Paid,25820.949999999997,0.0,Dec-2017
24286, 36 months,24.53,C,10+ years,MORTGAGE,96243.0,Verified,car,23.39,0,28,0,20946,31.5,12,335,Feb-2015,775.8,339,Feb-2011,Fully Paid,27928.899999999998,0.0,Dec-2017
16656, 60 months,9.79,G,,RENT,136821.0,Verified,debt_consolidation,27.25,0,14,1,6851,69.4,23,380,Apr-2015,319.24,384,Jul-1988,Fully Paid,19154.399999999998,0.0,Dec-2017
36790, 36 months,21.94,C,< 1 year,RENT,69941.0,Verified,debt_consolidation,9.36,0,22,0,42937,8.1,28,420,Aug-2012,1175.24,424,Jun-1992,Fully Paid,42308.5,0.0,Dec-2017
28388, 60 months,6.94,G,5 years,MORTGAGE,76175.0,Verified,credit_card,23.1,1,10,0,36187,40.4,43,385,Mar-2016,544.1,389,Apr-2000,Fully Paid,32646.199999999997,0.0,Dec-2017
36005, 36 months,9.72,E,1 year,RENT,196965.0,Verified,debt_consolidation,23.9,0,18,0,32750,69.9,45,415,May-2017,1150.16,419,Jul-2003,In Grace Period,41405.75,0.0,Dec-2017
18312, 36 months,24.58,E,5 years,OWN,74091.0,Not Verified,small_business,11.22,0,12,0,59320,76.3,40,380,Sep-2014,584.97,384,Oct-2011,Fully Paid,21058.8,0.0,Dec-2017
33891, 36 months,23.4,F,10+ years,MORTGAGE,84434.0,Not Verified,small_business,2.48,0,7,0,41701,62.8,31,360,May-2015,1082.63,364,Jan-1996,Fully Paid,38974.649999999994,0.0,Dec-2017
35036, 36 months,13.95,B,,RENT,300113.0,Source Verified,credit_card,18.23,0,17,0,36686,0.5,46,395,Oct-2016,1119.21,399,Jun-2012,Fully Paid,40291.399999999994,0.0,Dec-2017
1403, 36 months,24.08,G,1 year,OWN,36814.0,Source Verified,credit_card,17.31,0,29,0,38563,73.8,27,330,Jan-2014,44.82,334,Oct-2000,Fully Paid,1613.4499999999998,0.0,Dec-2017
37162, 60 months,19.48,G,1 year,MORTGAGE,68995.0,Not Verified,small_business,28.62,0,22,0,265,60.6,49,335,Dec-2016,712.27,339,Aug-1997,Current,42736.299999999996,0.0,Dec-2017
10691, 36 months,16.11,A,1 year,RENT,128017.0,Source Verified,small_business,26.03,1,7,0,50161,88.1,15,420,Jan-2014,341.52,424,Apr-2005,Fully Paid,12294.65,0.0,Dec-2017
34407, 36 months,19.61,C,,RENT,42201.0,Not Verified,debt_consolidation,22.79,2,2,0,15746,4.2,44,400,Jul-2016,1099.11,404,Jan-2006,Current,39568.049999999996,0.0,Dec-2017
37404, 36 months,9.9,B,1 year,MORTGAGE,9829.0,Not Verified,car,11.0,1,4,0,44692,93.7,31,405,Aug-2016,1194.85,409,Jan-2000,Late (31-120 days),43014.6,0.0,Dec-2017
6008, 60 months,10.66,G,1 year,RENT,34361.0,Verified,small_business,15.17,0,21,0,56846,47.5,19,345,Jun-2013,115.15,349,Jan-2005,Fully Paid,6909.2,0.0,Dec-2017
19871, 36 months,19.75,D,5 years,MORTGAGE,76352.0,Not Verified,small_business,17.41,0,2,0,55369,64.4,43,345,Jan-2016,634.77,349,May-2004,Fully Paid,22851.649999999998,0.0,Dec-2017
12002, 36 months,19.24,B,,RENT,107171.0,Not Verified,debt_consolidation,24.74,0,2,0,49398,63.6,39,370,Feb-2012,383.4,374,Feb-1998,Fully Paid,13802.3,0.0,Dec-2017
14701, 36 months,26.91,A,5 years,MORTGAGE,72760.0,Verified,debt_consolidation,28.49,0,22,0,6409,29.5,31,355,Jul-2016,469.62,359,Dec-1986,Current,16906.149999999998,0.0,Dec-2017
36280, 60 months,14.13,F,1 year,RENT,57095.0,Not Verified,car,26.48,0,19,0,20472,6.1,11,335,Dec-2015,695.37,339,Nov-1988,Fully Paid,41722.0,0.0,Dec-2017
1145, 60 months,6.6,C,5 years,MORTGAGE,106318.0,Not Verified,credit_card,15.79,0,20,0,36714,36.5,31,405,Mar-2012,21.95,409,Oct-2006,Fully Paid,1316.75,0.0,Dec-2017
37599, 36 months,10.68,D,,MORTGAGE,56200.0,Source Verified,small_business,18.91,0,7,0,16745,11.6,18,420,Jun-2014,1201.08,424,Oct-1997,Fully Paid,43238.85,0.0,Dec-2017
18517, 36 months,11.11,B,10+ years,OWN,107725.0,Not Verified,car,14.59,0,21,0,30723,80.1,54,350,Feb-2017,591.52,354,Sep-2011,Current,21294.55,0.0,Dec-2017
38099, 60 months,13.6,B,10+ years,RENT,54660.0,Verified,credit_card,22.85,0,23,0,41325,26.9,7,380,May-2017,730.23,384,Jan-1992,In Grace Period,43813.85,0.0,Dec-2017
17519, 36 months,6.54,A,,RENT,43287.0,Verified,debt_consolidation,26.22,1,13,0,13371,41.9,54,400,Feb-2014,559.63,404,Oct-1998,Fully Paid,20146.85,0.0,Dec-2017
1460, 36 months,12.64,F,10+ years,MORTGAGE,90581.0,Not Verified,debt_consolidation,14.94,0,27,0,29151,32.5,40,350,Feb-2017,46.64,354,Jun-2008,Late (31-120 days),1678.9999999999998,0.0,Dec-2017
7268, 60 months,24.41,G,,RENT,192445.0,Verified,small_business,30.06,0,2,0,25227,83.9,28,365,Apr-2017,139.3,369,Jan-1993,Fully Paid,8358.199999999999,0.0,Dec-2017
14431, 36 months,9.65,D,1 year,OWN,94145.0,Not Verified,debt_consolidation,17.19,0,2,1,53036,52.2,37,415,Mar-2015,460.99,419,Aug-2009,Fully Paid,16595.649999999998,0.0,Dec-2017
5785, 36 months,24.47,E,10+ years,OWN,38631.0,Not Verified,credit_card,24.51,0,20,0,53999,28.7,25,365,Oct-2012,184.8,369,Mar-1983,Fully Paid,6652.749999999999,0.0,Dec-2017
18098, 36 months,26.65,F,< 1 year,RENT,57013.0,Verified,car,9.14,0,16,0,43892,14.5,35,390,Apr-2014,578.13,394,Dec-2006,Fully Paid,20812.699999999997,0.0,Dec-2017
28450, 60 months,11.34,F,10+ years,OWN,27622.0,Verified,debt_consolidation,21.87,0,11,1,9219,48.6,52,410,Dec-2015,545.29,414,Feb-1989,Fully Paid,32717.499999999996,0.0,Dec-2017
16656, 60 months,24.64,B,1 year,MORTGAGE,47589.0,Verified,debt_consolidation,10.88,0,15,0,55521,90.3,24,415,Apr-2016,319.24,419,Nov-2011,Fully Paid,19154.399999999998,0.0,Dec-2017
23099, 36 months,22.32,E,10+ years,MORTGAGE,61589.0,Source Verified,credit_card,9.08,0,19,0,7930,41.3,39,420,Dec-2017,737.88,424,May-1995,In Grace Period,26563.85,0.0,Dec-2017
2116, 60 months,18.91,G,,OWN,47241.0,Source Verified,car,9.05,0,12,0,23081,23.3,40,420,Apr-2016,40.56,424,Feb-1994,Fully Paid,2433.3999999999996,0.0,Dec-2017
36360, 36 months,24.14,D,5 years,MORTGAGE,31611.0,Source Verified,small_business,25.09,0,4,0,54218,56.3,45,380,Nov-2015,1161.5,384,Mar-2000,Fully Paid,41814.0,0.0,Dec-2017
10554, 36 months,14.73,F,,RENT,67457.0,Source Verified,debt_consolidation,14.92,1,22,1,5013,9.7,4,380,Feb-2016,337.14,384,Mar-1990,Fully Paid,12137.099999999999,0.0,Dec-2017
33566, 36 months,25.6,E,1 year,OWN,58934.0,Not Verified,credit_card,3.1,0,27,0,36726,81.8,50,330,Jul-2016,1072.25,334,Apr-2013,Fully Paid,38600.899999999994,0.0,Dec-2017
37855, 36 months,11.39,F,10+ years,MORTGAGE,173387.0,Verified,credit_card,20.67,1,5,0,40999,51.7,18,405,Jan-2017,1209.26,409,Dec-1987,Current,43533.25,0.0,Dec-2017
7155, 36 months,9.53,G,10+ years,OWN,39121.0,Source Verified,credit_card,34.94,1,13,0,14111,89.6,9,420,Dec-2017,228.56,424,Sep-1996,In Grace Period,8228.25,0.0,Dec-2017
36452, 36 months,6.2,D,,RENT,22800.0,Source Verified,credit_card,8.21,0,9,0,49539,86.1,38,335,Jun-2015,1164.44,339,Apr-2005,Fully Paid,41919.799999999996,0.0,Dec-2017
8938, 36 months,26.48,F,1 year,RENT,28653.0,Verified,car,19.47,0,14,0,19833,41.8,55,390,May-2013,285.52,394,Jun-1997,Charged Off,3575.2000000000003,446.90000000000003,Dec-2017
6070, 36 months,21.43,C,10+ years,OWN,166219.0,Source Verified,small_business,13.88,1,16,0,11972,37.3,14,415,Feb-2015,193.9,419,Jan-2002,Fully Paid,6980.499999999999,0.0,Dec-2017
39380, 60 months,21.19,B,5 years,OWN,32317.0,Not Verified,car,21.88,0,3,0,43798,83.3,13,375,Apr-2017,754.78,379,Nov-1998,Fully Paid,45287.0,0.0,Dec-2017
2940, 60 months,23.96,C,,OWN,62885.0,Not Verified,small_business,21.96,1,3,0,1966,57.5,45,420,Feb-2015,56.35,424,Jan-2010,Fully Paid,3380.9999999999995,0.0,Dec-2017
38583, 36 months,12.42,B,1 year,OWN,47017.0,Not Verified,credit_card,22.24,0,5,0,24256,11.9,59,420,Oct-2017,1232.51,424,May-1988,Late (31-120 days),44370.45,0.0,Dec-2017
28755, 36 months,23.52,A,1 year,RENT,34443.0,Source Verified,credit_card,24.85,0,11,0,32319,87.6,40,380,Apr-2017,918.56,384,Sep-2001,Late (31-120 days),11502.0,1437.75,Dec-2017
38880, 36 months,24.05,A,1 year,MORTGAGE,87459.0,Source Verified,debt_consolidation,12.76,0,23,0,43226,75.0,47,395,Jan-2017,1242.0,399,Oct-1991,Current,44712.0,0.0,Dec-2017
7871, 36 months,19.54,F,< 1 year,MORTGAGE,36571.0,Source Verified,credit_card,13.73,1,18,0,50073,78.9,8,400,Mar-2014,251.43,404,Nov-1989,Fully Paid,9051.65,0.0,Dec-2017
28346, 60 months,26.9,E,5 years,RENT,23009.0,Source Verified,debt_consolidation,12.92,0,18,0,52110,71.8,48,415,Mar-2017,543.3,419,Apr-2006,Fully Paid,32597.899999999998,0.0,Dec-2017
12609, 36 months,20.09,G,5 years,RENT,60908.0,Not Verified,credit_card,13.16,0,29,0,10745,14.1,32,355,Jan-2017,402.79,359,Jul-1992,In Grace Period,14500.349999999999,0.0,Dec-2017
13005, 60 months,25.58,G,5 years,MORTGAGE,25284.0,Source Verified,credit_card,10.93,0,17,0,59378,96.7,41,420,Aug-2014,249.26,424,Jul-1987,Fully Paid,14955.749999999998,0.0,Dec-2017
39960, 60 months,19.68,B,< 1 year,MORTGAGE,31307.0,Not Verified,credit_card,13.52,0,5,0,43321,94.2,51,385,Jan-2015,765.9,389,Dec-1987,Fully Paid,45954.0,0.0,Dec-2017
5633, 36 months,26.97,A,,RENT,110921.0,Verified,debt_consolidation,6.87,0,3,0,55114,29.8,43,345,Oct-2015,179.94,349,Jul-2004,Fully Paid,6477.95,0.0,Dec-2017
35440, 60 months,20.09,B,< 1 year,RENT,104897.0,Source Verified,credit_card,13.38,1,26,1,183,22.8,14,405,Jul-2012,679.27,409,Sep-1989,Fully Paid,40756.0,0.0,Dec-2017
35977, 36 months,27.66,D,,OWN,40574.0,Verified,credit_card,5.18,0,21,0,27528,83.0,34,340,Jan-2012,1149.27,344,Jul-1997,Fully Paid,41373.549999999996,0.0,Dec-2017
7051, 60 months,16.37,C,10+ years,RENT,155579.0,Not Verified,car,22.4,0,27,0,12310,70.9,9,365,Sep-2014,135.14,369,Jun-1996,Fully Paid,8108.65,0.0,Dec-2017
34520, 60 months,9.35,B,10+ years,OWN,78616.0,Source Verified,credit_card,10.24,1,2,0,43608,32.3,32,390,Aug-2015,661.63,394,Jul-2008,Fully Paid,39698.0,0.0,Dec-2017
15494, 60 months,24.38,C,1 year,MORTGAGE,15948.0,Source Verified,small_business,23.56,0,3,0,38553,22.8,24,365,Sep-2013,296.97,369,Jul-1995,Fully Paid,17818.1,0.0,Dec-2017
18702, 36 months,22.33,C,1 year,MORTGAGE,85586.0,Source Verified,credit_card,0.47,0,26,0,22611,19.5,25,390,Apr-2017,597.42,394,Jan-2004,Fully Paid,21507.3,0.0,Dec-2017
16882, 36 months,13.98,F,,MORTGAGE,45270.0,Source Verified,credit_card,17.53,0,10,0,36530,76.9,32,335,Mar-2015,539.29,339,Apr-2002,Fully Paid,19414.3,0.0,Dec-2017
30876, 60 months,18.45,A,10+ years,OWN,32087.0,Verified,credit_card,15.66,0,27,0,27001,80.9,6,340,Feb-2012,591.79,344,May-2009,Fully Paid,35507.399999999994,0.0,Dec-2017
3307, 60 months,19.62,B,< 1 year,OWN,51397.0,Verified,car,25.93,1,10,0,11408,77.9,35,395,Feb-2017,63.38,399,Jan-2000,Late (31-120 days),1322.8000000000002,165.35000000000002,Dec-2017
24236, 36 months,18.9,C,,OWN,69376.0,Not Verified,debt_consolidation,13.33,0,19,1,44910,70.4,29,360,Dec-2014,774.21,364,May-2009,Charged Off,9694.4,1211.8,Dec-2017
20081, 36 months,12.84,G,5 years,MORTGAGE,131638.0,Verified,small_business,17.12,0,27,0,29461,24.0,44,365,Jan-2013,641.48,369,Nov-1997,Fully Paid,23093.149999999998,0.0,Dec-2017
17839, 60 months,7.05,D,10+ years,MORTGAGE,241642.0,Not Verified,debt_consolidation,38.96,1,21,0,17270,95.1,51,415,Jul-2015,341.91,419,Oct-1999,Fully Paid,20514.85,0.0,Dec-2017
8462, 36 months,25.65,F,10+ years,MORTGAGE,79767.0,Source Verified,debt_consolidation,34.4,0,11,0,6443,27.7,10,330,Nov-2014,270.31,334,Apr-2011,Fully Paid,9731.3,0.0,Dec-2017
31330, 36 months,14.37,C,1 year,RENT,129571.0,Not Verified,debt_consolidation,20.65,0,10,0,2945,13.9,43,370,Apr-2012,1000.82,374,May-1996,Fully Paid,36029.5,0.0,Dec-2017
32866, 36 months,17.12,D,10+ years,RENT,80269.0,Verified,small_business,25.19,0,16,0,28115,93.4,42,365,Jun-2015,1049.89,369,May-2009,Fully Paid,37795.899999999994,0.0,Dec-2017
22421, 36 months,17.52,G,< 1 year,RENT,69954.0,Not Verified,small_business,23.2,0,6,0,44844,47.2,42,415,Feb-2016,716.23,419,Feb-1989,Fully Paid,25784.149999999998,0.0,Dec-2017
35602, 36 months,7.58,D,,MORTGAGE,75179.0,Not Verified,debt_consolidation,17.94,0,4,0,16718,65.2,19,350,Aug-2016,1137.29,354,Sep-2000,Fully Paid,40942.299999999996,0.0,Dec-2017
33396, 36 months,8.64,E,1 year,MORTGAGE,38221.0,Verified,credit_card,20.54,0,4,1,1653,93.0,8,370,May-2013,1066.82,374,May-1999,Fully Paid,38405.399999999994,0.0,Dec-2017
25201, 36 months,19.34,C,,MORTGAGE,67141.0,Not Verified,credit_card,24.8,0,7,0,44188,79.9,43,375,Aug-2017,805.03,379,Mar-2001,Fully Paid,28981.149999999998,0.0,Dec-2017
7729, 36 months,16.5,F,1 year,OWN,56143.0,Verified,debt_consolidation,17.69,0,19,0,56718,27.4,40,410,Dec-2016,246.9,414,Feb-2005,Fully Paid,8888.349999999999,0.0,Dec-2017
9679, 60 months,9.12,F,10+ years,RENT,40332.0,Not Verified,credit_card,22.58,0,23,0,40134,7.9,10,400,Apr-2015,185.51,404,May-1992,Fully Paid,11130.849999999999,0.0,Dec-2017
26808, 60 months,6.23,B,1 year,RENT,127909.0,Source Verified,small_business,30.52,1,20,0,34687,83.4,8,380,Jul-2014,513.82,384,Oct-2001,Fully Paid,30829.199999999997,0.0,Dec-2017
21322, 60 months,12.57,A,1 year,MORTGAGE,51689.0,Source Verified,debt_consolidation,19.25,0,6,0,39791,49.6,31,400,Jul-2017,408.67,404,Feb-2006,Fully Paid,24520.3,0.0,Dec-2017
16454, 36 months,7.89,B,1 year,RENT,49188.0,Not Verified,debt_consolidation,14.74,0,16,0,12423,26.3,56,390,Sep-2014,525.61,394,Apr-1989,Fully Paid,18922.1,0.0,Dec-2017
17446, 36 months,13.12,A,1 year,OWN,188774.0,Not Verified,credit_card,23.41,0,17,0,12018,33.7,32,390,Jan-2014,557.3,394,Feb-1987,Fully Paid,20062.899999999998,0.0,Dec-2017
2631, 36 months,24.23,E,< 1 year,MORTGAGE,37786.0,Source Verified,car,10.87,1,22,0,57875,32.3,28,400,Dec-2014,84.05,404,Sep-1999,Fully Paid,3025.6499999999996,0.0,Dec-2017
37052, 36 months,11.6,B,,MORTGAGE,43985.0,Verified,small_business,14.39,0,12,0,20217,98.6,39,375,Jul-2016,1183.61,379,Jul-2014,Fully Paid,42609.799999999996,0.0,Dec-2017
3662, 36 months,11.66,E,1 year,OWN,43136.0,Verified,debt_consolidation,15.77,0,24,0,20958,92.3,59,405,Aug-2015,116.98,409,Jul-2003,Fully Paid,4211.299999999999,0.0,Dec-2017
37410, 60 months,18.48,C,,OWN,179735.0,Source Verified,credit_card,22.37,0,8,0,21972,78.8,8,330,Jul-2016,717.02,334,Dec-2000,Late (31-120 days),43021.5,0.0,Dec-2017
8421, 36 months,22.59,G,,MORTGAGE,34472.0,Verified,credit_card,20.57,0,7,0,12745,77.9,58,365,Apr-2014,269.0,369,Feb-2011,Fully Paid,9684.15,0.0,Dec-2017
22096, 36 months,17.66,E,10+ years,MORTGAGE,46995.0,Verified,debt_consolidation,13.76,0,18,0,6682,79.3,14,415,Apr-2015,705.84,419,Apr-1989,Fully Paid,25410.399999999998,0.0,Dec-2017
6840, 36 months,23.41,D,10+ years,RENT,53132.0,Source Verified,small_business,8.2,0,18,0,1643,62.0,9,370,Feb-2014,218.5,374,May-2011,Fully Paid,7865.999999999999,0.0,Dec-2017
11139, 36 months,22.42,G,5 years,RENT,32807.0,Source Verified,small_business,16.7,0,12,0,16063,37.3,21,395,Jan-2013,355.83,399,Jun-1995,Fully Paid,12809.849999999999,0.0,Dec-2017
2232, 36 months,22.01,G,10+ years,RENT,95282.0,Source Verified,small_business,6.11,1,8,0,52762,19.2,51,405,Aug-2014,71.3,409,Jul-2007,Fully Paid,2566.7999999999997,0.0,Dec-2017
10700, 36 months,12.28,F,5 years,RENT,62437.0,Not Verified,debt_consolidation,8.91,0,22,1,50221,69.1,28,365,Apr-2014,341.81,369,Feb-1989,Fully Paid,12304.999999999998,0.0,Dec-2017
4539, 36 months,17.46,A,5 years,MORTGAGE,198067.0,Not Verified,car,15.9,0,8,0,40887,51.3,50,395,Mar-2017,145.0,399,Jan-2015,Late (31-120 days),5219.849999999999,0.0,Dec-2017
8610, 60 months,13.63,G,,OWN,53258.0,Verified,small_business,17.75,0,20,0,25912,31.5,59,410,Sep-2013,165.02,414,Sep-1998,Fully Paid,9901.5,0.0,Dec-2017
6445, 36 months,21.48,D,< 1 year,OWN,114488.0,Verified,small_business,27.16,1,6,0,48926,75.4,58,375,Aug-2017,205.88,379,May-2007,In Grace Period,7411.749999999999,0.0,Dec-2017
18381, 36 months,7.3,D,10+ years,MORTGAGE,52478.0,Verified,small_business,31.38,1,26,0,18355,3.4,29,365,Oct-2017,587.17,369,Aug-1999,In Grace Period,21138.149999999998,0.0,Dec-2017
17713, 60 months,12.64,D,,MORTGAGE,37097.0,Not Verified,debt_consolidation,22.95,0,11,1,59882,54.0,42,390,Dec-2012,339.5,394,Sep-1993,Fully Paid,20369.949999999997,0.0,Dec-2017
29192, 36 months,6.65,C,,MORTGAGE,36910.0,Verified,car,19.56,0,7,0,57223,88.5,25,420,Nov-2015,932.52,424,Jun-2012,Fully Paid,33570.799999999996,0.0,Dec-2017
11551, 60 months,23.12,G,5 years,RENT,33833.0,Not Verified,small_business,30.17,0,8,0,40679,82.5,22,405,Apr-2016,221.39,409,Apr-2009,Fully Paid,13283.65,0.0,Dec-2017
2326, 36 months,22.21,F,,OWN,115557.0,Verified,credit_card,22.95,1,22,0,33229,81.2,22,370,Jun-2017,74.3,374,Jan-2005,In Grace Period,2674.8999999999996,0.0,Dec-2017
3231, 60 months,26.54,E,5 years,OWN,57077.0,Verified,credit_card,29.74,0,25,0,50105,24.1,46,360,Oct-2017,61.93,364,Oct-2007,Current,3715.6499999999996,0.0,Dec-2017
28823, 60 months,7.82,F,,OWN,23738.0,Source Verified,credit_card,12.56,0,29,0,9894,49.2,37,395,Oct-2013,552.44,399,Feb-1995,Fully Paid,33146.45,0.0,Dec-2017
9221, 36 months,13.7,B,10+ years,MORTGAGE,55104.0,Verified,car,13.66,0,10,1,33082,71.0,22,370,Jun-2015,294.56,374,Feb-2013,Fully Paid,10604.15,0.0,Dec-2017
13335, 36 months,16.94,D,1 year,OWN,48619.0,Verified,credit_card,19.69,0,9,0,45410,34.6,28,395,Jul-2014,425.98,399,Sep-1996,Fully Paid,15335.249999999998,0.0,Dec-2017
30568, 36 months,7.64,A,1 year,RENT,64411.0,Source Verified,small_business,18.76,0,14,0,18921,32.9,20,355,Mar-2015,976.48,359,May-1985,Fully Paid,35153.2,0.0,Dec-2017
15094, 36 months,22.79,G,5 years,MORTGAGE,35845.0,Verified,small_business,26.01,0,18,0,13638,30.3,34,395,May-2015,482.17,399,Sep-2011,Fully Paid,17358.1,0.0,Dec-2017
13142, 36 months,25.47,E,1 year,MORTGAGE,270540.0,Verified,debt_consolidation,18.27,0,13,0,45502,7.8,11,415,Oct-2015,419.81,419,Dec-1988,Fully Paid,15113.3,0.0,Dec-2017
39983, 36 months,26.62,B,5 years,MORTGAGE,106757.0,Verified,car,41.13,1,2,0,9683,51.3,10,365,Feb-2014,1277.23,369,Apr-2007,Fully Paid,45980.45,0.0,Dec-2017
23211, 36 months,13.76,D,10+ years,MORTGAGE,13623.0,Source Verified,debt_consolidation,16.4,0,2,0,34543,58.9,22,380,Jul-2013,741.46,384,Nov-1996,Fully Paid,26692.649999999998,0.0,Dec-2017
8241, 36 months,24.98,G,< 1 year,OWN,113348.0,Source Verified,small_business,26.2,0,15,0,4498,38.9,47,385,Sep-2014,263.25,389,Jan-1995,Fully Paid,9477.15,0.0,Dec-2017
19032, 36 months,13.27,D,< 1 year,OWN,60617.0,Not Verified,debt_consolidation,4.93,0,8,0,3913,94.8,26,365,Aug-2017,607.97,369,Apr-1997,In Grace Period,21886.8,0.0,Dec-2017
30339, 60 months,13.31,G,,OWN,86152.0,Source Verified,credit_card,14.23,0,18,0,3282,9.3,59,400,Aug-2015,581.5,404,Jun-2008,Fully Paid,34889.85,0.0,Dec-2017
23798, 36 months,26.14,F,,OWN,28013.0,Source Verified,small_business,14.32,0,18,0,56403,25.5,19,330,Aug-2016,760.21,334,Jul-1997,Fully Paid,27367.699999999997,0.0,Dec-2017
16253, 60 months,9.58,A,5 years,OWN,23113.0,Verified,debt_consolidation,17.89,1,13,0,43040,87.4,18,415,Mar-2012,311.52,419,May-2004,Fully Paid,18690.949999999997,0.0,Dec-2017
26380, 36 months,25.41,A,5 years,RENT,52227.0,Not Verified,debt_consolidation,23.49,1,19,0,28883,77.9,23,395,Aug-2012,842.69,399,Jan-1984,Fully Paid,30336.999999999996,0.0,Dec-2017
34857, 36 months,12.78,E,10+ years,OWN,33845.0,Verified,car,0.0,2,24,0,16753,31.7,39,400,Jan-2014,1113.49,404,Jul-1993,Fully Paid,40085.549999999996,0.0,Dec-2017
10578, 36 months,16.04,D,1 year,OWN,181315.0,Verified,credit_card,27.34,0,29,0,20602,61.4,57,420,Jan-2012,337.91,424,Aug-1986,Fully Paid,12164.699999999999,0.0,Dec-2017
32257, 36 months,11.55,F,,MORTGAGE,70573.0,Source Verified,small_business,19.48,0,12,0,59108,18.2,33,380,Jan-2012,1030.43,384,Mar-2003,Fully Paid,37095.549999999996,0.0,Dec-2017
22124, 60 months,18.77,C,10+ years,MORTGAGE,82588.0,Verified,car,22.4,1,25,0,34314,52.6,10,330,Jul-2015,424.04,334,Mar-2011,Fully Paid,25442.6,0.0,Dec-2017
8767, 36 months,25.69,C,10+ years,OWN,80990.0,Verified,car,32.18,1,3,1,3750,85.2,50,420,Nov-2014,280.06,424,Mar-2002,Fully Paid,10082.05,0.0,Dec-2017
15903, 36 months,7.38,G,,MORTGAGE,86458.0,Source Verified,car,18.71,1,22,0,55703,15.8,33,330,Oct-2014,508.01,334,Jan-1989,Fully Paid,18288.449999999997,0.0,Dec-2017
1397, 60 months,27.1,A,5 years,RENT,57286.0,Source Verified,debt_consolidation,11.47,1,27,0,29961,34.7,6,370,Aug-2015,26.78,374,Feb-2011,Fully Paid,1606.55,0.0,Dec-2017
28201, 60 months,6.43,C,1 year,RENT,28215.0,Verified,credit_card,23.02,0,23,0,11743,32.7,27,420,Dec-2016,540.52,424,Jun-2009,In Grace Period,11280.400000000001,1410.0500000000002,Dec-2017
39553, 36 months,14.41,G,5 years,OWN,44114.0,Not Verified,car,23.93,0,13,0,12827,70.9,38,365,Jul-2012,1263.5,369,Jun-1991,Fully Paid,45485.95,0.0,Dec-2017
7794, 60 months,12.07,F,10+ years,OWN,50864.0,Not Verified,debt_consolidation,19.11,0,9,0,14720,9.6,6,335,Jul-2016,149.38,339,May-2012,Fully Paid,8963.099999999999,0.0,Dec-2017
39644, 60 months,11.9,D,1 year,OWN,36734.0,Source Verified,credit_card,11.79,0,24,1,24621,74.4,56,400,Jun-2013,759.84,404,May-1998,Fully Paid,45590.6,0.0,Dec-2017
24168, 36 months,26.29,A,< 1 year,OWN,15619.0,Source Verified,car,17.92,0,2,1,6872,27.9,8,355,Mar-2016,772.03,359,Oct-2002,Fully Paid,27793.199999999997,0.0,Dec-2017
10528, 36 months,16.02,C,,MORTGAGE,40135.0,Not Verified,credit_card,21.53,0,9,0,8133,65.1,30,385,Oct-2016,336.31,389,Jun-2011,Current,12107.199999999999,0.0,Dec-2017
27131, 36 months,9.2,A,,MORTGAGE,76899.0,Verified,credit_card,7.59,0,7,1,34108,52.9,59,370,Nov-2017,866.68,374,Apr-1998,Fully Paid,31200.649999999998,0.0,Dec-2017
10730, 36 months,25.3,C,1 year,MORTGAGE,59762.0,Verified,small_business,18.23,1,15,0,16795,48.9,46,340,Jan-2017,342.76,344,Jan-1990,Fully Paid,12339.499999999998,0.0,Dec-2017
20751, 60 months,16.19,G,5 years,OWN,58238.0,Not Verified,credit_card,18.61,1,3,0,45973,81.2,37,330,Dec-2015,397.73,334,Oct-2003,Fully Paid,23863.649999999998,0.0,Dec-2017
31077, 36 months,15.41,A,1 year,OWN,104885.0,Source Verified,small_business,18.7,0,11,0,43372,90.9,24,330,Apr-2014,992.74,334,Apr-2009,Fully Paid,35738.549999999996,0.0,Dec-2017
3325, 36 months,6.12,A,5 years,OWN,84865.0,Source Verified,car,8.05,0,15,0,20324,31.7,58,340,Oct-2013,106.22,344,Dec-2008,Fully Paid,3823.7499999999995,0.0,Dec-2017
32371, 36 months,14.73,G,,OWN,31380.0,Source Verified,debt_consolidation,27.83,0,10,0,46289,15.1,47,365,Nov-2016,1034.07,369,Nov-1989,Fully Paid,37226.649999999994,0.0,Dec-2017
3331, 36 months,20.42,G,,MORTGAGE,43460.0,Source Verified,small_business,9.85,0,29,1,35584,38.6,43,405,Jan-2013,106.41,409,Aug-2009,Fully Paid,3830.6499999999996,0.0,Dec-2017
18113, 36 months,16.59,F,,MORTGAGE,102003.0,Source Verified,credit_card,20.25,0,2,0,29909,50.1,24,370,Aug-2013,578.61,374,Aug-2008,Fully Paid,20829.949999999997,0.0,Dec-2017
10028, 36 months,22.44,A,5 years,OWN,56015.0,Verified,credit_card,12.64,0,2,0,15642,43.8,37,420,Aug-2013,320.34,424,Jul-1991,Fully Paid,11532.199999999999,0.0,Dec-2017
29592, 36 months,6.14,G,,RENT,63324.0,Verified,car,0.19,2,4,0,33158,20.0,34,400,Mar-2016,945.3,404,Jun-1999,Fully Paid,34030.799999999996,0.0,Dec-2017
17625, 60 months,19.9,A,1 year,MORTGAGE,35063.0,Not Verified,small_business,18.98,0,24,0,64,20.9,31,410,Dec-2017,337.81,414,Dec-2004,Late (31-120 days),20268.75,0.0,Dec-2017
38247, 36 months,23.15,E,< 1 year,MORTGAGE,118952.0,Not Verified,credit_card,11.55,0,12,0,42369,30.5,51,385,Apr-2015,1221.78,389,Nov-2006,Fully Paid,43984.049999999996,0.0,Dec-2017
27339, 36 months,20.94,C,< 1 year,RENT,147588.0,Not Verified,small_business,32.84,0,27,0,31023,28.3,4,375,Apr-2017,873.33,379,Sep-1996,Current,31439.85,0.0,Dec-2017
32373, 36 months,9.89,F,1 year,OWN,38653.0,Not Verified,credit_card,12.08,0,11,0,11540,63.5,49,375,Aug-2014,1034.14,379,Oct-1994,Fully Paid,37228.95,0.0,Dec-2017
24745, 36 months,24.21,A,5 years,OWN,169531.0,Source Verified,car,12.13,0,6,0,11030,44.5,15,360,Apr-2017,790.47,364,Dec-2001,Late (31-120 days),28456.749999999996,0.0,Dec-2017
18456, 36 months,23.64,A,< 1 year,OWN,114682.0,Source Verified,car,8.96,0,8,0,4643,60.1,4,370,Dec-2015,589.57,374,Jan-2012,Fully Paid,21224.399999999998,0.0,Dec-2017
9190, 60 months,25.23,G,,MORTGAGE,90929.0,Not Verified,small_business,25.03,0,7,0,26680,15.4,15,360,Oct-2016,176.14,364,Apr-2005,Fully Paid,10568.5,0.0,Dec-2017
34756, 36 months,18.74,A,1 year,RENT,22383.0,Verified,car,15.43,0,10,1,30229,63.4,51,370,Jan-2012,1110.26,374,May-1997,Fully Paid,39969.399999999994,0.0,Dec-2017
33933, 36 months,17.71,F,10+ years,MORTGAGE,110271.0,Not Verified,small_business,1.28,0,19,0,56551,46.4,58,380,Apr-2017,1083.97,384,Sep-2005,In Grace Period,39022.95,0.0,Dec-2017
13593, 36 months,10.86,G,< 1 year,RENT,111417.0,Verified,small_business,24.22,1,12,0,50492,3.0,8,350,Dec-2012,434.22,354,Mar-2000,Fully Paid,15631.949999999999,0.0,Dec-2017
39770, 60 months,22.73,D,1 year,OWN,62192.0,Verified,small_business,10.27,1,18,0,52029,93.5,41,400,Jan-2014,762.26,404,Apr-1997,Fully Paid,45735.5,0.0,Dec-2017
3409, 36 months,17.59,A,< 1 year,OWN,200380.0,Not Verified,car,32.42,0,8,0,56109,79.9,53,405,Oct-2013,108.9,409,Jan-1984,Fully Paid,3920.35,0.0,Dec-2017
25294, 60 months,24.16,E,1 year,RENT,66698.0,Source Verified,credit_card,27.03,1,16,0,50943,36.7,21,350,Jan-2017,484.8,354,May-1990,Current,29088.1,0.0,Dec-2017
1267, 36 months,8.72,C,< 1 year,RENT,157033.0,Verified,credit_card,24.05,0,8,1,38373,82.5,27,380,Jan-2016,40.47,384,Apr-2000,Fully Paid,1457.05,0.0,Dec-2017
13679, 36 months,14.67,G,10+ years,OWN,102602.0,Not Verified,debt_consolidation,11.62,0,10,0,14218,80.2,14,395,Jan-2013,436.97,399,Jul-2010,Fully Paid,15730.849999999999,0.0,Dec-2017
32008, 36 months,9.82,G,5 years,MORTGAGE,108199.0,Source Verified,small_business,26.32,0,8,0,15756,0.8,23,330,Mar-2016,1022.48,334,Apr-2007,Fully Paid,36809.2,0.0,Dec-2017
37240, 36 months,9.97,A,10+ years,OWN,27576.0,Verified,car,5.61,0,22,0,51353,96.5,14,340,Aug-2013,1189.61,344,Jan-1992,Fully Paid,42826.0,0.0,Dec-2017
10826, 36 months,23.24,C,1 year,MORTGAGE,79646.0,Verified,debt_consolidation,9.32,0,29,0,56919,49.8,45,330,Jan-2016,345.83,334,Jun-2004,Fully Paid,12449.9,0.0,Dec-2017
2033, 36 months,21.14,E,,RENT,35084.0,Source Verified,car,18.81,1,29,1,36428,25.0,24,385,Mar-2015,64.94,389,Jun-2004,Fully Paid,2337.95,0.0,Dec-2017
16840, 36 months,13.26,C,10+ years,MORTGAGE,27532.0,Verified,credit_card,22.82,0,4,0,48055,11.4,51,340,Aug-2016,537.94,344,Dec-1996,In Grace Period,19366.0,0.0,Dec-2017
31273, 36 months,26.27,D,< 1 year,MORTGAGE,11735.0,Verified,credit_card,24.28,0,24,0,2749,23.3,59,415,May-2017,999.0,419,Jan-2013,Fully Paid,35963.95,0.0,Dec-2017
28196, 36 months,8.65,A,< 1 year,OWN,65451.0,Source Verified,car,19.78,0,3,0,51072,10.5,37,375,Jun-2012,900.71,379,Sep-1987,Fully Paid,32425.399999999998,0.0,Dec-2017
1554, 36 months,12.42,F,1 year,OWN,15938.0,Source Verified,car,14.36,0,5,0,21410,13.2,23,390,Dec-2015,49.64,394,Sep-1993,Fully Paid,1787.1,0.0,Dec-2017
1892, 60 months,19.17,D,5 years,OWN,82695.0,Verified,car,16.42,0,14,0,55162,59.0,43,340,Aug-2012,36.26,344,May-1988,Fully Paid,2175.7999999999997,0.0,Dec-2017
8364, 36 months,27.43,F,10+ years,MORTGAGE,141490.0,Verified,small_business,30.74,0,17,0,57199,78.3,11,410,Jul-2017,267.18,414,Jul-2010,In Grace Period,9618.599999999999,0.0,Dec-2017
21072, 36 months,20.32,B,5 years,OWN,28953.0,Verified,debt_consolidation,9.32,1,22,0,58257,59.5,15,335,Feb-2017,673.13,339,Jun-1993,Fully Paid,24232.8,0.0,Dec-2017
28965, 36 months,16.24,G,1 year,RENT,174611.0,Not Verified,credit_card,5.76,1,7,0,45910,80.1,23,340,Sep-2017,925.27,344,Jan-2006,Fully Paid,33309.75,0.0,Dec-2017
5727, 36 months,9.43,C,5 years,OWN,112175.0,Verified,car,16.25,2,17,1,58351,41.4,44,340,Feb-2014,182.95,344,Dec-1991,Fully Paid,6586.049999999999,0.0,Dec-2017
19619, 36 months,25.3,E,10+ years,MORTGAGE,29446.0,Not Verified,small_business,33.39,0,12,0,46268,1.2,13,415,Sep-2015,626.72,419,Jun-1991,Fully Paid,22561.85,0.0,Dec-2017
5878, 60 months,7.06,F,5 years,OWN,27527.0,Not Verified,credit_card,20.68,0,27,0,53849,65.1,46,365,May-2015,112.66,369,Aug-2002,Fully Paid,6759.7,0.0,Dec-2017
3805, 60 months,8.99,F,1 year,OWN,88835.0,Not Verified,credit_card,18.68,0,13,0,38339,1.4,12,365,May-2012,72.93,369,Dec-2005,Fully Paid,4375.75,0.0,Dec-2017
23248, 60 months,26.27,F,1 year,OWN,37241.0,Not Verified,car,26.35,2,24,1,19027,24.5,36,390,Jan-2015,445.59,394,Jun-2006,Fully Paid,26735.199999999997,0.0,Dec-2017
33623, 36 months,15.99,G,10+ years,OWN,112691.0,Not Verified,small_business,15.37,0,17,0,39749,18.4,55,335,Feb-2015,1074.07,339,Apr-2012,Fully Paid,38666.45,0.0,Dec-2017
29494, 36 months,18.22,E,10+ years,OWN,83709.0,Verified,debt_consolidation,14.33,0,4,0,25642,5.0,49,365,Oct-2015,942.17,369,Oct-2008,Fully Paid,33918.1,0.0,Dec-2017
5657, 36 months,7.08,D,< 1 year,MORTGAGE,44573.0,Verified,credit_card,18.21,1,5,0,42001,37.5,34,360,Jul-2013,180.71,364,Oct-1990,Fully Paid,6505.549999999999,0.0,Dec-2017
15101, 60 months,13.91,B,5 years,RENT,55932.0,Verified,car,15.65,1,21,0,26327,72.0,21,380,Jun-2012,289.44,384,Oct-1982,Fully Paid,17366.149999999998,0.0,Dec-2017
6020, 36 months,22.68,C,1 year,OWN,54166.0,Source Verified,small_business,11.34,0,6,0,58920,86.2,17,330,Feb-2012,192.31,334,Aug-1985,Fully Paid,6922.999999999999,0.0,Dec-2017
9358, 60 months,14.43,G,1 year,MORTGAGE,90259.0,Verified,small_business,35.24,0,5,0,20811,94.9,36,365,Aug-2016,179.36,369,Mar-1988,Fully Paid,10761.699999999999,0.0,Dec-2017
9029, 36 months,20.99,E,< 1 year,RENT,178568.0,Source Verified,debt_consolidation,25.64,0,10,0,48694,46.3,23,395,Apr-2016,288.43,399,Jan-2014,Fully Paid,10383.349999999999,0.0,Dec-2017
19266, 60 months,11.99,A,10+ years,MORTGAGE,35277.0,Not Verified,small_business,27.37,0,7,0,7599,49.5,24,335,Sep-2012,369.26,339,Feb-1983,Fully Paid,22155.899999999998,0.0,Dec-2017
16068, 36 months,26.61,D,5 years,RENT,28144.0,Verified,debt_consolidation,1.77,0,26,0,35692,49.3,5,345,Jun-2017,513.28,349,May-2009,Fully Paid,18478.199999999997,0.0,Dec-2017
16977, 60 months,10.62,C,,RENT,78950.0,Not Verified,debt_consolidation,22.85,0,24,0,22898,7.3,18,335,Feb-2016,325.39,339,Nov-2003,Fully Paid,19523.55,0.0,Dec-2017
36634, 36 months,20.84,C,1 year,RENT,46738.0,Source Verified,credit_card,28.67,0,13,0,45326,71.5,50,335,Mar-2013,1170.25,339,Jan-1987,Fully Paid,42129.1,0.0,Dec-2017
20270, 36 months,14.41,F,10+ years,MORTGAGE,19146.0,Not Verified,debt_consolidation,33.76,0,2,0,24666,49.7,48,400,May-2014,647.51,404,Jan-1992,Fully Paid,23310.5,0.0,Dec-2017
32648, 60 months,6.98,G,< 1 year,RENT,73742.0,Source Verified,car,8.85,1,15,0,54412,74.8,39,400,Oct-2017,625.75,404,Apr-1991,Current,37545.2,0.0,Dec-2017
37417, 60 months,15.15,E,,RENT,39783.0,Source Verified,car,26.23,0,25,1,48678,34.1,54,360,Dec-2014,717.16,364,Mar-1997,Fully Paid,43029.549999999996,0.0,Dec-2017
27631, 36 months,13.06,E,< 1 year,OWN,31831.0,Not Verified,credit_card,17.08,0,20,0,3723,46.6,41,350,Jan-2012,882.66,354,Sep-2001,Fully Paid,31775.649999999998,0.0,Dec-2017
25855, 36 months,27.83,F,1 year,RENT,27548.0,Source Verified,credit_card,18.79,0,14,0,52232,2.3,7,340,Jan-2016,825.92,344,Sep-2003,Fully Paid,29733.249999999996,0.0,Dec-2017
39314, 36 months,11.8,C,,RENT,69114.0,Source Verified,small_business,16.54,1,6,0,2105,69.3,55,330,Oct-2017,1255.86,334,Jan-2013,In Grace Period,45211.1,0.0,Dec-2017
4728, 36 months,16.73,A,5 years,RENT,29789.0,Not Verified,debt_consolidation,26.16,0,23,0,40231,68.9,32,370,Mar-2014,151.03,374,Mar-1989,Fully Paid,5437.2,0.0,Dec-2017
19069, 36 months,16.1,F,,MORTGAGE,31908.0,Verified,small_business,0.0,0,6,0,57787,42.8,49,340,Jan-2017,609.15,344,Jul-2003,In Grace Period,21929.35,0.0,Dec-2017
5796, 36 months,16.95,D,5 years,OWN,49953.0,Source Verified,car,21.45,0,18,0,45651,13.5,28,400,Apr-2012,185.15,404,Apr-1990,Fully Paid,6665.4,0.0,Dec-2017
33539, 60 months,9.37,G,< 1 year,OWN,150179.0,Not Verified,debt_consolidation,22.06,3,10,0,6287,64.0,54,410,Jun-2012,642.83,414,Jan-1995,Fully Paid,38569.85,0.0,Dec-2017
2222, 36 months,19.84,B,,RENT,69686.0,Verified,car,20.15,0,20,1,31097,45.0,22,335,Oct-2017,70.98,339,Jan-1996,Current,2555.2999999999997,0.0,Dec-2017
15935, 36 months,26.09,E,,RENT,52079.0,Source Verified,small_business,8.78,0,5,0,3143,69.8,53,385,Dec-2013,509.03,389,Apr-1992,Fully Paid,18325.25,0.0,Dec-2017
24618, 36 months,21.01,B,< 1 year,OWN,105773.0,Source Verified,credit_card,20.9,0,21,0,40517,12.8,12,405,Feb-2015,786.41,409,Dec-1998,Fully Paid,28310.699999999997,0.0,Dec-2017
35579, 60 months,22.13,D,< 1 year,RENT,156406.0,Source Verified,car,11.85,0,5,0,6632,49.0,53,350,Jul-2013,681.93,354,Sep-2002,Fully Paid,40915.85,0.0,Dec-2017
31125, 36 months,12.92,G,10+ years,OWN,26129.0,Source Verified,credit_card,19.6,0,28,0,18370,77.0,55,395,Jun-2016,994.27,399,Feb-2004,Fully Paid,35793.75,0.0,Dec-2017
2143, 36 months,6.05,D,,OWN,74999.0,Source Verified,small_business,17.81,0,18,1,29291,11.4,38,420,Apr-2014,68.46,424,Sep-1996,Fully Paid,2464.45,0.0,Dec-2017
20103, 36 months,21.46,E,< 1 year,OWN,111744.0,Verified,small_business,13.31,0,5,0,45976,22.4,43,400,Mar-2015,642.18,404,Mar-2011,Fully Paid,23118.449999999997,0.0,Dec-2017
38972, 36 months,6.75,E,,MORTGAGE,17129.0,Source Verified,small_business,15.77,0,7,0,29065,88.9,31,400,Jul-2017,1244.94,404,Feb-1993,Late (31-120 days),44817.799999999996,0.0,Dec-2017
16973, 60 months,27.86,G,5 years,OWN,85316.0,Verified,small_business,13.29,0,27,0,54294,74.6,18,345,Nov-2016,325.32,349,Mar-1999,Current,19518.949999999997,0.0,Dec-2017
2481, 60 months,9.64,B,5 years,OWN,69131.0,Source Verified,car,28.23,0,9,0,25694,84.5,10,360,Nov-2017,47.55,364,Jan-2001,Current,2853.1499999999996,0.0,Dec-2017
35718, 36 months,16.0,E,5 years,MORTGAGE,82149.0,Source Verified,small_business,6.38,0,29,0,44569,75.2,42,330,May-2015,1140.99,334,Apr-1999,Fully Paid,41075.7,0.0,Dec-2017
18824, 36 months,9.69,E,< 1 year,RENT,24217.0,Verified,car,4.76,0,17,0,1259,8.2,21,405,Mar-2012,601.32,409,Sep-2000,Fully Paid,21647.6,0.0,Dec-2017
2148, 36 months,20.23,D,5 years,OWN,30004.0,Source Verified,small_business,22.3,1,21,0,33152,69.9,38,420,Sep-2012,68.62,424,Dec-2001,Fully Paid,2470.2,0.0,Dec-2017
23505, 60 months,11.74,C,5 years,OWN,64171.0,Not Verified,debt_consolidation,19.18,0,7,0,50205,75.9,44,410,Sep-2013,450.51,414,Nov-1991,Fully Paid,27030.749999999996,0.0,Dec-2017
38734, 36 months,23.94,A,1 year,MORTGAGE,8435.0,Verified,credit_card,6.98,0,24,0,10524,82.5,42,350,Nov-2015,1237.34,354,Aug-1998,Fully Paid,44544.1,0.0,Dec-2017
3731, 36 months,12.08,C,5 years,RENT,90646.0,Source Verified,debt_consolidation,15.6,0,13,0,47808,46.6,31,370,Jul-2017,119.18,374,May-1994,Current,4290.65,0.0,Dec-2017
26026, 36 months,11.01,B,,OWN,85316.0,Verified,debt_consolidation,15.08,0,12,0,1635,7.0,17,395,Jan-2013,831.39,399,Sep-2003,Fully Paid,29929.899999999998,0.0,Dec-2017
25553, 36 months,16.56,E,5 years,RENT,32434.0,Source Verified,debt_consolidation,0.0,0,12,0,9676,13.7,49,360,Sep-2012,816.28,364,Nov-1995,Fully Paid,29385.949999999997,0.0,Dec-2017
33203, 36 months,27.64,B,10+ years,MORTGAGE,146858.0,Source Verified,car,27.13,0,19,0,50423,84.4,15,410,Dec-2016,1060.65,414,Nov-2000,Fully Paid,38183.45,0.0,Dec-2017
21943, 36 months,14.37,G,,MORTGAGE,53451.0,Verified,debt_consolidation,6.18,0,11,0,24689,79.8,42,385,Jul-2015,700.96,389,Oct-2008,Fully Paid,25234.449999999997,0.0,Dec-2017
31012, 60 months,22.81,B,,MORTGAGE,38219.0,Not Verified,car,18.19,0,19,0,23389,39.4,11,360,Jan-2016,594.4,364,Nov-2012,Fully Paid,35663.799999999996,0.0,Dec-2017
35881, 60 months,26.33,A,5 years,OWN,14106.0,Source Verified,debt_consolidation,21.92,0,13,0,14476,3.0,37,390,Dec-2013,687.72,394,Apr-2010,Fully Paid,41263.149999999994,0.0,Dec-2017
35514, 60 months,17.61,G,5 years,MORTGAGE,80476.0,Verified,debt_consolidation,35.82,0,21,0,47853,47.7,50,370,Aug-2017,680.68,374,Mar-1990,Current,40841.1,0.0,Dec-2017
10832, 60 months,18.55,B,,MORTGAGE,18045.0,Not Verified,small_business,24.8,1,26,0,34339,26.4,14,375,Sep-2015,207.61,379,Apr-1991,Fully Paid,12456.8,0.0,Dec-2017
5060, 60 months,10.28,E,10+ years,RENT,47028.0,Verified,small_business,19.64,1,25,0,22768,40.7,13,390,Oct-2015,96.98,394,Feb-2003,Fully Paid,5819.0,0.0,Dec-2017
21987, 36 months,11.68,E,1 year,RENT,46710.0,Verified,car,19.39,0,7,0,5500,24.3,4,360,Jan-2017,702.36,364,Sep-2002,Fully Paid,25285.05,0.0,Dec-2017
13481, 60 months,13.82,D,< 1 year,RENT,205987.0,Not Verified,car,29.88,0,14,0,11871,14.6,28,365,May-2013,258.39,369,Apr-1989,Fully Paid,15503.15,0.0,Dec-2017
38254, 60 months,17.12,B,10+ years,RENT,54426.0,Source Verified,credit_card,26.75,0,20,0,54221,6.0,50,405,Feb-2016,733.2,409,Sep-1995,Charged Off,15301.6,1912.7,Dec-2017
24318, 60 months,21.06,G,10+ years,RENT,71968.0,Source Verified,credit_card,15.46,0,4,0,40673,99.6,56,410,May-2015,466.1,414,Mar-1992,Fully Paid,27965.699999999997,0.0,Dec-2017
21075, 60 months,22.67,C,< 1 year,RENT,163707.0,Verified,small_business,14.21,2,24,0,39456,61.6,7,345,Jan-2015,403.94,349,Sep-1994,Fully Paid,24236.249999999996,0.0,Dec-2017
12427, 36 months,22.12,E,10+ years,RENT,60452.0,Verified,small_business,34.15,0,3,0,16090,63.1,30,350,Aug-2016,396.97,354,Mar-1987,In Grace Period,14291.05,0.0,Dec-2017
6615, 60 months,6.26,E,< 1 year,RENT,51778.0,Verified,car,6.58,1,24,0,3718,83.1,37,350,Aug-2013,126.79,354,Sep-1992,Fully Paid,7607.249999999999,0.0,Dec-2017
24103, 60 months,17.08,B,5 years,MORTGAGE,44495.0,Source Verified,credit_card,20.24,1,11,0,47204,36.4,6,410,Apr-2016,461.97,414,Dec-1989,Fully Paid,27718.449999999997,0.0,Dec-2017
39609, 60 months,10.15,E,10+ years,MORTGAGE,18075.0,Source Verified,debt_consolidation,24.06,0,3,0,15348,41.5,17,420,Oct-2016,759.17,424,Feb-2000,In Grace Period,45550.35,0.0,Dec-2017
36141, 60 months,9.07,F,1 year,MORTGAGE,39114.0,Not Verified,small_business,8.52,1,4,0,41655,74.7,26,400,Jan-2014,692.7,404,Nov-2011,Fully Paid,41562.149999999994,0.0,Dec-2017
11076, 36 months,25.33,B,,RENT,112200.0,Verified,small_business,25.3,1,3,0,6677,100.0,57,395,Jun-2013,353.82,399,Feb-1986,Fully Paid,12737.4,0.0,Dec-2017
27254, 36 months,9.5,E,5 years,MORTGAGE,79326.0,Not Verified,credit_card,3.88,0,3,0,24190,58.5,4,415,Dec-2015,870.61,419,Apr-1998,Fully Paid,31342.1,0.0,Dec-2017
16182, 36 months,15.14,A,< 1 year,MORTGAGE,41743.0,Source Verified,debt_consolidation,15.65,0,5,0,31360,78.1,59,335,Jun-2013,516.92,339,Feb-1996,Fully Paid,18609.3,0.0,Dec-2017
3405, 36 months,17.46,G,,OWN,46439.0,Source Verified,car,15.57,0,23,0,34416,77.5,25,405,Aug-2017,108.77,409,Jan-1996,Fully Paid,3915.7499999999995,0.0,Dec-2017
34063, 36 months,25.02,A,< 1 year,RENT,20841.0,Source Verified,debt_consolidation,11.12,0,4,0,14147,31.7,29,420,Jul-2012,1088.12,424,Aug-2006,Fully Paid,39172.45,0.0,Dec-2017
5801, 36 months,20.1,C,1 year,OWN,130718.0,Source Verified,credit_card,14.69,0,24,0,55943,52.4,7,390,Feb-2016,185.31,394,Sep-1991,Fully Paid,6671.15,0.0,Dec-2017
19864, 36 months,21.52,F,1 year,RENT,54753.0,Verified,credit_card,20.4,0,20,0,43909,47.2,16,400,Sep-2014,634.54,404,Dec-1992,Fully Paid,22843.6,0.0,Dec-2017
38966, 36 months,13.16,E,1 year,MORTGAGE,103609.0,Source Verified,small_business,22.0,0,9,0,43067,95.5,16,350,Mar-2014,1244.75,354,Jan-1996,Fully Paid,44810.899999999994,0.0,Dec-2017
15026, 36 months,12.98,E,10+ years,RENT,150817.0,Verified,debt_consolidation,21.05,0,12,0,7541,77.3,47,410,May-2015,480.0,414,Apr-2000,Fully Paid,17279.899999999998,0.0,Dec-2017
3747, 60 months,13.83,F,1 year,OWN,156270.0,Source Verified,car,17.99,0,3,0,21108,37.9,33,375,Jun-2017,71.82,379,Aug-2010,Fully Paid,4309.049999999999,0.0,Dec-2017
38077, 36 months,16.9,G,5 years,MORTGAGE,169708.0,Verified,car,9.24,1,10,0,12932,91.3,31,360,Nov-2012,1216.35,364,Nov-1983,Fully Paid,43788.549999999996,0.0,Dec-2017
33856, 36 months,10.04,F,10+ years,RENT,75038.0,Verified,car,21.42,0,23,0,55835,8.6,23,345,Dec-2016,1081.51,349,Jul-1992,Current,38934.399999999994,0.0,Dec-2017
28107, 36 months,23.29,F,1 year,OWN,27390.0,Not Verified,credit_card,17.02,0,7,0,44244,41.1,11,390,Jul-2014,897.86,394,Mar-1996,Fully Paid,32323.05,0.0,Dec-2017
39478, 36 months,22.44,F,10+ years,RENT,79951.0,Verified,car,20.03,0,15,0,48915,41.4,37,390,Feb-2017,1261.1,394,Nov-2003,In Grace Period,45399.7,0.0,Dec-2017
7045, 60 months,18.68,G,10+ years,MORTGAGE,137565.0,Not Verified,small_business,26.58,0,16,1,49021,50.3,38,370,Jul-2016,135.03,374,Apr-2006,Late (31-120 days),8101.749999999999,0.0,Dec-2017
7325, 36 months,20.98,B,5 years,OWN,24547.0,Source Verified,credit_card,12.7,0,7,1,11966,20.8,32,420,Aug-2012,233.99,424,Mar-1991,Fully Paid,8423.75,0.0,Dec-2017
14835, 36 months,13.35,A,< 1 year,RENT,64196.0,Source Verified,credit_card,17.31,1,15,0,13340,72.4,6,415,Apr-2013,473.9,419,Feb-1993,Fully Paid,17060.25,0.0,Dec-2017
28458, 60 months,20.46,C,1 year,OWN,46224.0,Source Verified,credit_card,31.07,0,19,0,12812,56.5,35,355,Sep-2013,545.44,359,Jan-2000,Fully Paid,32726.699999999997,0.0,Dec-2017
35108, 60 months,25.52,A,< 1 year,RENT,73900.0,Source Verified,debt_consolidation,13.57,0,15,0,17014,80.1,4,400,Jul-2012,672.9,404,Jan-2000,Fully Paid,40374.2,0.0,Dec-2017
32512, 36 months,10.13,G,1 year,MORTGAGE,69423.0,Not Verified,small_business,17.99,0,9,0,36152,23.3,28,330,Sep-2016,1038.58,334,Jan-2005,Current,37388.799999999996,0.0,Dec-2017
11637, 36 months,20.54,A,1 year,RENT,38327.0,Not Verified,small_business,5.78,0,5,0,19840,74.5,25,380,Feb-2015,371.74,384,Jun-2011,Fully Paid,13382.55,0.0,Dec-2017
38106, 60 months,24.85,C,1 year,MORTGAGE,134385.0,Verified,debt_consolidation,16.56,2,27,0,36428,13.9,51,355,Aug-2013,730.36,359,Jan-2001,Fully Paid,43821.899999999994,0.0,Dec-2017
23734, 60 months,27.43,F,5 years,OWN,88852.0,Verified,small_business,23.51,0,27,0,23794,86.9,39,385,Jun-2016,454.9,389,Apr-2007,Current,27294.1,0.0,Dec-2017
33880, 60 months,23.88,A,5 years,OWN,43724.0,Source Verified,car,7.3,1,4,1,27098,97.4,40,345,Jun-2012,649.37,349,Sep-1999,Charged Off,13552.0,1694.0,Dec-2017
17918, 36 months,25.78,G,,MORTGAGE,24679.0,Verified,small_business,31.05,0,13,0,37968,41.3,27,395,Mar-2012,572.38,399,Sep-1992,Fully Paid,20605.699999999997,0.0,Dec-2017
30201, 60 months,15.75,B,10+ years,OWN,53844.0,Not Verified,debt_consolidation,19.98,0,29,1,24763,30.0,13,395,Feb-2016,578.85,399,Apr-2011,Fully Paid,34731.149999999994,0.0,Dec-2017
15196, 36 months,10.58,D,5 years,MORTGAGE,26540.0,Not Verified,car,7.62,0,18,0,28428,83.6,35,410,Jul-2016,485.43,414,Apr-2002,Fully Paid,17475.399999999998,0.0,Dec-2017
31044, 60 months,12.3,E,< 1 year,RENT,70567.0,Not Verified,car,19.63,1,5,0,31151,87.4,57,395,Oct-2016,595.01,399,Dec-2002,Late (31-120 days),35700.6,0.0,Dec-2017
22226, 36 months,10.18,D,,RENT,30041.0,Not Verified,debt_consolidation,18.22,0,3,0,20940,59.4,16,330,Jul-2015,710.0,334,Jul-2001,Fully Paid,25559.899999999998,0.0,Dec-2017
31346, 60 months,8.4,F,1 year,MORTGAGE,33123.0,Not Verified,car,21.76,0,25,0,51025,58.5,51,410,Nov-2015,600.8,414,May-1987,Fully Paid,36047.899999999994,0.0,Dec-2017
29926, 36 months,18.34,A,10+ years,RENT,76947.0,Not Verified,debt_consolidation,6.39,0,16,0,7956,90.9,40,370,Feb-2013,955.97,374,Feb-1986,Fully Paid,34414.899999999994,0.0,Dec-2017
4553, 60 months,21.73,C,1 year,OWN,85702.0,Not Verified,debt_consolidation,34.71,0,23,0,51627,89.8,35,400,Jan-2014,87.27,404,Apr-1993,Fully Paid,5235.95,0.0,Dec-2017
4190, 36 months,13.1,A,< 1 year,OWN,92436.0,Verified,car,23.94,3,14,1,19057,39.4,31,390,Oct-2012,133.85,394,Feb-1986,Fully Paid,4818.5,0.0,Dec-2017
14173, 36 months,23.59,A,5 years,MORTGAGE,125728.0,Not Verified,car,0.9,0,10,0,54126,77.3,7,400,May-2015,452.75,404,Nov-2006,Fully Paid,16298.949999999999,0.0,Dec-2017
17578, 60 months,16.1,G,5 years,MORTGAGE,45523.0,Verified,small_business,22.13,0,12,1,21860,42.7,59,335,Jan-2016,336.91,339,Jul-1991,Fully Paid,20214.699999999997,0.0,Dec-2017
34351, 36 months,19.63,D,5 years,OWN,75050.0,Not Verified,credit_card,17.54,0,14,0,38807,90.9,38,335,Feb-2012,1097.32,339,Jul-2007,Fully Paid,39503.649999999994,0.0,Dec-2017
37981, 36 months,20.59,G,< 1 year,MORTGAGE,130901.0,Source Verified,credit_card,15.98,0,25,0,44255,48.9,57,350,Jan-2013,1213.28,354,Feb-1994,Fully Paid,43678.149999999994,0.0,Dec-2017
29778, 36 months,24.11,A,< 1 year,MORTGAGE,102246.0,Source Verified,debt_consolidation,4.7,0,17,0,57557,83.9,34,415,May-2015,951.24,419,Mar-2007,Fully Paid,34244.7,0.0,Dec-2017
9091, 36 months,19.64,E,< 1 year,MORTGAGE,42769.0,Verified,debt_consolidation,19.29,0,12,1,31945,20.6,51,375,Jun-2015,290.41,379,May-2008,Fully Paid,10454.65,0.0,Dec-2017
38112, 60 months,22.45,A,< 1 year,OWN,79921.0,Not Verified,small_business,7.07,0,16,0,30741,17.0,5,420,Feb-2017,730.48,424,Jan-2015,In Grace Period,43828.799999999996,0.0,Dec-2017
34754, 36 months,10.53,B,10+ years,MORTGAGE,275969.0,Source Verified,small_business,18.91,1,14,0,36278,99.1,16,355,May-2016,1110.2,359,Jun-2012,Fully Paid,39967.1,0.0,Dec-2017
33808, 36 months,15.44,F,,MORTGAGE,74981.0,Verified,car,8.71,1,9,0,17472,16.6,38,355,Jun-2012,1079.98,359,Nov-1983,Fully Paid,38879.2,0.0,Dec-2017
1347, 60 months,13.91,A,10+ years,OWN,72101.0,Not Verified,debt_consolidation,27.53,1,19,0,46633,69.0,50,330,Jul-2012,25.82,334,Jul-1984,Charged Off,538.8000000000001,67.35000000000001,Dec-2017
26429, 60 months,22.51,E,5 years,RENT,54132.0,Source Verified,car,28.21,2,11,0,31108,48.9,57,345,Apr-2014,506.56,349,May-1995,Fully Paid,30393.35,0.0,Dec-2017
17164, 60 months,22.13,E,1 year,OWN,49252.0,Verified,debt_consolidation,20.04,0,8,0,15852,63.3,36,415,Jun-2012,328.98,419,Apr-2001,Fully Paid,19738.6,0.0,Dec-2017
21800, 36 months,16.78,A,,RENT,46729.0,Verified,debt_consolidation,20.64,2,11,0,30779,95.9,43,360,Dec-2012,696.39,364,Aug-1985,Fully Paid,25069.999999999996,0.0,Dec-2017
33230, 36 months,8.41,F,10+ years,RENT,32181.0,Source Verified,debt_consolidation,13.61,0,11,0,6058,59.3,46,355,Jul-2013,1061.51,359,Jun-2003,Fully Paid,38214.5,0.0,Dec-2017
5205, 36 months,8.13,E,10+ years,RENT,104066.0,Not Verified,car,14.8,0,15,0,34591,42.5,12,360,Apr-2014,166.27,364,Mar-1985,Fully Paid,5985.749999999999,0.0,Dec-2017
5624, 36 months,16.8,B,< 1 year,MORTGAGE,57077.0,Verified,car,22.9,2,13,0,15154,39.8,26,355,Jun-2016,179.66,359,Aug-1986,Fully Paid,6467.599999999999,0.0,Dec-2017
17918, 60 months,18.09,C,1 year,OWN,51071.0,Not Verified,car,22.25,0,24,0,21302,31.9,33,350,Jan-2012,343.43,354,Jun-1990,Fully Paid,20605.699999999997,0.0,Dec-2017
37485, 60 months,13.33,A,1 year,RENT,18554.0,Verified,small_business,11.92,0,21,0,56389,3.4,6,370,Feb-2015,718.46,374,Apr-1987,Fully Paid,43107.75,0.0,Dec-2017
38515, 60 months,20.75,A,5 years,RENT,29573.0,Source Verified,debt_consolidation,25.28,3,16,0,17433,22.9,6,380,Dec-2016,738.2,384,Jan-1991,Fully Paid,44292.25,0.0,Dec-2017
31474, 36 months,17.69,C,5 years,MORTGAGE,130000.0,Source Verified,debt_consolidation,11.57,0,22,0,9179,77.4,54,405,Aug-2016,1005.42,409,Oct-1993,Late (31-120 days),36195.1,0.0,Dec-2017
2810, 36 months,23.51,D,10+ years,OWN,124943.0,Verified,credit_card,24.2,0,4,0,52333,16.1,9,415,Dec-2014,89.76,419,Jul-1999,Fully Paid,3231.4999999999995,0.0,Dec-2017
37802, 36 months,6.06,B,5 years,RENT,16047.0,Verified,car,13.11,0,7,1,22563,71.9,19,400,Dec-2013,1207.56,404,Feb-1984,Fully Paid,43472.299999999996,0.0,Dec-2017
38607, 36 months,26.97,F,,RENT,110966.0,Source Verified,credit_card,27.87,0,18,0,10379,83.9,28,345,Aug-2014,1233.28,349,Oct-2006,Fully Paid,44398.049999999996,0.0,Dec-2017
4110, 36 months,26.47,E,< 1 year,RENT,69149.0,Source Verified,debt_consolidation,24.21,1,5,0,27385,95.8,49,365,May-2015,131.29,369,Apr-2003,Fully Paid,4726.5,0.0,Dec-2017
4657, 36 months,9.46,G,1 year,OWN,20186.0,Not Verified,debt_consolidation,12.5,0,28,0,10397,57.3,48,390,Aug-2015,148.77,394,Dec-2011,Fully Paid,5355.549999999999,0.0,Dec-2017
1840, 60 months,7.9,C,,RENT,100166.0,Not Verified,small_business,24.12,1,8,0,345,24.7,47,380,Sep-2017,35.27,384,Nov-2010,Fully Paid,2116.0,0.0,Dec-2017
30856, 36 months,18.36,F,5 years,RENT,68248.0,Not Verified,small_business,33.07,1,11,1,18590,8.6,37,335,Feb-2017,985.68,339,Sep-2007,Fully Paid,35484.399999999994,0.0,Dec-2017
12679, 60 months,17.73,F,10+ years,OWN,53753.0,Source Verified,debt_consolidation,20.24,0,4,0,8515,55.2,13,375,May-2016,243.01,379,May-1997,Fully Paid,14580.849999999999,0.0,Dec-2017
6059, 36 months,26.47,A,10+ years,RENT,37647.0,Not Verified,car,8.29,1,20,0,46596,72.2,30,400,Sep-2013,193.55,404,May-1988,Charged Off,2423.6,302.95,Dec-2017
3595, 36 months,23.09,A,5 years,MORTGAGE,119283.0,Not Verified,small_business,15.29,1,2,1,18169,22.4,6,350,Aug-2015,114.84,354,Jan-2006,Fully Paid,4134.25,0.0,Dec-2017
13335, 36 months,15.87,A,< 1 year,RENT,13251.0,Source Verified,debt_consolidation,32.37,0,13,0,46513,91.8,35,370,Aug-2013,425.98,374,Nov-2004,Fully Paid,15335.249999999998,0.0,Dec-2017
32732, 36 months,13.58,A,1 year,OWN,29392.0,Not Verified,credit_card,20.35,0,14,0,17150,54.5,41,400,Oct-2014,1045.61,404,Aug-1992,Fully Paid,37641.799999999996,0.0,Dec-2017
12944, 36 months,18.18,B,10+ years,MORTGAGE,252654.0,Not Verified,credit_card,17.99,0,20,0,46814,34.1,37,395,Apr-2012,413.49,399,Mar-1990,Fully Paid,14885.599999999999,0.0,Dec-2017
24794, 36 months,23.41,E,1 year,MORTGAGE,37997.0,Source Verified,debt_consolidation,3.77,0,3,1,54585,18.4,55,410,Aug-2013,792.03,414,Oct-1988,Fully Paid,28513.1,0.0,Dec-2017
14848, 36 months,9.98,A,1 year,RENT,33791.0,Not Verified,small_business,14.33,0,27,0,29437,66.2,11,410,Aug-2013,474.31,414,Feb-1984,Fully Paid,17075.199999999997,0.0,Dec-2017
6075, 60 months,13.72,E,< 1 year,RENT,50367.0,Source Verified,debt_consolidation,22.55,0,20,0,38064,61.0,9,410,Nov-2015,116.44,414,Jun-2002,Fully Paid,6986.249999999999,0.0,Dec-2017
34490, 36 months,14.71,G,1 year,OWN,57662.0,Source Verified,car,18.24,1,8,0,6066,26.7,42,350,May-2012,1101.76,354,Aug-1985,Fully Paid,39663.5,0.0,Dec-2017
9003, 36 months,25.39,E,< 1 year,OWN,110393.0,Not Verified,small_business,18.1,0,5,0,49873,74.4,49,340,Sep-2013,287.6,344,Jan-1995,Fully Paid,10353.449999999999,0.0,Dec-2017
8054, 60 months,19.66,A,5 years,MORTGAGE,24868.0,Verified,credit_card,9.77,0,12,0,49442,63.5,39,420,Apr-2012,154.37,424,Feb-2007,Fully Paid,9262.099999999999,0.0,Dec-2017
32383, 36 months,14.34,D,1 year,MORTGAGE,38304.0,Not Verified,credit_card,12.97,0,3,0,24530,17.3,56,335,Feb-2013,1034.46,339,Jun-1999,Fully Paid,37240.45,0.0,Dec-2017
34982, 36 months,17.05,D,10+ years,MORTGAGE,36382.0,Source Verified,small_business,24.99,1,22,0,51299,14.0,39,385,Apr-2015,1117.48,389,Oct-1999,Fully Paid,40229.299999999996,0.0,Dec-2017
17832, 36 months,23.72,C,1 year,RENT,189316.0,Source Verified,small_business,33.19,0,27,0,15289,30.9,52,355,Jul-2013,569.63,359,Jan-1998,Fully Paid,20506.8,0.0,Dec-2017
15625, 36 months,11.41,E,,RENT,103535.0,Verified,car,5.81,0,15,0,33665,44.8,53,330,Feb-2013,499.13,334,Dec-1991,Fully Paid,17968.75,0.0,Dec-2017
16021, 36 months,11.67,F,5 years,OWN,127757.0,Source Verified,small_business,19.76,0,23,0,17208,50.1,43,415,Jun-2016,511.78,419,Jul-2009,Fully Paid,18424.149999999998,0.0,Dec-2017
3790, 60 months,24.54,E,,RENT,18990.0,Source Verified,credit_card,32.06,0,26,0,551,15.5,5,415,Jun-2012,72.64,419,Feb-1998,Fully Paid,4358.5,0.0,Dec-2017
26922, 36 months,20.85,F,< 1 year,MORTGAGE,35574.0,Verified,credit_card,13.28,1,15,0,367,99.9,34,395,Oct-2012,860.01,399,Nov-2000,Fully Paid,30960.3,0.0,Dec-2017
35247, 36 months,16.55,A,< 1 year,OWN,99830.0,Not Verified,small_business,22.88,0,18,0,36752,24.9,16,400,Jun-2017,1125.95,404,Sep-1994,Fully Paid,40534.049999999996,0.0,Dec-2017
20390, 36 months,25.42,F,5 years,OWN,28518.0,Not Verified,small_business,19.38,2,7,0,52365,59.3,18,410,Oct-2017,651.35,414,Jun-1992,Current,23448.5,0.0,Dec-2017
30918, 36 months,7.2,A,,RENT,47137.0,Verified,credit_card,29.06,0,21,0,3586,42.4,51,400,Nov-2012,987.66,404,Sep-1991,Fully Paid,35555.7,0.0,Dec-2017
21066, 60 months,8.91,G,1 year,RENT,55388.0,Source Verified,car,23.04,0,28,0,54333,10.1,27,345,Nov-2016,403.76,349,Apr-2010,In Grace Period,24225.899999999998,0.0,Dec-2017
18438, 36 months,14.1,F,< 1 year,MORTGAGE,63318.0,Source Verified,car,13.82,1,25,1,54586,56.2,49,370,Jul-2012,588.99,374,Dec-1992,Fully Paid,21203.699999999997,0.0,Dec-2017
35577, 60 months,8.19,G,1 year,OWN,27171.0,Not Verified,credit_card,12.31,0,23,0,36639,22.1,21,400,Oct-2014,681.89,404,Oct-1989,Fully Paid,40913.549999999996,0.0,Dec-2017
26503, 36 months,20.92,D,10+ years,OWN,49611.0,Not Verified,credit_card,6.31,0,26,1,23120,13.1,43,370,Oct-2017,846.62,374,Jun-2000,In Grace Period,30478.449999999997,0.0,Dec-2017
7447, 36 months,23.62,D,< 1 year,RENT,30343.0,Not Verified,debt_consolidation,20.47,1,21,0,51323,28.1,32,335,Oct-2014,237.89,339,Dec-1999,Fully Paid,8564.05,0.0,Dec-2017
27412, 36 months,15.16,D,,MORTGAGE,79798.0,Verified,small_business,17.4,0,14,1,35872,34.5,33,400,Dec-2015,875.66,404,Apr-1987,Fully Paid,31523.8,0.0,Dec-2017
10805, 36 months,19.88,F,,OWN,124920.0,Verified,small_business,15.47,1,17,0,7593,41.2,6,405,Jun-2017,345.16,409,Feb-1993,Late (31-120 days),12425.749999999998,0.0,Dec-2017
16595, 36 months,13.05,E,< 1 year,OWN,140358.0,Verified,debt_consolidation,20.87,1,7,0,54752,46.0,58,395,May-2016,530.12,399,Nov-2008,Fully Paid,19084.25,0.0,Dec-2017
33318, 36 months,18.78,A,,RENT,193366.0,Verified,credit_card,25.17,0,21,0,19603,24.8,59,415,Feb-2012,1064.32,419,Dec-2007,Fully Paid,38315.7,0.0,Dec-2017
22383, 36 months,12.85,E,10+ years,OWN,47999.0,Source Verified,car,16.32,0,3,0,54945,42.3,40,420,May-2015,715.01,424,Jan-1994,Fully Paid,25740.449999999997,0.0,Dec-2017
10596, 60 months,17.23,A,,RENT,73498.0,Source Verified,car,6.26,0,8,0,26266,66.0,11,330,Sep-2012,203.09,334,Jan-2004,Fully Paid,12185.4,0.0,Dec-2017
16747, 36 months,10.55,E,,RENT,177836.0,Source Verified,car,26.76,0,16,0,5967,97.3,23,330,Jun-2012,534.97,334,Mar-1983,Fully Paid,19259.05,0.0,Dec-2017
11201, 36 months,16.06,C,5 years,RENT,11047.0,Not Verified,credit_card,15.05,0,5,0,55233,78.4,15,415,Nov-2016,357.81,419,Apr-1997,Current,12881.15,0.0,Dec-2017
19680, 36 months,15.55,F,10+ years,MORTGAGE,67386.0,Source Verified,small_business,13.6,0,22,0,30025,21.0,35,340,Jan-2017,628.67,344,Aug-1996,Fully Paid,22632.0,0.0,Dec-2017
33900, 36 months,7.12,G,5 years,MORTGAGE,29942.0,Source Verified,debt_consolidation,14.87,1,15,0,10471,48.1,4,350,Jan-2017,1082.92,354,Feb-2011,Late (31-120 days),38985.0,0.0,Dec-2017
28429, 60 months,9.69,D,1 year,OWN,67681.0,Not Verified,debt_consolidation,17.95,1,29,0,42955,59.7,7,420,Jul-2014,544.89,424,Feb-2002,Fully Paid,32693.35,0.0,Dec-2017
25508, 36 months,21.23,F,1 year,OWN,48351.0,Not Verified,small_business,17.8,0,28,0,44752,94.8,52,370,Jul-2014,814.84,374,Jul-2005,Fully Paid,29334.199999999997,0.0,Dec-2017
17187, 36 months,17.59,A,5 years,RENT,55341.0,Source Verified,credit_card,25.4,0,10,0,56292,41.4,40,370,May-2014,549.03,374,Jun-1991,Fully Paid,19765.05,0.0,Dec-2017
1561, 60 months,12.36,D,1 year,OWN,54829.0,Not Verified,car,19.56,1,3,0,48563,78.3,22,375,Jan-2017,29.92,379,Oct-2014,Fully Paid,1795.1499999999999,0.0,Dec-2017
16758, 36 months,12.86,A,10+ years,OWN,98613.0,Source Verified,small_business,23.01,1,11,0,4651,16.3,46,385,Oct-2012,535.32,389,Nov-1994,Fully Paid,19271.699999999997,0.0,Dec-2017
27741, 60 months,21.58,G,,RENT,56259.0,Source Verified,credit_card,9.35,0,10,0,39770,10.0,41,335,May-2017,531.7,339,Apr-1992,Current,31902.149999999998,0.0,Dec-2017
31100, 60 months,13.28,F,5 years,MORTGAGE,92086.0,Not Verified,credit_card,19.94,0,12,1,11342,27.1,54,340,Sep-2012,596.08,344,Dec-1986,Fully Paid,35765.0,0.0,Dec-2017
4301, 36 months,16.0,F,,RENT,57642.0,Verified,credit_card,9.68,1,13,0,29779,35.6,55,385,Nov-2013,137.39,389,Jul-2009,Fully Paid,4946.15,0.0,Dec-2017
12397, 36 months,23.75,C,10+ years,RENT,49450.0,Verified,car,13.24,0,15,1,27812,63.1,56,420,Feb-2015,396.02,424,Sep-1985,Fully Paid,14256.55,0.0,Dec-2017
6585, 60 months,19.87,E,5 years,MORTGAGE,88690.0,Verified,small_business,20.37,0,28,0,47154,31.7,5,365,Jan-2012,126.21,369,Jul-1990,Fully Paid,7572.749999999999,0.0,Dec-2017
14487, 60 months,18.82,B,1 year,OWN,89923.0,Verified,debt_consolidation,13.88,0,12,1,23082,28.8,46,375,May-2015,277.67,379,Apr-1998,Fully Paid,16660.05,0.0,Dec-2017
18795, 60 months,24.08,B,5 years,RENT,43387.0,Verified,small_business,25.01,0,11,0,17110,39.4,15,345,Jan-2012,360.24,349,Jun-1991,Fully Paid,21614.25,0.0,Dec-2017
17679, 36 months,9.85,D,,RENT,81760.0,Not Verified,car,12.65,0,23,1,28895,61.4,49,395,Feb-2015,564.75,399,Dec-2000,Fully Paid,20330.85,0.0,Dec-2017
9809, 36 months,9.78,C,,MORTGAGE,93401.0,Verified,car,7.45,1,9,0,45872,36.2,40,370,Feb-2013,313.34,374,Nov-1995,Fully Paid,11280.349999999999,0.0,Dec-2017
9886, 60 months,13.11,G,10+ years,OWN,70832.0,Source Verified,credit_card,24.91,0,12,0,26182,3.0,19,415,Sep-2015,189.48,419,Dec-2005,Fully Paid,11368.9,0.0,Dec-2017
3708, 36 months,17.38,B,1 year,RENT,40111.0,Source Verified,small_business,15.09,1,12,0,39902,92.9,26,415,Jan-2015,118.45,419,Apr-1992,Fully Paid,4264.2,0.0,Dec-2017
34968, 60 months,23.92,D,5 years,MORTGAGE,23976.0,Source Verified,small_business,19.17,0,3,0,22533,36.9,7,330,Apr-2017,670.22,334,Mar-1994,Fully Paid,40213.2,0.0,Dec-2017
7548, 36 months,13.17,D,< 1 year,RENT,110240.0,Source Verified,small_business,19.6,0,24,0,31033,36.9,29,360,Feb-2015,241.12,364,Oct-1992,Fully Paid,8680.199999999999,0.0,Dec-2017
16607, 60 months,16.05,G,5 years,RENT,45264.0,Verified,small_business,15.31,1,5,0,42806,78.2,36,350,Jan-2015,318.3,354,Aug-1990,Fully Paid,19098.05,0.0,Dec-2017
21841, 36 months,10.58,F,1 year,OWN,48012.0,Not Verified,small_business,38.58,0,24,0,52082,6.3,31,355,Mar-2014,697.7,359,Aug-2011,Fully Paid,25117.149999999998,0.0,Dec-2017
13804, 60 months,7.96,G,10+ years,MORTGAGE,47696.0,Source Verified,debt_consolidation,30.04,0,3,0,17840,12.8,52,385,Apr-2014,264.58,389,Sep-2002,Fully Paid,15874.599999999999,0.0,Dec-2017
7675, 36 months,11.96,B,10+ years,RENT,25510.0,Not Verified,small_business,12.05,0,27,0,59722,56.7,23,360,Oct-2015,245.17,364,Jun-1987,Fully Paid,8826.25,0.0,Dec-2017
3424, 36 months,6.44,C,10+ years,RENT,67985.0,Verified,small_business,16.68,0,11,0,57184,49.8,13,395,Jul-2013,109.38,399,Dec-1986,Fully Paid,3937.6,0.0,Dec-2017
23993, 60 months,17.86,G,,OWN,50067.0,Verified,credit_card,14.26,0,4,0,53118,68.5,11,420,May-2013,459.87,424,Nov-1987,Fully Paid,27591.949999999997,0.0,Dec-2017
9721, 60 months,25.0,A,10+ years,MORTGAGE,200255.0,Not Verified,small_business,19.1,1,17,0,31834,9.1,39,345,Nov-2013,186.32,349,Jun-2003,Fully Paid,11179.15,0.0,Dec-2017
36123, 60 months,7.85,D,5 years,RENT,64333.0,Source Verified,car,23.92,1,16,0,23763,99.9,12,350,Apr-2015,692.36,354,Jun-1985,Fully Paid,41541.45,0.0,Dec-2017
24547, 60 months,23.65,F,5 years,OWN,48026.0,Not Verified,debt_consolidation,16.55,0,3,0,6261,3.4,59,360,May-2015,470.48,364,Mar-1999,Fully Paid,28229.05,0.0,Dec-2017
1059, 36 months,17.22,A,10+ years,OWN,72147.0,Verified,small_business,17.61,1,23,0,44095,0.0,4,415,Sep-2014,33.83,419,Nov-2007,Fully Paid,1217.85,0.0,Dec-2017
2880, 36 months,27.92,G,,RENT,37234.0,Verified,debt_consolidation,27.62,2,22,0,46861,98.0,51,350,Oct-2016,92.0,354,Aug-1997,Late (31-120 days),3311.9999999999995,0.0,Dec-2017
18344, 36 months,25.32,C,< 1 year,RENT,49370.0,Source Verified,credit_card,14.28,0,27,0,6501,7.2,43,335,Oct-2012,585.99,339,Jan-1993,Fully Paid,21095.6,0.0,Dec-2017
38881, 36 months,24.57,A,< 1 year,OWN,46073.0,Not Verified,credit_card,16.59,0,17,0,54584,72.0,45,385,Aug-2014,1242.03,389,May-2008,Charged Off,15552.400000000001,1944.0500000000002,Dec-2017
34421, 60 months,25.01,E,5 years,MORTGAGE,135622.0,Source Verified,small_business,28.12,0,19,0,50092,90.1,13,330,Mar-2016,659.74,334,Apr-1994,Fully Paid,39584.149999999994,0.0,Dec-2017
39832, 60 months,21.67,D,10+ years,OWN,31644.0,Verified,debt_consolidation,12.03,0,28,0,609,79.7,26,400,Mar-2012,763.45,404,Jun-1996,Fully Paid,45806.799999999996,0.0,Dec-2017
15783, 60 months,27.66,E,1 year,RENT,112746.0,Not Verified,credit_card,9.7,0,21,0,7902,16.3,28,400,Jan-2013,302.51,404,Jan-1996,Fully Paid,18150.449999999997,0.0,Dec-2017
6507, 60 months,6.57,C,10+ years,RENT,286236.0,Not Verified,credit_card,19.28,1,16,0,5314,46.8,16,390,Feb-2013,124.72,394,Jun-2006,Fully Paid,7483.049999999999,0.0,Dec-2017
31141, 36 months,15.69,A,1 year,OWN,56426.0,Verified,debt_consolidation,22.74,1,7,0,42979,19.2,53,375,Mar-2017,994.78,379,Jun-2004,Fully Paid,35812.149999999994,0.0,Dec-2017
2962, 36 months,26.61,D,5 years,RENT,61583.0,Source Verified,debt_consolidation,14.4,1,13,0,56378,12.5,47,370,Jul-2012,94.62,374,Jul-1991,Fully Paid,3406.2999999999997,0.0,Dec-2017
34255, 36 months,11.61,D,1 year,MORTGAGE,44398.0,Source Verified,credit_card,29.85,0,26,0,32419,50.8,57,390,Jul-2015,1094.26,394,Mar-1994,Fully Paid,39393.25,0.0,Dec-2017
17371, 36 months,9.79,D,< 1 year,MORTGAGE,80004.0,Source Verified,small_business,9.55,0,18,0,22230,68.2,14,370,Dec-2013,554.91,374,Apr-1999,Fully Paid,19976.649999999998,0.0,Dec-2017
2105, 36 months,25.32,F,1 year,OWN,78742.0,Not Verified,car,15.71,0,26,0,4944,39.5,42,410,May-2015,67.24,414,Jul-2010,Charged Off,842.0,105.25,Dec-2017
11365, 60 months,12.19,F,5 years,RENT,42016.0,Source Verified,car,21.68,0,15,0,21605,59.4,46,380,Feb-2016,217.83,384,Jul-1991,Fully Paid,13069.749999999998,0.0,Dec-2017
13147, 36 months,11.64,E,5 years,OWN,90179.0,Verified,car,28.22,0,5,1,45533,77.4,31,380,Oct-2016,419.97,384,Jul-2008,Late (31-120 days),15119.05,0.0,Dec-2017
7446, 60 months,22.17,E,1 year,MORTGAGE,82401.0,Source Verified,debt_consolidation,19.6,0,27,0,53866,39.0,48,420,Jul-2015,142.71,424,Nov-2011,Fully Paid,8562.9,0.0,Dec-2017
22507, 60 months,11.4,A,1 year,MORTGAGE,49218.0,Not Verified,car,29.06,1,16,0,7170,60.6,54,345,Nov-2015,431.38,349,Feb-1995,Fully Paid,25883.05,0.0,Dec-2017
5012, 36 months,27.84,F,< 1 year,RENT,86481.0,Not Verified,car,19.47,1,11,0,2077,80.0,40,395,Dec-2015,160.11,399,Jun-2002,Charged Off,2004.8000000000002,250.60000000000002,Dec-2017
27815, 36 months,6.13,G,,OWN,58062.0,Source Verified,small_business,8.09,1,19,0,56555,27.8,40,400,May-2013,888.53,404,Feb-1995,Fully Paid,31987.249999999996,0.0,Dec-2017
20025, 60 months,16.54,A,< 1 year,RENT,82289.0,Not Verified,car,20.07,0,14,0,17204,57.8,16,395,Sep-2014,383.81,399,Apr-2010,Fully Paid,23028.75,0.0,Dec-2017
12397, 60 months,7.19,G,10+ years,RENT,45523.0,Source Verified,debt_consolidation,20.16,1,23,0,7554,51.6,9,410,Aug-2017,237.61,414,Sep-2009,Fully Paid,14256.55,0.0,Dec-2017
35195, 36 months,24.04,G,1 year,MORTGAGE,61288.0,Verified,credit_card,26.16,0,14,0,17391,43.7,55,405,Aug-2012,1124.28,409,Dec-2005,Charged Off,14078.0,1759.75,Dec-2017
27624, 36 months,11.94,A,5 years,RENT,56762.0,Not Verified,debt_consolidation,14.02,0,17,0,44412,24.0,45,330,Oct-2012,882.43,334,May-1984,Fully Paid,31767.6,0.0,Dec-2017
39452, 60 months,27.57,E,,RENT,65548.0,Source Verified,small_business,13.96,0,25,0,45868,25.6,36,410,Oct-2013,756.16,414,Apr-1985,Fully Paid,45369.799999999996,0.0,Dec-2017
10895, 60 months,16.48,E,10+ years,RENT,35446.0,Not Verified,car,13.25,1,28,0,6336,28.2,11,365,Feb-2015,208.82,369,Jan-1991,Fully Paid,12529.249999999998,0.0,Dec-2017
14213, 36 months,20.42,B,< 1 year,OWN,40097.0,Source Verified,car,24.97,0,17,0,38882,46.1,43,345,Jan-2015,454.03,349,Apr-2011,Fully Paid,16344.949999999999,0.0,Dec-2017
38604, 36 months,27.62,E,1 year,RENT,48239.0,Verified,credit_card,25.05,0,24,0,42063,80.8,50,420,Mar-2016,1233.18,424,Nov-1990,Fully Paid,44394.6,0.0,Dec-2017
16474, 36 months,21.85,G,< 1 year,MORTGAGE,330399.0,Not Verified,small_business,18.08,0,6,0,36303,27.4,24,360,Dec-2014,526.25,364,Feb-2000,Fully Paid,18945.1,0.0,Dec-2017
5175, 36 months,25.84,D,< 1 year,RENT,117987.0,Verified,small_business,11.28,0,24,0,4938,31.1,16,340,Jul-2013,165.31,344,Feb-1991,Fully Paid,5951.249999999999,0.0,Dec-2017
26473, 36 months,20.17,B,< 1 year,OWN,64125.0,Verified,credit_card,13.03,0,7,1,19996,99.2,44,410,Jun-2013,845.67,414,Mar-2003,Fully Paid,30443.949999999997,0.0,Dec-2017
26381, 60 months,19.57,F,5 years,RENT,89235.0,Source Verified,debt_consolidation,22.3,1,5,0,42982,36.7,58,415,Dec-2015,505.64,419,Aug-1987,Fully Paid,30338.149999999998,0.0,Dec-2017
15979, 60 months,18.8,D,5 years,RENT,39508.0,Not Verified,debt_consolidation,9.22,0,23,0,47948,20.4,49,420,Dec-2016,306.26,424,Jul-1997,Fully Paid,18375.85,0.0,Dec-2017
32000, 36 months,12.39,B,1 year,MORTGAGE,65470.0,Source Verified,credit_card,16.98,0,4,0,32323,84.3,53,340,Nov-2017,1022.22,344,Jun-1995,Fully Paid,36800.0,0.0,Dec-2017
36312, 36 months,12.08,F,5 years,OWN,24230.0,Not Verified,car,15.79,1,8,1,8453,69.7,28,355,Aug-2014,1159.97,359,Feb-2000,Fully Paid,41758.799999999996,0.0,Dec-2017
8947, 60 months,26.56,D,< 1 year,RENT,36152.0,Verified,debt_consolidation,8.69,0,29,0,32228,40.5,38,370,Aug-2016,171.48,374,Nov-2005,In Grace Period,10289.05,0.0,Dec-2017
31933, 36 months,9.15,B,< 1 year,RENT,58341.0,Verified,car,13.56,0,10,0,14160,82.4,55,390,Jan-2017,1020.08,394,Apr-2002,Current,36722.95,0.0,Dec-2017
27082, 36 months,18.63,A,1 year,MORTGAGE,51261.0,Source Verified,small_business,9.28,1,15,0,15287,26.0,17,365,Aug-2015,865.12,369,Aug-1999,Fully Paid,31144.3,0.0,Dec-2017
24043, 60 months,19.56,A,5 years,RENT,65449.0,Verified,car,20.17,1,25,0,50321,48.7,58,345,Aug-2013,460.82,349,Jul-1991,Fully Paid,27649.449999999997,0.0,Dec-2017
38999, 36 months,18.01,A,,OWN,77242.0,Not Verified,debt_consolidation,17.55,1,29,0,18052,60.1,42,395,Oct-2012,1245.8,399,Apr-2007,Fully Paid,44848.85,0.0,Dec-2017
26699, 60 months,9.64,A,,RENT,33197.0,Source Verified,credit_card,28.51,0,2,0,39582,17.9,49,350,Aug-2017,511.73,354,Oct-2001,Current,30703.85,0.0,Dec-2017
2838, 36 months,9.53,C,5 years,MORTGAGE,68430.0,Verified,car,19.7,0,24,0,56703,84.1,16,345,Aug-2015,90.66,349,Jul-1993,Fully Paid,3263.7,0.0,Dec-2017
28799, 36 months,14.29,E,5 years,OWN,82703.0,Not Verified,car,28.43,0,18,0,52430,63.2,27,365,Sep-2012,919.97,369,Jul-1984,Fully Paid,33118.85,0.0,Dec-2017
24576, 36 months,10.35,E,< 1 year,OWN,99181.0,Not Verified,debt_consolidation,25.75,0,28,0,1478,16.8,54,365,Jul-2014,785.07,369,Jun-1989,Fully Paid,28262.399999999998,0.0,Dec-2017
26773, 36 months,20.2,B,10+ years,MORTGAGE,22192.0,Source Verified,credit_card,5.36,0,19,0,9350,54.8,16,375,Aug-2016,855.25,379,Sep-2004,Late (31-120 days),30788.949999999997,0.0,Dec-2017
26751, 36 months,14.41,G,5 years,OWN,115435.0,Not Verified,car,23.82,1,4,0,6835,58.1,35,405,Dec-2014,854.55,409,Jul-1985,Fully Paid,30763.649999999998,0.0,Dec-2017
14686, 36 months,8.42,B,,OWN,42767.0,Verified,car,22.7,0,14,0,11484,28.9,26,375,Feb-2012,469.14,379,Aug-1993,Fully Paid,16888.899999999998,0.0,Dec-2017
10286, 60 months,25.27,C,,RENT,130793.0,Not Verified,car,12.01,0,14,0,16499,3.5,41,415,Sep-2013,197.15,419,Feb-2007,Fully Paid,11828.9,0.0,Dec-2017
22087, 36 months,12.01,F,5 years,OWN,138987.0,Not Verified,debt_consolidation,22.91,0,18,0,49658,70.6,11,380,Jun-2013,705.56,384,Jun-2003,Fully Paid,25400.05,0.0,Dec-2017
21475, 60 months,7.99,C,10+ years,MORTGAGE,42692.0,Not Verified,debt_consolidation,21.57,0,4,0,32868,58.0,16,360,Aug-2014,411.6,364,May-2003,Fully Paid,24696.249999999996,0.0,Dec-2017
12525, 36 months,11.16,F,1 year,OWN,105809.0,Not Verified,debt_consolidation,34.47,0,11,0,20345,69.1,6,330,Mar-2017,400.1,334,Feb-1998,Fully Paid,14403.749999999998,0.0,Dec-2017
26588, 60 months,9.32,G,,RENT,88905.0,Verified,car,10.32,0,8,0,20118,45.1,58,415,Feb-2014,509.6,419,Apr-2009,Fully Paid,30576.199999999997,0.0,Dec-2017
12065, 36 months,13.72,E,5 years,OWN,63424.0,Verified,small_business,13.25,1,9,0,27575,49.8,44,370,Feb-2014,385.41,374,Dec-1997,Fully Paid,13874.749999999998,0.0,Dec-2017
19500, 36 months,14.02,B,1 year,MORTGAGE,28246.0,Source Verified,credit_card,27.85,1,3,0,11405,45.4,59,390,Apr-2017,622.92,394,Jul-2014,In Grace Period,22425.0,0.0,Dec-2017
27288, 36 months,11.63,C,,RENT,51640.0,Source Verified,credit_card,10.27,0,16,0,39155,28.9,20,395,Aug-2017,871.7,399,Nov-2000,Current,31381.199999999997,0.0,Dec-2017
30956, 36 months,27.15,C,,RENT,49229.0,Source Verified,credit_card,20.27,0,18,0,21674,83.2,9,360,Feb-2012,988.87,364,Sep-1983,Charged Off,12382.400000000001,1547.8000000000002,Dec-2017
17666, 36 months,7.08,G,,RENT,39833.0,Not Verified,small_business,29.97,0,7,0,29632,20.0,13,400,Jul-2017,564.33,404,Oct-1997,Charged Off,7066.400000000001,883.3000000000001,Dec-2017
15384, 36 months,14.26,F,5 years,OWN,57401.0,Verified,credit_card,25.09,0,7,0,39796,54.3,28,340,Jul-2013,491.43,344,Jul-1992,Fully Paid,17691.6,0.0,Dec-2017
33789, 36 months,25.74,G,5 years,OWN,111689.0,Verified,credit_card,27.98,0,14,1,59466,8.7,16,335,Oct-2016,1079.37,339,Jan-2008,Fully Paid,38857.35,0.0,Dec-2017
22372, 60 months,9.58,C,< 1 year,RENT,102164.0,Not Verified,small_business,23.08,0,13,0,20333,2.9,24,355,Feb-2013,428.8,359,Jan-1988,Fully Paid,25727.8,0.0,Dec-2017
9582, 60 months,11.15,D,< 1 year,MORTGAGE,28851.0,Source Verified,debt_consolidation,22.55,0,2,0,15594,18.7,22,400,May-2014,183.65,404,Mar-1994,Fully Paid,11019.3,0.0,Dec-2017
27891, 36 months,20.29,C,< 1 year,RENT,42146.0,Verified,debt_consolidation,25.5,1,11,0,51004,77.8,6,370,Aug-2014,890.96,374,Oct-1987,Fully Paid,32074.649999999998,0.0,Dec-2017
11172, 36 months,22.77,F,1 year,RENT,50093.0,Verified,car,23.07,0,22,0,21874,7.5,42,345,Feb-2017,356.88,349,Oct-2013,Late (31-120 days),12847.8,0.0,Dec-2017
4328, 36 months,20.57,F,,OWN,57707.0,Source Verified,credit_card,21.34,1,8,0,58201,66.9,36,330,Oct-2017,138.26,334,May-2011,Fully Paid,4977.2,0.0,Dec-2017
34736, 36 months,24.54,G,10+ years,MORTGAGE,11864.0,Verified,debt_consolidation,11.16,0,12,0,13454,61.1,7,365,Sep-2014,1109.62,369,Jul-2012,Fully Paid,39946.399999999994,0.0,Dec-2017
37452, 36 months,24.28,A,< 1 year,MORTGAGE,188964.0,Source Verified,car,8.57,1,27,0,39340,59.9,22,370,May-2015,1196.38,374,Jun-1985,Fully Paid,43069.799999999996,0.0,Dec-2017
14964, 36 months,16.69,G,1 year,MORTGAGE,54536.0,Verified,small_business,12.35,2,15,0,47880,4.7,39,415,Oct-2012,478.02,419,Dec-1983,Charged Off,5985.6,748.2,Dec-2017
18192, 36 months,21.18,B,< 1 year,OWN,58854.0,Verified,small_business,10.61,0,4,0,50322,98.5,59,400,May-2012,581.13,404,Mar-2001,Fully Paid,20920.8,0.0,Dec-2017
38919, 36 months,17.54,A,5 years,MORTGAGE,145953.0,Verified,car,7.86,2,12,1,18935,54.4,9,400,Feb-2017,1243.25,404,Mar-1994,Fully Paid,44756.85,0.0,Dec-2017
3386, 60 months,6.97,B,1 year,MORTGAGE,74150.0,Verified,car,14.65,0,5,0,23584,41.2,46,405,Oct-2017,64.9,409,Feb-1989,Fully Paid,3893.8999999999996,0.0,Dec-2017
6158, 36 months,19.88,E,1 year,RENT,25184.0,Not Verified,credit_card,20.82,0,26,0,1114,6.3,36,355,Nov-2016,196.71,359,Dec-1987,Fully Paid,7081.7,0.0,Dec-2017
28352, 60 months,25.91,E,< 1 year,RENT,20193.0,Source Verified,debt_consolidation,10.22,0,24,0,23698,90.9,7,410,Apr-2013,543.41,414,Dec-1995,Fully Paid,32604.8,0.0,Dec-2017
34428, 36 months,13.93,E,5 years,MORTGAGE,234576.0,Not Verified,credit_card,14.21,1,10,0,36670,98.3,18,410,Oct-2012,1099.78,414,Nov-1996,Fully Paid,39592.2,0.0,Dec-2017
17549, 36 months,21.51,G,1 year,OWN,37800.0,Not Verified,car,22.19,1,21,0,42520,94.8,51,370,Mar-2015,560.59,374,Mar-2004,Fully Paid,20181.35,0.0,Dec-2017
22546, 36 months,25.6,B,10+ years,OWN,54203.0,Not Verified,debt_consolidation,8.42,0,2,0,24974,82.5,5,335,Mar-2017,720.22,339,May-1989,Late (31-120 days),25927.899999999998,0.0,Dec-2017
36948, 36 months,11.09,B,< 1 year,MORTGAGE,54228.0,Not Verified,small_business,9.5,1,19,0,48648,60.2,24,335,Jun-2017,1180.28,339,May-1996,In Grace Period,42490.2,0.0,Dec-2017
21930, 36 months,7.96,A,5 years,RENT,168117.0,Not Verified,debt_consolidation,20.11,0,25,0,22791,67.1,44,420,Feb-2015,700.54,424,Nov-1994,Fully Paid,25219.499999999996,0.0,Dec-2017
7868, 60 months,7.06,D,5 years,OWN,108044.0,Source Verified,debt_consolidation,6.65,1,20,0,3777,76.3,24,420,Jul-2014,150.8,424,Feb-2008,Fully Paid,9048.199999999999,0.0,Dec-2017
21803, 60 months,14.27,A,< 1 year,MORTGAGE,62978.0,Not Verified,car,1.47,1,17,0,53213,5.7,54,415,Jun-2016,417.89,419,Apr-1993,Fully Paid,25073.449999999997,0.0,Dec-2017
15148, 36 months,23.99,F,5 years,OWN,124553.0,Not Verified,credit_card,9.08,0,7,0,9164,90.0,58,395,Jun-2017,483.89,399,Sep-1989,Fully Paid,17420.199999999997,0.0,Dec-2017
8114, 60 months,10.75,B,10+ years,OWN,91230.0,Not Verified,debt_consolidation,15.31,1,20,0,50860,66.3,5,380,Aug-2013,155.52,384,Nov-2009,Fully Paid,9331.099999999999,0.0,Dec-2017
33710, 36 months,21.92,G,10+ years,RENT,41690.0,Source Verified,small_business,12.17,0,25,0,53209,54.7,11,345,May-2015,1076.85,349,Oct-2010,Fully Paid,38766.5,0.0,Dec-2017
31246, 60 months,25.91,F,1 year,MORTGAGE,42798.0,Not Verified,small_business,24.27,0,17,0,46871,71.2,42,345,Apr-2013,598.88,349,May-2006,Fully Paid,35932.899999999994,0.0,Dec-2017
2846, 36 months,17.49,E,10+ years,MORTGAGE,122369.0,Not Verified,debt_consolidation,26.72,1,27,0,40874,45.0,13,360,Oct-2016,90.91,364,Dec-1987,Fully Paid,3272.8999999999996,0.0,Dec-2017
16739, 60 months,24.98,C,< 1 year,MORTGAGE,144466.0,Not Verified,small_business,25.76,1,29,0,28493,78.0,16,405,Jan-2017,320.83,409,Oct-2002,Current,19249.85,0.0,Dec-2017
19042, 36 months,27.93,C,,MORTGAGE,178981.0,Source Verified,debt_consolidation,0.0,1,17,0,36189,10.9,54,360,Aug-2013,608.29,364,Apr-1986,Fully Paid,21898.3,0.0,Dec-2017
25423, 36 months,18.53,D,10+ years,MORTGAGE,77273.0,Verified,small_business,25.26,0,4,0,26944,81.7,45,365,Aug-2015,812.12,369,Aug-2008,Fully Paid,29236.449999999997,0.0,Dec-2017
18279, 60 months,19.88,E,10+ years,OWN,99307.0,Not Verified,small_business,24.16,0,27,0,14754,63.1,34,405,May-2013,350.35,409,Jan-1991,Fully Paid,21020.85,0.0,Dec-2017
26025, 36 months,8.0,E,,MORTGAGE,42650.0,Not Verified,debt_consolidation,9.66,0,21,0,16885,59.7,17,365,Nov-2012,831.35,369,Jun-1997,Fully Paid,29928.749999999996,0.0,Dec-2017
21654, 60 months,23.91,A,< 1 year,MORTGAGE,83946.0,Not Verified,debt_consolidation,15.16,0,11,0,56829,93.3,28,395,Mar-2012,415.04,399,May-2008,Fully Paid,24902.1,0.0,Dec-2017
34839, 36 months,24.45,A,5 years,RENT,75533.0,Source Verified,car,2.37,1,5,0,12052,74.3,12,380,Mar-2014,1112.91,384,Jan-1997,Fully Paid,40064.85,0.0,Dec-2017
1339, 60 months,18.38,B,,RENT,64661.0,Source Verified,debt_consolidation,11.22,0,27,0,12855,61.4,22,400,Feb-2014,25.66,404,Nov-2005,Fully Paid,1539.85,0.0,Dec-2017
37143, 60 months,10.71,E,10+ years,RENT,61237.0,Source Verified,credit_card,8.57,0,3,0,19989,44.0,22,390,Feb-2017,711.91,394,Feb-1990,Current,42714.45,0.0,Dec-2017
9512, 36 months,12.33,D,1 year,OWN,63389.0,Verified,small_business,1.84,1,23,0,38696,88.2,7,400,Apr-2016,303.86,404,Nov-2003,Fully Paid,10938.8,0.0,Dec-2017
21951, 60 months,15.82,C,10+ years,OWN,82328.0,Source Verified,debt_consolidation,23.9,0,19,0,52676,89.3,19,340,Oct-2014,420.73,344,Oct-2002,Fully Paid,25243.649999999998,0.0,Dec-2017
27096, 60 months,20.61,A,5 years,MORTGAGE,43634.0,Not Verified,credit_card,24.24,0,6,0,277,91.1,58,405,Apr-2013,519.34,409,Jan-1998,Fully Paid,31160.399999999998,0.0,Dec-2017
9036, 36 months,16.49,G,,MORTGAGE,75546.0,Verified,debt_consolidation,22.04,1,22,0,22840,73.5,30,355,Jan-2014,288.65,359,Oct-1992,Fully Paid,10391.4,0.0,Dec-2017
29726, 36 months,25.76,C,10+ years,RENT,39012.0,Source Verified,car,19.16,0,23,0,13958,90.7,11,405,Sep-2012,949.58,409,Jun-1991,Fully Paid,34184.899999999994,0.0,Dec-2017
21489, 60 months,21.06,C,5 years,OWN,194450.0,Not Verified,small_business,16.02,0,29,0,9428,95.9,26,420,Jan-2014,411.87,424,Mar-1987,Fully Paid,24712.35,0.0,Dec-2017
27255, 36 months,16.79,B,1 year,MORTGAGE,59939.0,Source Verified,credit_card,2.56,0,3,0,13573,59.3,57,340,Aug-2014,870.65,344,May-2010,Fully Paid,31343.249999999996,0.0,Dec-2017
39965, 36 months,15.09,C,10+ years,RENT,81438.0,Verified,small_business,23.98,0,11,0,38085,52.3,32,335,Dec-2016,1276.66,339,Jun-1997,Fully Paid,45959.75,0.0,Dec-2017
37502, 36 months,24.47,C,,OWN,68381.0,Verified,car,8.9,0,3,0,28543,91.9,9,335,Apr-2017,1197.98,339,Dec-1991,In Grace Period,43127.299999999996,0.0,Dec-2017
12392, 60 months,24.51,D,1 year,OWN,230333.0,Source Verified,credit_card,21.56,0,6,0,13869,35.4,35,345,Sep-2014,237.51,349,Dec-1999,Fully Paid,14250.8,0.0,Dec-2017
22364, 36 months,15.06,G,,OWN,44715.0,Source Verified,car,9.68,0,9,1,32961,29.6,49,395,Oct-2013,714.41,399,Mar-1988,Fully Paid,25718.6,0.0,Dec-2017
10222, 36 months,27.65,G,< 1 year,RENT,21097.0,Not Verified,car,13.79,1,10,0,39821,59.0,47,395,Sep-2017,326.54,399,Mar-2003,Fully Paid,11755.3,0.0,Dec-2017
18721, 36 months,16.23,C,1 year,MORTGAGE,40854.0,Source Verified,debt_consolidation,24.5,0,7,0,28266,84.7,51,335,Jul-2017,598.03,339,Jan-2013,In Grace Period,7488.400000000001,936.0500000000001,Dec-2017
29871, 36 months,6.98,F,,RENT,66759.0,Source Verified,small_business,6.88,0,10,0,30701,42.3,35,390,Nov-2013,954.21,394,Dec-1991,Fully Paid,34351.649999999994,0.0,Dec-2017
27148, 36 months,15.39,C,< 1 year,OWN,68074.0,Verified,debt_consolidation,0.0,0,18,0,37622,18.0,44,410,Feb-2017,867.23,414,May-2008,In Grace Period,31220.199999999997,0.0,Dec-2017
35730, 60 months,14.17,F,1 year,MORTGAGE,16718.0,Source Verified,car,10.67,1,5,0,48658,22.7,38,330,Jul-2016,684.82,334,Nov-2013,Fully Paid,41089.5,0.0,Dec-2017
23411, 36 months,21.24,E,5 years,MORTGAGE,109331.0,Not Verified,car,14.79,0,19,0,43507,71.2,23,420,May-2014,747.85,424,Oct-2006,Fully Paid,26922.649999999998,0.0,Dec-2017
8617, 36 months,23.36,A,1 year,OWN,36132.0,Verified,car,17.86,0,11,0,42659,92.9,44,330,Sep-2013,275.27,334,Sep-2002,Fully Paid,9909.55,0.0,Dec-2017
37842, 36 months,24.29,A,< 1 year,OWN,40411.0,Source Verified,small_business,19.41,1,19,0,37216,68.1,36,385,Jul-2012,1208.84,389,May-2008,Fully Paid,43518.299999999996,0.0,Dec-2017
28800, 36 months,11.79,F,,RENT,74496.0,Verified,debt_consolidation,12.26,0,5,0,54923,32.1,11,395,Aug-2016,920.0,399,Jul-2010,Late (31-120 days),33120.0,0.0,Dec-2017
33598, 36 months,27.03,D,< 1 year,OWN,98551.0,Verified,credit_card,13.0,0,25,0,28697,11.7,59,330,Sep-2014,1073.27,334,Oct-2004,Fully Paid,38637.7,0.0,Dec-2017
38187, 60 months,6.86,G,1 year,MORTGAGE,49498.0,Source Verified,debt_consolidation,17.38,0,19,0,10039,62.0,6,370,Feb-2012,731.92,374,Mar-1990,Fully Paid,43915.049999999996,0.0,Dec-2017
28055, 60 months,24.86,A,,MORTGAGE,56440.0,Not Verified,small_business,7.07,0,29,1,54008,86.2,58,395,Nov-2012,537.72,399,Apr-1999,Fully Paid,32263.249999999996,0.0,Dec-2017
22976, 36 months,10.69,F,< 1 year,MORTGAGE,33451.0,Verified,credit_card,12.23,0,29,0,49116,1.9,33,395,Oct-2012,733.96,399,Jan-2002,Fully Paid,26422.399999999998,0.0,Dec-2017
14869, 36 months,8.38,A,,OWN,28012.0,Not Verified,debt_consolidation,20.9,0,24,1,7970,4.5,25,350,Nov-2016,474.98,354,May-1987,Current,17099.35,0.0,Dec-2017
35507, 60 months,20.21,E,5 years,RENT,38604.0,Not Verified,debt_consolidation,20.2,0,7,0,56268,28.6,10,395,Jul-2013,680.55,399,Feb-2008,Fully Paid,40833.049999999996,0.0,Dec-2017
17475, 36 months,8.42,D,10+ years,OWN,206898.0,Verified,debt_consolidation,24.32,0,15,1,43175,65.2,41,345,Aug-2015,558.23,349,Feb-1996,Fully Paid,20096.25,0.0,Dec-2017
27681, 36 months,27.22,B,5 years,MORTGAGE,56184.0,Verified,car,21.95,1,3,0,6498,25.3,50,400,Mar-2017,884.25,404,Jan-1991,Fully Paid,31833.149999999998,0.0,Dec-2017
38245, 36 months,26.58,D,< 1 year,RENT,98964.0,Not Verified,car,22.94,0,27,0,29246,95.7,44,365,Jul-2014,1221.72,369,Dec-1996,Fully Paid,43981.75,0.0,Dec-2017
27039, 36 months,11.62,G,5 years,MORTGAGE,49093.0,Verified,small_business,23.23,0,25,0,276,25.6,19,410,Dec-2013,863.75,414,Dec-2003,Fully Paid,31094.85,0.0,Dec-2017
27440, 36 months,22.6,B,< 1 year,MORTGAGE,53743.0,Not Verified,credit_card,10.82,0,5,0,46109,53.0,21,370,Jun-2013,876.56,374,Aug-2000,Fully Paid,31555.999999999996,0.0,Dec-2017
6273, 60 months,9.2,C,10+ years,OWN,25615.0,Source Verified,car,17.34,0,29,1,9644,51.5,11,415,Nov-2014,120.23,419,Mar-1996,Fully Paid,7213.95,0.0,Dec-2017
37572, 36 months,17.05,A,,OWN,69373.0,Not Verified,debt_consolidation,17.22,0,4,1,19296,99.8,50,330,Nov-2016,1200.22,334,May-2004,Current,43207.799999999996,0.0,Dec-2017
9826, 36 months,6.51,C,5 years,RENT,47480.0,Not Verified,debt_consolidation,17.69,0,8,0,49741,3.6,18,410,Aug-2012,313.89,414,May-2005,Fully Paid,11299.9,0.0,Dec-2017
1184, 36 months,20.4,B,1 year,RENT,25549.0,Source Verified,debt_consolidation,28.57,0,13,0,55949,45.2,15,410,Nov-2016,37.82,414,Apr-1988,Current,1361.6,0.0,Dec-2017
10356, 36 months,20.94,A,10+ years,RENT,100940.0,Not Verified,small_business,13.82,1,9,0,50817,90.7,45,395,May-2015,330.82,399,May-1995,Fully Paid,11909.4,0.0,Dec-2017
16746, 36 months,27.6,D,1 year,MORTGAGE,49777.0,Verified,small_business,0.0,1,18,0,34903,41.1,56,390,Apr-2017,534.94,394,May-2001,Late (31-120 days),19257.899999999998,0.0,Dec-2017
15500, 36 months,19.11,B,,OWN,29568.0,Verified,small_business,20.44,0,6,0,28674,37.2,49,370,Jul-2012,495.14,374,Apr-1996,Fully Paid,17825.0,0.0,Dec-2017
31558, 36 months,24.89,C,5 years,OWN,34471.0,Verified,small_business,19.0,1,3,0,17421,20.6,43,420,Dec-2017,1008.1,424,Mar-2015,In Grace Period,36291.7,0.0,Dec-2017
5982, 36 months,21.25,E,1 year,MORTGAGE,79702.0,Source Verified,car,17.0,0,17,0,49453,14.0,39,395,Nov-2012,191.09,399,Oct-1994,Fully Paid,6879.299999999999,0.0,Dec-2017
25915, 36 months,27.05,D,5 years,RENT,39564.0,Source Verified,debt_consolidation,14.8,0,16,0,55907,73.0,19,405,Jan-2014,827.84,409,Dec-1984,Fully Paid,29802.249999999996,0.0,Dec-2017
8597, 36 months,8.53,D,10+ years,OWN,15305.0,Not Verified,debt_consolidation,25.59,0,24,0,22442,73.6,57,345,Oct-2016,274.63,349,Nov-2006,Late (31-120 days),9886.55,0.0,Dec-2017
1698, 36 months,15.9,C,5 years,RENT,166525.0,Verified,credit_card,5.41,1,26,0,27958,54.7,7,330,Jun-2015,54.24,334,Mar-1987,Fully Paid,1952.6999999999998,0.0,Dec-2017
32887, 36 months,8.59,E,1 year,RENT,24211.0,Not Verified,car,31.66,1,23,0,53604,15.5,12,350,Jun-2013,1050.56,354,Aug-1985,Fully Paid,37820.049999999996,0.0,Dec-2017
38202, 36 months,7.51,A,1 year,MORTGAGE,81933.0,Source Verified,credit_card,34.36,0,12,0,50041,96.2,51,400,May-2017,1220.34,404,Sep-2012,Fully Paid,43932.299999999996,0.0,Dec-2017
11250, 36 months,26.27,C,5 years,OWN,85493.0,Verified,debt_consolidation,11.03,0,27,0,25481,21.2,41,335,May-2012,359.38,339,Jan-1989,Fully Paid,12937.499999999998,0.0,Dec-2017
37039, 36 months,21.03,E,,RENT,140014.0,Not Verified,small_business,17.89,0,20,0,3779,24.9,47,360,Mar-2015,1183.19,364,Mar-2007,Charged Off,14815.6,1851.95,Dec-2017
3292, 36 months,26.14,D,5 years,OWN,43354.0,Not Verified,credit_card,31.03,0,10,0,42048,73.1,22,385,Aug-2015,105.16,389,Dec-2000,Charged Off,1316.8000000000002,164.60000000000002,Dec-2017
30406, 60 months,18.03,D,,MORTGAGE,47580.0,Source Verified,credit_card,15.67,1,23,0,28796,89.8,4,330,Oct-2017,582.78,334,Sep-1989,Current,34966.899999999994,0.0,Dec-2017
7622, 36 months,18.03,G,1 year,RENT,123896.0,Verified,car,21.41,0,26,0,55935,93.9,22,330,Nov-2012,243.48,334,Mar-2005,Fully Paid,8765.3,0.0,Dec-2017
15152, 36 months,22.94,B,1 year,OWN,114747.0,Verified,debt_consolidation,15.63,0,3,0,39194,22.1,52,350,Dec-2012,484.02,354,Sep-2001,Fully Paid,17424.8,0.0,Dec-2017
10635, 36 months,13.59,F,< 1 year,RENT,118779.0,Verified,debt_consolidation,15.87,0,19,0,59086,54.6,42,395,Apr-2012,339.73,399,Aug-2003,Fully Paid,12230.249999999998,0.0,Dec-2017
1016, 60 months,19.36,F,,MORTGAGE,69516.0,Not Verified,credit_card,22.47,0,28,0,20201,67.8,46,350,Aug-2012,19.47,354,Jul-2003,Fully Paid,1168.3999999999999,0.0,Dec-2017
7013, 60 months,10.3,C,< 1 year,OWN,64131.0,Not Verified,small_business,9.84,0,20,0,35877,55.2,15,360,Dec-2016,134.42,364,Jul-1991,Late (31-120 days),8064.95,0.0,Dec-2017
6429, 36 months,7.02,C,1 year,RENT,69682.0,Source Verified,credit_card,18.23,1,6,0,55898,17.8,30,405,Mar-2015,205.37,409,Oct-1986,Fully Paid,7393.349999999999,0.0,Dec-2017
13927, 60 months,13.53,D,< 1 year,RENT,145417.0,Not Verified,small_business,26.12,0,22,0,19321,51.6,39,355,May-2014,266.93,359,Nov-1986,Fully Paid,16016.05,0.0,Dec-2017
1651, 60 months,6.46,C,10+ years,OWN,35329.0,Verified,car,20.72,2,3,0,31585,11.3,13,335,May-2013,31.64,339,Mar-1988,Fully Paid,1898.6499999999999,0.0,Dec-2017
12552, 36 months,13.6,B,,OWN,32876.0,Not Verified,small_business,24.23,0,8,0,44044,18.3,5,330,Mar-2017,400.97,334,Feb-1998,Fully Paid,14434.8,0.0,Dec-2017
4065, 60 months,16.47,D,1 year,RENT,116558.0,Verified,debt_consolidation,13.2,0,4,0,33265,38.2,33,415,Nov-2014,77.91,419,Apr-1997,Fully Paid,4674.75,0.0,Dec-2017
31515, 36 months,27.81,G,5 years,OWN,65246.0,Source Verified,car,39.14,1,28,0,59657,52.4,30,360,Jun-2016,1006.73,364,Apr-1990,Fully Paid,36242.25,0.0,Dec-2017
36598, 36 months,24.15,C,10+ years,OWN,44646.0,Not Verified,car,21.2,0,14,0,55449,92.9,39,415,Nov-2014,1169.1,419,Feb-2007,Charged Off,14639.2,1829.9,Dec-2017
17059, 36 months,16.13,A,,MORTGAGE,73580.0,Not Verified,small_business,33.24,0,13,0,56131,57.2,38,350,Mar-2013,544.94,354,Mar-1997,Fully Paid,19617.85,0.0,Dec-2017
19268, 36 months,24.15,C,< 1 year,MORTGAGE,78047.0,Not Verified,small_business,17.26,0,29,0,52613,89.2,52,330,Dec-2012,615.51,334,Jan-2003,Fully Paid,22158.199999999997,0.0,Dec-2017
30555, 36 months,24.43,C,10+ years,RENT,108158.0,Not Verified,small_business,11.33,0,11,0,59332,10.1,54,350,Jul-2012,976.06,354,Feb-2006,Fully Paid,35138.25,0.0,Dec-2017
20109, 36 months,26.02,E,10+ years,RENT,76054.0,Verified,debt_consolidation,21.58,0,5,0,26636,2.9,6,340,Feb-2012,642.37,344,Feb-2010,Fully Paid,23125.35,0.0,Dec-2017
28903, 36 months,16.09,B,5 years,OWN,71041.0,Verified,car,28.08,2,6,0,33513,55.2,4,350,Jan-2013,923.29,354,Oct-2003,Fully Paid,33238.45,0.0,Dec-2017
34651, 36 months,15.41,C,1 year,MORTGAGE,375506.0,Source Verified,car,26.07,0,2,0,11015,38.4,20,390,Oct-2015,1106.91,394,Apr-1995,Fully Paid,39848.649999999994,0.0,Dec-2017
14129, 60 months,8.13,C,,RENT,54901.0,Not Verified,credit_card,12.52,0,3,0,17437,1.8,16,330,Dec-2014,270.81,334,Jun-1989,Fully Paid,16248.349999999999,0.0,Dec-2017
18085, 60 months,23.54,A,,MORTGAGE,21988.0,Not Verified,car,14.52,0,14,0,53840,58.8,23,340,Jan-2016,346.63,344,Oct-1988,Fully Paid,20797.75,0.0,Dec-2017
10728, 36 months,26.22,F,,RENT,54211.0,Verified,car,16.85,0,9,0,32331,79.2,10,335,Feb-2014,342.7,339,Oct-2004,Fully Paid,12337.199999999999,0.0,Dec-2017
14023, 36 months,10.51,D,10+ years,RENT,62147.0,Source Verified,small_business,18.54,0,28,0,36267,91.9,9,380,Aug-2013,447.96,384,Aug-1984,Fully Paid,16126.449999999999,0.0,Dec-2017
38649, 36 months,24.92,G,5 years,OWN,75456.0,Not Verified,credit_card,31.41,0,9,0,39269,79.7,50,360,Dec-2016,1234.62,364,Feb-2002,Charged Off,15459.6,1932.45,Dec-2017
35316, 36 months,14.53,B,< 1 year,MORTGAGE,66145.0,Verified,small_business,28.09,0,13,0,12584,49.7,33,400,Mar-2017,1128.15,404,Apr-2014,Fully Paid,40613.399999999994,0.0,Dec-2017
26674, 36 months,19.14,C,< 1 year,RENT,98239.0,Not Verified,credit_card,17.54,1,12,1,54368,9.2,24,335,Oct-2014,852.09,339,May-2005,Fully Paid,30675.1,0.0,Dec-2017
20652, 60 months,24.59,F,,MORTGAGE,76292.0,Source Verified,small_business,18.33,1,14,0,38128,57.7,34,410,Mar-2017,395.83,414,Dec-1997,Current,23749.8,0.0,Dec-2017
5032, 60 months,14.91,E,1 year,RENT,86964.0,Verified,car,24.39,0,26,0,21859,94.7,10,355,Apr-2015,96.45,359,Jan-2005,Fully Paid,5786.799999999999,0.0,Dec-2017
39950, 36 months,12.09,D,< 1 year,RENT,47846.0,Verified,debt_consolidation,17.34,0,8,0,11191,77.3,12,420,Mar-2016,1276.18,424,Jan-1997,Fully Paid,45942.5,0.0,Dec-2017
30953, 60 months,14.11,E,5 years,RENT,86516.0,Not Verified,small_business,7.77,1,24,0,21087,23.0,23,420,Apr-2014,593.27,424,Jul-2005,Fully Paid,35595.95,0.0,Dec-2017
23671, 60 months,26.09,C,,MORTGAGE,73651.0,Source Verified,car,17.43,0,9,0,28184,69.1,23,345,Feb-2012,453.69,349,Feb-1992,Fully Paid,27221.649999999998,0.0,Dec-2017
2162, 36 months,18.93,A,10+ years,MORTGAGE,49034.0,Source Verified,credit_card,37.62,0,27,0,7905,39.9,16,405,Jul-2016,69.06,409,Dec-1999,Fully Paid,2486.2999999999997,0.0,Dec-2017
32105, 60 months,25.0,G,< 1 year,OWN,54126.0,Source Verified,car,31.55,0,11,1,56384,56.6,32,340,Dec-2014,615.35,344,Feb-2010,Charged Off,12842.0,1605.25,Dec-2017
25083, 36 months,24.78,G,10+ years,MORTGAGE,145693.0,Source Verified,credit_card,34.9,0,12,0,23033,66.2,31,340,Feb-2016,801.26,344,Mar-1996,Fully Paid,28845.449999999997,0.0,Dec-2017
25519, 36 months,24.72,C,< 1 year,MORTGAGE,79109.0,Source Verified,debt_consolidation,24.51,0,21,0,22030,39.8,53,415,Feb-2014,815.19,419,May-1999,Fully Paid,29346.85,0.0,Dec-2017
34959, 36 months,20.06,E,10+ years,OWN,53388.0,Not Verified,small_business,13.98,1,18,0,30111,84.4,47,370,Feb-2016,1116.75,374,Dec-2006,Fully Paid,40202.85,0.0,Dec-2017
3490, 60 months,20.27,D,1 year,RENT,40274.0,Source Verified,debt_consolidation,20.33,0,7,0,30039,62.6,9,405,Oct-2017,66.89,409,Apr-2010,Current,4013.4999999999995,0.0,Dec-2017
3017, 36 months,16.18,D,,MORTGAGE,62664.0,Not Verified,credit_card,8.79,0,21,0,4338,55.3,53,410,Aug-2016,96.38,414,Mar-1993,Late (31-120 days),3469.5499999999997,0.0,Dec-2017
29616, 36 months,15.3,A,1 year,RENT,26152.0,Not Verified,credit_card,10.98,0,12,0,37622,52.4,22,355,Dec-2016,946.07,359,Jan-2008,Fully Paid,34058.399999999994,0.0,Dec-2017
22798, 36 months,16.42,B,5 years,RENT,88199.0,Verified,debt_consolidation,12.27,0,8,0,15499,71.2,8,365,May-2014,728.27,369,Dec-2005,Fully Paid,26217.699999999997,0.0,Dec-2017
32655, 36 months,27.98,C,1 year,OWN,24097.0,Verified,credit_card,32.75,0,22,0,51992,46.4,13,360,Mar-2015,1043.15,364,Dec-1995,Fully Paid,37553.25,0.0,Dec-2017
3416, 36 months,20.14,A,10+ years,MORTGAGE,36897.0,Verified,car,13.26,0,2,0,53743,46.9,49,410,Sep-2012,109.12,414,May-2001,Fully Paid,3928.3999999999996,0.0,Dec-2017
29547, 36 months,23.23,A,< 1 year,MORTGAGE,22754.0,Verified,debt_consolidation,27.59,0,20,1,25014,68.8,30,360,Jul-2017,943.86,364,Oct-2008,Current,33979.049999999996,0.0,Dec-2017
33125, 36 months,19.2,G,< 1 year,MORTGAGE,115531.0,Not Verified,debt_consolidation,13.29,1,4,0,59622,66.5,42,360,Nov-2016,1058.16,364,Oct-2007,In Grace Period,38093.75,0.0,Dec-2017
23500, 36 months,14.18,E,5 years,RENT,11010.0,Source Verified,small_business,17.78,1,26,0,27389,66.9,33,330,Feb-2015,750.69,334,May-2012,Fully Paid,27024.999999999996,0.0,Dec-2017
31183, 36 months,16.9,B,10+ years,RENT,18528.0,Not Verified,credit_card,21.89,0,9,0,12928,25.3,51,385,Jan-2014,996.12,389,Feb-1992,Fully Paid,35860.45,0.0,Dec-2017
14449, 36 months,6.97,E,10+ years,RENT,54956.0,Source Verified,debt_consolidation,21.7,0,7,0,9466,55.8,24,390,May-2015,461.57,394,Mar-2009,Fully Paid,16616.35,0.0,Dec-2017
6820, 36 months,26.38,C,,RENT,65785.0,Not Verified,car,17.77,0,22,0,37898,7.8,49,365,Feb-2016,217.86,369,Feb-2006,Fully Paid,7842.999999999999,0.0,Dec-2017
38810, 36 months,24.5,G,< 1 year,RENT,44171.0,Source Verified,debt_consolidation,23.92,1,28,0,22807,57.1,46,365,Nov-2017,1239.76,369,Mar-2009,In Grace Period,44631.5,0.0,Dec-2017
13794, 36 months,25.55,F,< 1 year,MORTGAGE,110677.0,Source Verified,small_business,13.71,1,8,0,49385,11.1,11,335,Dec-2017,440.64,339,Jan-1988,In Grace Period,15863.099999999999,0.0,Dec-2017
37528, 36 months,14.66,A,1 year,RENT,94219.0,Source Verified,car,16.39,0,9,0,40643,94.4,26,420,Nov-2013,1198.81,424,Feb-1997,Fully Paid,43157.2,0.0,Dec-2017
11634, 60 months,12.44,D,10+ years,MORTGAGE,87402.0,Verified,small_business,33.07,0,23,0,29400,0.5,52,345,Mar-2016,222.98,349,Jun-1990,Fully Paid,13379.099999999999,0.0,Dec-2017
18485, 60 months,10.55,B,5 years,OWN,93807.0,Not Verified,credit_card,2.58,1,28,0,37920,66.1,53,360,Sep-2017,354.3,364,Jun-1996,Current,21257.75,0.0,Dec-2017
20194, 36 months,10.0,E,1 year,MORTGAGE,50554.0,Source Verified,car,22.13,0,21,0,14932,81.5,52,370,Jun-2017,645.09,374,Sep-1989,Late (31-120 days),23223.1,0.0,Dec-2017
29959, 36 months,21.13,B,1 year,OWN,60738.0,Not Verified,debt_consolidation,22.59,1,10,0,56582,55.7,11,385,Sep-2015,957.02,389,Jun-2011,Fully Paid,34452.85,0.0,Dec-2017
21728, 36 months,15.42,E,,OWN,149891.0,Source Verified,car,15.86,0,13,1,46525,54.7,58,330,Jan-2012,694.09,334,Nov-2007,Fully Paid,24987.199999999997,0.0,Dec-2017
34713, 36 months,16.36,C,1 year,RENT,121101.0,Verified,credit_card,18.33,0,12,0,52431,30.4,15,420,Apr-2012,1108.89,424,Sep-2008,Fully Paid,39919.95,0.0,Dec-2017
11792, 36 months,10.98,E,10+ years,RENT,83973.0,Verified,debt_consolidation,19.31,1,26,0,43912,6.8,47,420,Aug-2015,376.69,424,Jun-1988,Fully Paid,13560.8,0.0,Dec-2017
36300, 36 months,17.72,D,1 year,MORTGAGE,44889.0,Not Verified,car,21.72,2,19,0,12643,15.0,38,400,Aug-2012,1159.58,404,Dec-2007,Fully Paid,41745.0,0.0,Dec-2017
28701, 36 months,22.69,D,1 year,RENT,122310.0,Source Verified,debt_consolidation,30.14,1,2,1,33715,97.5,51,340,Aug-2012,916.84,344,Sep-1997,Fully Paid,33006.149999999994,0.0,Dec-2017
13858, 36 months,8.27,B,5 years,RENT,51664.0,Verified,small_business,23.19,0,12,0,19459,91.8,55,410,Dec-2017,442.69,414,May-1994,Current,5543.200000000001,692.9000000000001,Dec-2017
8566, 36 months,23.63,A,5 years,OWN,31405.0,Source Verified,small_business,28.3,0,10,0,50909,70.1,24,385,Mar-2017,273.64,389,Mar-2002,Fully Paid,9850.9,0.0,Dec-2017
13384, 60 months,18.64,E,10+ years,RENT,75138.0,Not Verified,car,22.0,0,4,0,23094,49.1,20,415,Dec-2013,256.53,419,Nov-2006,Fully Paid,15391.599999999999,0.0,Dec-2017
2963, 60 months,24.59,D,10+ years,OWN,229039.0,Not Verified,car,7.13,0,6,0,32829,2.7,58,380,Oct-2017,56.79,384,Apr-1993,Current,3407.45,0.0,Dec-2017
37574, 36 months,16.12,F,5 years,MORTGAGE,303042.0,Verified,car,8.44,0,16,0,42911,14.0,44,335,May-2015,1200.28,339,Oct-1997,Fully Paid,43210.1,0.0,Dec-2017
32500, 36 months,17.42,E,5 years,RENT,57941.0,Verified,car,25.3,1,12,0,42243,24.4,20,350,Mar-2012,1038.19,354,Mar-2006,Fully Paid,37375.0,0.0,Dec-2017
8227, 60 months,19.2,C,5 years,RENT,89993.0,Not Verified,car,27.05,0,12,0,37263,99.5,16,335,Dec-2015,157.68,339,Feb-2009,Fully Paid,9461.05,0.0,Dec-2017
7260, 60 months,22.0,E,1 year,OWN,28637.0,Source Verified,debt_consolidation,0.0,0,5,0,44483,8.9,56,345,Oct-2012,139.15,349,Apr-1989,Fully Paid,8349.0,0.0,Dec-2017
32098, 60 months,25.76,B,,RENT,126959.0,Verified,debt_consolidation,10.59,0,28,0,10431,61.2,12,400,Feb-2014,615.21,404,Jan-2004,Charged Off,12839.2,1604.9,Dec-2017
38197, 60 months,25.9,D,,OWN,109131.0,Source Verified,small_business,9.53,1,3,0,42844,8.0,45,395,Dec-2016,732.11,399,Nov-1994,Fully Paid,43926.549999999996,0.0,Dec-2017
29772, 36 months,23.48,E,,RENT,26042.0,Verified,credit_card,19.88,0,14,0,26726,62.8,53,390,Nov-2017,951.05,394,Sep-2005,Late (31-120 days),34237.799999999996,0.0,Dec-2017
27516, 60 months,7.72,G,< 1 year,MORTGAGE,62889.0,Not Verified,small_business,23.64,1,9,0,27882,81.9,20,335,Feb-2016,527.39,339,Sep-2012,Fully Paid,31643.399999999998,0.0,Dec-2017
19233, 36 months,6.24,E,< 1 year,MORTGAGE,84139.0,Not Verified,debt_consolidation,17.68,0,16,0,22595,65.5,5,385,Oct-2013,614.39,389,Jan-1984,Fully Paid,22117.949999999997,0.0,Dec-2017
14733, 36 months,21.44,C,,OWN,88705.0,Source Verified,credit_card,22.23,0,16,0,15665,34.8,47,370,Nov-2017,470.64,374,Nov-1998,Fully Paid,16942.949999999997,0.0,Dec-2017
12918, 60 months,9.2,G,5 years,RENT,55273.0,Not Verified,debt_consolidation,8.68,1,10,0,32688,12.7,7,365,Feb-2012,247.6,369,Oct-1992,Fully Paid,14855.699999999999,0.0,Dec-2017
10760, 36 months,23.47,E,,MORTGAGE,62119.0,Verified,debt_consolidation,20.45,0,28,0,17626,73.5,59,355,Jul-2016,343.72,359,Jun-2011,Fully Paid,12373.999999999998,0.0,Dec-2017
36484, 36 months,25.89,E,10+ years,RENT,197774.0,Source Verified,small_business,31.94,0,21,0,5776,97.4,5,335,Feb-2016,1165.46,339,Dec-1994,Charged Off,14593.6,1824.2,Dec-2017
17819, 36 months,18.3,D,,OWN,53785.0,Not Verified,debt_consolidation,20.88,0,24,0,24578,35.1,13,355,Jul-2015,569.22,359,Apr-1995,Fully Paid,20491.85,0.0,Dec-2017
34440, 36 months,26.76,C,5 years,OWN,100151.0,Verified,car,26.82,0,11,0,33524,33.5,37,330,Jul-2013,1100.17,334,Dec-1996,Fully Paid,39606.0,0.0,Dec-2017
8440, 60 months,17.55,F,5 years,OWN,90467.0,Verified,car,17.97,0,19,1,3032,5.6,20,375,Mar-2015,161.77,379,Jan-1993,Fully Paid,9706.0,0.0,Dec-2017
11904, 60 months,8.25,A,< 1 year,RENT,47073.0,Not Verified,debt_consolidation,0.0,0,25,0,16193,62.6,40,405,Jun-2013,228.16,409,Jan-1995,Fully Paid,13689.599999999999,0.0,Dec-2017
13322, 36 months,24.06,A,1 year,MORTGAGE,44218.0,Source Verified,credit_card,1.39,0,23,0,17380,49.2,58,350,Jan-2012,425.56,354,Mar-2006,Fully Paid,15320.3,0.0,Dec-2017
3313, 60 months,23.23,B,5 years,RENT,39489.0,Not Verified,credit_card,16.61,0,10,0,13689,58.3,4,410,May-2016,63.5,414,Feb-1987,Fully Paid,3809.95,0.0,Dec-2017
8469, 60 months,14.49,D,< 1 year,MORTGAGE,63614.0,Source Verified,debt_consolidation,26.59,1,25,0,27488,66.4,20,375,Sep-2016,162.32,379,Jul-1997,Late (31-120 days),9739.349999999999,0.0,Dec-2017
33242, 36 months,22.86,D,,OWN,148046.0,Source Verified,small_business,19.89,0,13,0,14550,77.9,41,380,May-2013,1061.9,384,Jan-1999,Fully Paid,38228.299999999996,0.0,Dec-2017
1768, 60 months,10.32,F,10+ years,RENT,43492.0,Not Verified,debt_consolidation,9.53,0,23,0,16587,61.9,53,330,Apr-2014,33.89,334,May-2008,Fully Paid,2033.1999999999998,0.0,Dec-2017
3821, 36 months,10.02,D,< 1 year,MORTGAGE,40717.0,Verified,car,20.94,0,14,0,50772,5.1,55,355,Aug-2017,122.06,359,Feb-1996,In Grace Period,4394.15,0.0,Dec-2017
19611, 36 months,18.62,A,5 years,MORTGAGE,57470.0,Verified,car,25.94,0,4,0,39214,96.4,30,410,Aug-2012,626.46,414,Jul-1999,Fully Paid,22552.649999999998,0.0,Dec-2017
2523, 36 months,14.66,D,,OWN,49416.0,Source Verified,car,10.05,0,26,0,43516,79.0,56,340,Jun-2017,80.6,344,Mar-1998,Current,2901.45,0.0,Dec-2017
30020, 36 months,20.87,B,< 1 year,RENT,47109.0,Source Verified,credit_card,5.55,1,6,1,57766,51.7,18,420,Apr-2015,958.97,424,Nov-2009,Fully Paid,34523.0,0.0,Dec-2017
31907, 60 months,18.26,B,5 years,RENT,162890.0,Not Verified,credit_card,13.04,0,7,0,59583,5.5,25,330,Feb-2015,611.55,334,Mar-1989,Fully Paid,36693.049999999996,0.0,Dec-2017
32708, 36 months,22.56,E,10+ years,OWN,137165.0,Not Verified,car,24.62,0,21,0,22942,85.6,44,345,Mar-2014,1044.84,349,Oct-2003,Fully Paid,37614.2,0.0,Dec-2017
9966, 36 months,18.83,F,5 years,OWN,39076.0,Not Verified,small_business,24.68,0,10,0,1953,28.6,42,385,Apr-2015,318.36,389,Feb-2001,Fully Paid,11460.9,0.0,Dec-2017
12147, 60 months,20.28,D,5 years,OWN,177198.0,Verified,debt_consolidation,12.7,0,3,0,12748,83.1,51,335,Aug-2015,232.82,339,Feb-2001,Fully Paid,13969.05,0.0,Dec-2017
10053, 36 months,12.02,G,,MORTGAGE,186633.0,Verified,car,19.44,0,13,0,32857,54.8,6,390,Feb-2012,321.14,394,Jan-1987,Fully Paid,11560.949999999999,0.0,Dec-2017
33392, 60 months,16.51,G,< 1 year,MORTGAGE,26712.0,Not Verified,debt_consolidation,15.15,0,26,0,54329,29.5,24,375,Feb-2012,640.01,379,Jul-1994,Fully Paid,38400.799999999996,0.0,Dec-2017
39508, 60 months,25.2,E,1 year,OWN,117038.0,Not Verified,car,27.6,0,4,0,17057,57.0,9,350,Jan-2017,757.24,354,May-2006,Fully Paid,45434.2,0.0,Dec-2017
29310, 36 months,10.69,E,,RENT,82141.0,Not Verified,small_business,2.57,0,4,0,29943,54.7,48,350,Dec-2012,936.29,354,Sep-1999,Fully Paid,33706.5,0.0,Dec-2017
6621, 60 months,14.4,G,10+ years,OWN,87068.0,Verified,small_business,18.75,0,15,0,21929,1.8,51,350,Aug-2017,126.9,354,Jan-1996,Late (31-120 days),7614.15,0.0,Dec-2017
28550, 60 months,24.69,D,,MORTGAGE,46804.0,Verified,car,15.83,0,14,0,58723,69.0,6,410,Mar-2015,547.21,414,Jun-2003,Fully Paid,32832.5,0.0,Dec-2017
18663, 36 months,12.08,C,,RENT,27723.0,Not Verified,debt_consolidation,28.78,1,12,0,51439,44.3,50,360,Aug-2013,596.18,364,Oct-1991,Fully Paid,21462.449999999997,0.0,Dec-2017
19188, 60 months,20.23,D,,OWN,58177.0,Verified,debt_consolidation,28.07,1,2,0,79,85.4,49,375,Aug-2015,367.77,379,May-1992,Fully Paid,22066.199999999997,0.0,Dec-2017
29869, 36 months,11.25,B,1 year,RENT,121851.0,Not Verified,car,17.39,0,15,0,57567,92.2,36,395,Jan-2014,954.15,399,Apr-2002,Fully Paid,34349.35,0.0,Dec-2017
21662, 36 months,17.78,F,10+ years,RENT,28337.0,Not Verified,credit_card,10.13,0,16,0,43872,85.8,15,400,Jun-2012,691.98,404,May-1998,Fully Paid,24911.3,0.0,Dec-2017
14000, 60 months,7.12,E,10+ years,OWN,79749.0,Verified,credit_card,7.51,1,4,0,7443,53.1,49,405,Aug-2017,268.33,409,May-2015,In Grace Period,16099.999999999998,0.0,Dec-2017
5988, 36 months,18.68,D,,OWN,69283.0,Source Verified,small_business,7.31,0,17,0,45300,11.3,40,410,Oct-2015,191.28,414,Apr-2008,Fully Paid,6886.2,0.0,Dec-2017
30131, 60 months,14.59,C,10+ years,RENT,19592.0,Source Verified,car,14.31,0,7,0,41855,61.9,42,370,Aug-2017,577.51,374,May-1999,Current,34650.649999999994,0.0,Dec-2017
34424, 36 months,20.09,E,5 years,RENT,102354.0,Source Verified,credit_card,14.71,1,12,0,34176,75.8,7,405,Jan-2017,1099.66,409,Feb-2006,In Grace Period,39587.6,0.0,Dec-2017
4663, 36 months,23.04,E,5 years,MORTGAGE,32987.0,Source Verified,small_business,11.43,1,16,0,20375,10.1,53,330,Dec-2013,148.96,334,Jul-1990,Charged Off,1865.2,233.15,Dec-2017
26572, 36 months,7.91,A,10+ years,MORTGAGE,15725.0,Verified,car,26.61,1,2,0,58040,33.3,39,420,Sep-2013,848.83,424,Apr-1991,Fully Paid,30557.8,0.0,Dec-2017
15052, 36 months,8.86,A,< 1 year,RENT,141493.0,Not Verified,car,5.87,1,8,0,28890,7.9,24,340,Dec-2015,480.83,344,Jul-2004,Fully Paid,17309.8,0.0,Dec-2017
15412, 36 months,22.57,D,< 1 year,RENT,64951.0,Verified,debt_consolidation,24.13,3,16,0,14436,18.4,6,395,Feb-2015,492.33,399,Jan-1989,Fully Paid,17723.8,0.0,Dec-2017
11933, 36 months,20.6,B,10+ years,OWN,178319.0,Source Verified,credit_card,19.11,1,28,0,9404,40.7,42,345,Jun-2012,381.19,349,Feb-1989,Fully Paid,13722.949999999999,0.0,Dec-2017
16501, 36 months,27.34,D,1 year,MORTGAGE,33025.0,Source Verified,credit_card,13.71,0,19,0,55541,5.9,15,355,Jun-2017,527.12,359,Mar-2015,Late (31-120 days),18976.149999999998,0.0,Dec-2017
33612, 36 months,19.25,G,10+ years,OWN,39581.0,Source Verified,debt_consolidation,24.55,0,14,0,23148,77.3,17,385,Mar-2015,1073.72,389,Jul-1996,Fully Paid,38653.799999999996,0.0,Dec-2017
17570, 36 months,7.53,C,5 years,OWN,30889.0,Source Verified,small_business,26.77,1,17,0,946,71.3,14,365,Mar-2016,561.26,369,Jun-2010,Fully Paid,20205.5,0.0,Dec-2017
24513, 36 months,22.76,B,5 years,OWN,25040.0,Verified,car,15.99,0,21,0,51337,31.9,47,415,Aug-2017,783.05,419,Sep-1991,Late (31-120 days),28189.949999999997,0.0,Dec-2017
17306, 36 months,22.9,C,10+ years,RENT,67065.0,Source Verified,car,16.26,0,19,0,10049,2.5,15,340,Mar-2013,552.83,344,Mar-2004,Fully Paid,19901.899999999998,0.0,Dec-2017
17859, 36 months,25.22,D,5 years,RENT,47788.0,Verified,small_business,23.73,0,13,0,45779,99.5,39,410,Aug-2017,570.5,414,Sep-1999,Late (31-120 days),20537.85,0.0,Dec-2017
7692, 60 months,24.74,B,,RENT,105553.0,Not Verified,debt_consolidation,18.34,0,12,0,18582,24.9,43,350,Oct-2017,147.43,354,Dec-1992,In Grace Period,8845.8,0.0,Dec-2017
31214, 60 months,8.11,F,< 1 year,MORTGAGE,71025.0,Source Verified,small_business,18.21,0,9,1,25821,76.4,49,380,Jul-2015,598.27,384,Jan-2002,Fully Paid,35896.1,0.0,Dec-2017
9944, 36 months,17.69,D,5 years,MORTGAGE,110831.0,Not Verified,car,16.7,0,19,2,5396,99.8,23,395,Jan-2014,317.66,399,May-2005,Fully Paid,11435.599999999999,0.0,Dec-2017
32793, 36 months,18.58,F,< 1 year,OWN,153042.0,Not Verified,credit_card,23.95,0,19,0,19205,9.0,46,355,Nov-2015,1047.55,359,Aug-1992,Fully Paid,37711.95,0.0,Dec-2017
7407, 36 months,27.6,B,10+ years,MORTGAGE,89551.0,Verified,credit_card,4.4,0,28,0,42249,96.2,6,330,Dec-2016,236.61,334,Jul-2000,Fully Paid,8518.05,0.0,Dec-2017
29874, 36 months,12.78,B,1 year,RENT,86830.0,Verified,small_business,13.53,0,19,0,19508,8.1,37,390,Aug-2012,954.31,394,Feb-2003,Fully Paid,34355.1,0.0,Dec-2017
29204, 36 months,18.12,D,5 years,MORTGAGE,59324.0,Not Verified,credit_card,26.63,0,17,0,24006,49.8,12,350,Sep-2014,932.91,354,Aug-1999,Fully Paid,33584.6,0.0,Dec-2017
24760, 36 months,6.21,B,5 years,RENT,46574.0,Source Verified,small_business,23.78,0,16,0,15148,53.4,32,330,Aug-2012,790.94,334,Nov-2007,Fully Paid,28473.999999999996,0.0,Dec-2017
2762, 60 months,22.32,D,,RENT,37592.0,Verified,car,6.38,0,24,0,28879,95.4,38,415,Sep-2016,52.94,419,May-2006,Current,3176.2999999999997,0.0,Dec-2017
22691, 60 months,12.19,G,,OWN,105870.0,Verified,car,12.15,1,20,0,24876,12.1,30,390,Mar-2015,434.91,394,Aug-1988,Fully Paid,26094.649999999998,0.0,Dec-2017
17847, 60 months,23.95,B,10+ years,MORTGAGE,123669.0,Verified,credit_card,6.74,0,8,0,31879,83.4,20,380,Jul-2017,342.07,384,Mar-2001,Fully Paid,20524.05,0.0,Dec-2017
35484, 36 months,7.28,B,1 year,RENT,44445.0,Verified,small_business,11.06,1,6,0,53522,51.2,51,370,Dec-2014,1133.52,374,Jul-1992,Fully Paid,40806.6,0.0,Dec-2017
2684, 36 months,12.64,A,,RENT,158244.0,Not Verified,debt_consolidation,27.28,0,12,0,42202,48.2,40,360,May-2017,85.74,364,Oct-2003,Fully Paid,3086.6,0.0,Dec-2017
29576, 36 months,19.07,E,10+ years,MORTGAGE,87212.0,Source Verified,car,17.64,0,23,0,22736,4.6,34,355,Sep-2016,944.79,359,Jul-2004,Late (31-120 days),34012.399999999994,0.0,Dec-2017
6645, 36 months,15.14,D,< 1 year,RENT,29011.0,Source Verified,credit_card,13.27,0,14,0,44366,77.3,29,375,Oct-2016,212.27,379,May-2004,Fully Paid,7641.749999999999,0.0,Dec-2017
24832, 60 months,24.85,C,,RENT,118484.0,Not Verified,credit_card,18.77,0,27,0,43144,36.3,57,385,May-2016,475.95,389,Aug-1994,Fully Paid,28556.8,0.0,Dec-2017
16741, 36 months,7.95,F,< 1 year,RENT,47286.0,Source Verified,car,12.44,0,5,0,27305,34.1,16,365,Dec-2013,534.78,369,Mar-1995,Fully Paid,19252.149999999998,0.0,Dec-2017
28984, 60 months,17.77,E,5 years,OWN,189863.0,Not Verified,debt_consolidation,16.74,0,25,0,12744,71.6,47,345,May-2013,555.53,349,Mar-2009,Fully Paid,33331.6,0.0,Dec-2017
10338, 60 months,6.55,E,5 years,RENT,75189.0,Not Verified,car,32.13,0,18,0,41733,14.3,16,385,Jun-2017,198.14,389,Jul-2006,Fully Paid,11888.699999999999,0.0,Dec-2017
38597, 36 months,9.0,B,< 1 year,OWN,73474.0,Not Verified,credit_card,1.0,1,2,0,39437,5.6,4,405,May-2017,1232.96,409,Jun-2005,Late (31-120 days),44386.549999999996,0.0,Dec-2017
8306, 36 months,6.98,E,5 years,OWN,22778.0,Source Verified,small_business,24.24,0,18,0,44062,66.1,7,375,Dec-2012,265.33,379,Apr-1989,Fully Paid,9551.9,0.0,Dec-2017
27960, 36 months,21.2,A,< 1 year,MORTGAGE,126230.0,Not Verified,small_business,11.79,0,28,0,59329,55.6,52,345,Jan-2013,893.17,349,May-2002,Fully Paid,32153.999999999996,0.0,Dec-2017
18717, 36 months,23.28,G,,OWN,163329.0,Source Verified,small_business,0.6,0,23,0,2605,68.8,21,340,Jul-2013,597.9,344,Jan-2004,Fully Paid,21524.55,0.0,Dec-2017
15511, 36 months,16.9,E,5 years,RENT,38764.0,Verified,credit_card,24.15,0,14,1,32150,84.7,53,400,Apr-2012,495.49,404,Mar-1983,Fully Paid,17837.649999999998,0.0,Dec-2017
14974, 60 months,10.02,B,1 year,OWN,84600.0,Source Verified,debt_consolidation,16.94,0,12,1,16748,13.1,8,385,Nov-2015,287.0,389,Jul-1994,Fully Paid,17220.1,0.0,Dec-2017
30667, 36 months,26.97,D,,MORTGAGE,90836.0,Not Verified,credit_card,19.17,0,28,0,3302,94.9,23,330,Jul-2017,979.64,334,Jun-2014,Charged Off,12266.800000000001,1533.3500000000001,Dec-2017
8590, 60 months,23.84,A,5 years,MORTGAGE,47125.0,Source Verified,credit_card,20.71,0,29,0,46376,52.8,42,415,Jun-2016,164.64,419,Nov-1993,Fully Paid,9878.5,0.0,Dec-2017
39849, 60 months,7.75,A,,OWN,46160.0,Verified,small_business,13.63,0,22,0,10741,68.5,25,370,Oct-2012,763.77,374,Feb-2004,Fully Paid,45826.35,0.0,Dec-2017
11898, 36 months,17.58,C,5 years,OWN,41945.0,Source Verified,small_business,26.68,0,19,0,21402,57.7,23,400,Apr-2012,380.08,404,Aug-1997,Fully Paid,13682.699999999999,0.0,Dec-2017
24402, 36 months,19.96,B,1 year,MORTGAGE,71124.0,Verified,small_business,17.42,0,28,0,51108,76.4,12,385,May-2017,779.51,389,Jan-2007,Fully Paid,28062.3,0.0,Dec-2017
6539, 36 months,24.39,B,,OWN,61247.0,Not Verified,small_business,24.53,1,20,0,11061,28.7,56,390,Aug-2013,208.88,394,May-1993,Fully Paid,7519.849999999999,0.0,Dec-2017
3622, 36 months,24.49,F,10+ years,MORTGAGE,107645.0,Verified,debt_consolidation,29.8,0,24,0,49167,6.8,14,360,Nov-2016,115.7,364,Jul-2012,Fully Paid,4165.299999999999,0.0,Dec-2017
24267, 36 months,27.02,C,1 year,RENT,113230.0,Source Verified,debt_consolidation,20.81,2,13,0,10543,79.9,31,390,Mar-2014,775.2,394,May-2002,Fully Paid,27907.05,0.0,Dec-2017
19542, 60 months,8.34,A,,OWN,18015.0,Source Verified,debt_consolidation,30.21,0,25,0,18906,88.9,8,405,Sep-2016,374.55,409,Aug-2013,Fully Paid,22473.3,0.0,Dec-2017
18093, 36 months,23.58,B,10+ years,RENT,50247.0,Verified,debt_consolidation,16.18,0,18,0,37895,62.0,7,360,Jan-2017,577.97,364,Oct-1998,Current,20806.949999999997,0.0,Dec-2017
10902, 36 months,14.0,A,5 years,MORTGAGE,55472.0,Source Verified,credit_card,13.57,0,7,0,59601,85.3,53,420,Apr-2017,348.26,424,Sep-1994,Late (31-120 days),12537.3,0.0,Dec-2017
21945, 60 months,27.63,A,10+ years,OWN,104149.0,Not Verified,credit_card,18.32,0,22,1,32032,92.5,26,390,Jan-2012,420.61,394,Aug-2005,Fully Paid,25236.749999999996,0.0,Dec-2017
29934, 60 months,14.27,C,5 years,MORTGAGE,56090.0,Not Verified,debt_consolidation,11.0,0,4,0,14999,28.9,34,375,Oct-2013,573.73,379,May-1996,Fully Paid,34424.1,0.0,Dec-2017
23356, 60 months,12.16,B,5 years,MORTGAGE,113175.0,Not Verified,debt_consolidation,25.58,0,16,0,26599,85.1,35,340,May-2017,447.66,344,Apr-2002,Current,26859.399999999998,0.0,Dec-2017
27097, 60 months,7.78,G,1 year,MORTGAGE,43610.0,Source Verified,credit_card,10.77,0,16,1,36509,51.1,13,385,Jul-2015,519.36,389,Oct-1987,Fully Paid,31161.55,0.0,Dec-2017
34818, 60 months,8.82,B,1 year,MORTGAGE,37361.0,Not Verified,small_business,34.75,0,20,0,371,30.9,46,420,Jan-2014,667.34,424,Dec-2009,Fully Paid,40040.7,0.0,Dec-2017
4388, 36 months,20.73,B,< 1 year,RENT,78684.0,Source Verified,small_business,13.23,0,19,0,24461,46.3,49,345,Jun-2017,140.17,349,Oct-1991,Fully Paid,5046.2,0.0,Dec-2017
14561, 36 months,21.81,C,5 years,RENT,26960.0,Source Verified,credit_card,1.57,0,25,0,28049,92.9,41,405,Sep-2015,465.14,409,Feb-1993,Fully Paid,16745.149999999998,0.0,Dec-2017
33636, 36 months,24.23,B,5 years,MORTGAGE,66138.0,Not Verified,debt_consolidation,16.86,0,25,0,26416,70.2,41,350,Feb-2012,1074.48,354,Dec-2008,Fully Paid,38681.399999999994,0.0,Dec-2017
22816, 60 months,22.35,C,1 year,RENT,53410.0,Verified,car,28.53,0,15,0,20995,40.5,48,355,Aug-2017,437.31,359,Mar-2003,Fully Paid,26238.399999999998,0.0,Dec-2017
28662, 60 months,13.95,F,< 1 year,RENT,34273.0,Source Verified,small_business,28.67,1,21,0,13789,22.3,27,385,Nov-2016,549.35,389,Jan-1990,Fully Paid,32961.299999999996,0.0,Dec-2017
12643, 36 months,22.14,E,,MORTGAGE,47764.0,Source Verified,small_business,14.19,0,4,0,51493,57.1,40,365,May-2012,403.87,369,Jan-1999,Fully Paid,14539.449999999999,0.0,Dec-2017
28002, 60 months,9.5,A,1 year,RENT,113733.0,Not Verified,small_business,18.56,0,14,0,37000,65.3,49,375,Nov-2017,536.7,379,Jun-2009,In Grace Period,32202.3,0.0,Dec-2017
12432, 36 months,21.52,D,10+ years,RENT,27761.0,Verified,small_business,14.49,0,23,0,6999,66.8,7,365,Apr-2015,397.13,369,Mar-2001,Charged Off,4972.8,621.6,Dec-2017
5250, 36 months,22.25,G,,RENT,375536.0,Verified,debt_consolidation,21.47,0,17,0,27784,24.6,58,415,Sep-2017,167.71,419,Dec-2013,Current,6037.499999999999,0.0,Dec-2017
16630, 36 months,15.9,E,< 1 year,OWN,50625.0,Source Verified,debt_consolidation,14.5,0,10,0,49454,18.0,20,370,May-2013,531.24,374,Nov-1992,Fully Paid,19124.5,0.0,Dec-2017
37998, 36 months,17.18,E,< 1 year,MORTGAGE,60219.0,Verified,small_business,23.11,0,5,0,19165,81.3,12,390,Sep-2012,1213.82,394,Jul-2010,Fully Paid,43697.7,0.0,Dec-2017
14753, 36 months,23.18,C,< 1 year,OWN,126732.0,Verified,debt_consolidation,32.07,0,18,0,23467,8.5,15,355,Mar-2016,471.28,359,Jul-2000,Fully Paid,16965.949999999997,0.0,Dec-2017
6007, 36 months,22.61,D,10+ years,MORTGAGE,123068.0,Source Verified,small_business,16.91,0,16,0,8469,16.7,45,360,Jul-2012,191.89,364,Nov-2005,Fully Paid,6908.049999999999,0.0,Dec-2017
27821, 36 months,13.08,G,1 year,RENT,36557.0,Verified,small_business,20.46,0,28,0,13521,68.8,50,420,Nov-2016,888.73,424,Jan-2013,Current,31994.149999999998,0.0,Dec-2017
17215, 60 months,6.84,G,,RENT,179760.0,Not Verified,small_business,18.36,0,27,0,6663,49.7,41,385,Oct-2013,329.95,389,Dec-1990,Fully Paid,19797.25,0.0,Dec-2017
17502, 36 months,13.62,C,10+ years,RENT,99521.0,Verified,credit_card,20.48,0,7,0,53741,19.6,17,335,Jun-2013,559.09,339,Aug-1983,Fully Paid,20127.3,0.0,Dec-2017
31800, 60 months,15.3,B,1 year,MORTGAGE,72685.0,Not Verified,debt_consolidation,13.0,0,18,0,53589,33.9,35,405,Aug-2015,609.5,409,Apr-2008,Fully Paid,36570.0,0.0,Dec-2017
2951, 36 months,15.9,D,10+ years,RENT,24819.0,Verified,small_business,20.08,0,5,0,3692,4.1,17,360,Feb-2017,94.27,364,Feb-1990,Current,3393.6499999999996,0.0,Dec-2017
35417, 36 months,7.53,G,< 1 year,RENT,37917.0,Verified,car,14.08,0,13,0,8842,59.2,45,355,Oct-2016,1131.38,359,Dec-1986,Late (31-120 days),40729.549999999996,0.0,Dec-2017
1009, 36 months,27.77,C,5 years,MORTGAGE,59826.0,Verified,car,9.92,0,26,0,46775,2.5,38,415,Jan-2013,32.23,419,Oct-2005,Fully Paid,1160.35,0.0,Dec-2017
30404, 36 months,21.48,F,,OWN,39210.0,Source Verified,small_business,26.21,0,3,0,52187,6.9,9,410,Aug-2016,971.24,414,Jul-1996,Charged Off,12161.6,1520.2,Dec-2017
17520, 36 months,21.15,C,5 years,RENT,41893.0,Source Verified,credit_card,4.22,1,7,0,45763,46.7,34,400,Nov-2014,559.67,404,Mar-1987,Fully Paid,20148.0,0.0,Dec-2017
23347, 36 months,22.12,A,< 1 year,OWN,81394.0,Verified,car,30.17,0,19,0,31597,29.8,44,345,Oct-2015,745.81,349,Jul-1997,Fully Paid,26849.05,0.0,Dec-2017
16984, 60 months,9.64,A,< 1 year,RENT,22000.0,Source Verified,credit_card,31.04,0,19,2,32734,1.6,58,350,Oct-2012,325.53,354,Sep-1989,Fully Paid,19531.6,0.0,Dec-2017
25081, 60 months,20.78,A,5 years,MORTGAGE,63564.0,Verified,debt_consolidation,20.7,0,18,0,15901,43.7,40,350,Oct-2014,480.72,354,Jun-1992,Charged Off,10032.400000000001,1254.0500000000002,Dec-2017
24245, 36 months,10.11,B,5 years,RENT,69287.0,Not Verified,small_business,13.91,2,24,0,11019,47.9,59,400,Nov-2013,774.49,404,Aug-1991,Fully Paid,27881.749999999996,0.0,Dec-2017
3720, 36 months,13.05,G,10+ years,RENT,46198.0,Verified,small_business,22.97,1,17,0,17181,46.0,57,340,Jun-2013,118.83,344,Jul-1998,Fully Paid,4278.0,0.0,Dec-2017
14290, 36 months,19.37,E,1 year,RENT,46290.0,Not Verified,credit_card,11.81,0,28,0,35855,53.0,33,380,Mar-2014,456.49,384,May-1997,Fully Paid,16433.5,0.0,Dec-2017
31853, 60 months,20.94,E,10+ years,OWN,32983.0,Not Verified,debt_consolidation,27.45,2,6,1,8748,99.9,41,375,Jul-2012,610.52,379,May-1995,Fully Paid,36630.95,0.0,Dec-2017
34958, 36 months,13.68,D,5 years,MORTGAGE,92743.0,Verified,small_business,18.28,0,24,0,57051,88.7,48,365,Mar-2016,1116.71,369,Oct-1990,Fully Paid,40201.7,0.0,Dec-2017
38588, 36 months,7.07,G,5 years,MORTGAGE,64194.0,Source Verified,debt_consolidation,0.0,0,29,0,4260,48.0,7,340,Mar-2016,1232.67,344,Feb-2003,Fully Paid,44376.2,0.0,Dec-2017
24856, 36 months,25.97,A,10+ years,OWN,38850.0,Verified,small_business,15.96,0,3,0,43073,2.1,29,350,Nov-2013,794.01,354,Dec-1994,Fully Paid,28584.399999999998,0.0,Dec-2017
35338, 36 months,24.14,E,1 year,MORTGAGE,44233.0,Source Verified,credit_card,15.44,0,21,0,36468,41.6,42,355,Dec-2015,1128.85,359,Dec-1987,Fully Paid,40638.7,0.0,Dec-2017
29442, 36 months,16.43,B,1 year,OWN,53862.0,Verified,car,3.5,0,3,0,55280,20.8,52,345,Mar-2015,940.51,349,Sep-1995,Fully Paid,33858.299999999996,0.0,Dec-2017
38275, 36 months,26.61,F,,MORTGAGE,86944.0,Verified,debt_consolidation,29.74,0,4,0,14783,46.0,9,340,Aug-2015,1222.67,344,Sep-2006,Fully Paid,44016.25,0.0,Dec-2017
6865, 36 months,24.54,D,10+ years,OWN,29120.0,Verified,car,20.52,0,11,0,21101,12.9,19,385,Nov-2015,219.3,389,Oct-2007,Fully Paid,7894.749999999999,0.0,Dec-2017
23800, 36 months,8.81,E,< 1 year,MORTGAGE,99676.0,Not Verified,debt_consolidation,19.0,0,23,0,9097,49.7,47,355,Jan-2016,760.28,359,Jul-1997,Fully Paid,27369.999999999996,0.0,Dec-2017
10307, 60 months,6.09,A,,RENT,107219.0,Source Verified,small_business,17.56,1,27,1,16745,52.3,54,370,Sep-2016,197.55,374,Mar-2011,Current,11853.05,0.0,Dec-2017
31803, 36 months,16.99,A,5 years,MORTGAGE,72139.0,Source Verified,debt_consolidation,23.51,0,28,0,44817,87.7,28,335,Aug-2015,1015.93,339,Feb-2011,Fully Paid,36573.45,0.0,Dec-2017
16800, 36 months,9.78,D,5 years,OWN,94964.0,Not Verified,debt_consolidation,25.81,0,17,0,42700,16.9,44,345,Oct-2013,536.67,349,Feb-1989,Fully Paid,19320.0,0.0,Dec-2017
17305, 36 months,16.14,D,5 years,RENT,60996.0,Verified,credit_card,27.55,0,29,0,32789,98.1,45,370,Jun-2017,552.8,374,Oct-1987,Late (31-120 days),6922.0,865.25,Dec-2017
24838, 36 months,14.49,A,5 years,MORTGAGE,39182.0,Not Verified,debt_consolidation,21.32,0,6,1,35423,70.5,15,405,May-2012,793.44,409,Jan-1998,Fully Paid,28563.699999999997,0.0,Dec-2017
11583, 36 months,16.77,D,< 1 year,RENT,34430.0,Verified,credit_card,37.21,0,21,0,36781,78.6,14,335,Sep-2015,370.01,339,May-1986,Fully Paid,13320.449999999999,0.0,Dec-2017
7924, 60 months,21.15,B,10+ years,RENT,25404.0,Source Verified,small_business,37.61,0,10,0,48566,77.0,31,415,Jun-2013,151.88,419,Feb-1989,Fully Paid,9112.599999999999,0.0,Dec-2017
1144, 60 months,19.17,F,,OWN,91481.0,Not Verified,small_business,22.46,1,12,0,7494,49.6,23,360,Dec-2012,21.93,364,Nov-1991,Fully Paid,1315.6,0.0,Dec-2017
31477, 36 months,19.91,B,1 year,OWN,84578.0,Not Verified,debt_consolidation,13.14,1,21,0,57089,32.3,5,355,Apr-2015,1005.52,359,Jun-2004,Fully Paid,36198.549999999996,0.0,Dec-2017
28673, 36 months,10.89,D,10+ years,OWN,57687.0,Source Verified,credit_card,26.5,0,8,0,55256,68.3,11,345,Mar-2015,915.94,349,Jan-2008,Fully Paid,32973.95,0.0,Dec-2017
13726, 36 months,25.29,E,10+ years,RENT,36220.0,Verified,credit_card,36.16,0,16,0,19267,28.6,48,365,Apr-2017,438.47,369,Aug-1987,Fully Paid,15784.9,0.0,Dec-2017
14242, 60 months,8.3,C,10+ years,RENT,55046.0,Not Verified,credit_card,20.71,0,26,0,31128,36.7,42,330,Dec-2015,272.97,334,Dec-1990,Fully Paid,16378.3,0.0,Dec-2017
30274, 36 months,7.49,E,5 years,MORTGAGE,39830.0,Source Verified,small_business,8.64,0,27,0,25044,35.1,24,365,Dec-2015,967.09,369,Oct-1987,Fully Paid,34815.1,0.0,Dec-2017
31561, 36 months,25.79,E,1 year,RENT,32929.0,Not Verified,credit_card,22.83,0,18,0,32116,98.7,13,410,Feb-2015,1008.2,414,Dec-2008,Fully Paid,36295.149999999994,0.0,Dec-2017
26889, 36 months,7.5,F,5 years,RENT,58809.0,Verified,small_business,27.0,1,13,0,16968,15.5,48,360,Aug-2015,858.95,364,Sep-1986,Fully Paid,30922.35,0.0,Dec-2017
35220, 36 months,23.8,B,5 years,RENT,64574.0,Source Verified,car,21.64,0,19,0,26546,28.0,9,420,Jul-2015,1125.08,424,Jan-1989,Fully Paid,40503.0,0.0,Dec-2017
4497, 60 months,12.12,D,< 1 year,RENT,30248.0,Not Verified,small_business,11.72,1,6,0,53982,66.7,22,395,Mar-2012,86.19,399,Sep-1997,Fully Paid,5171.549999999999,0.0,Dec-2017
4528, 36 months,25.32,E,,RENT,128854.0,Not Verified,debt_consolidation,21.6,0,5,0,21984,18.5,15,350,Nov-2015,144.64,354,May-2012,Fully Paid,5207.2,0.0,Dec-2017
27267, 60 months,9.6,B,10+ years,MORTGAGE,126634.0,Source Verified,credit_card,20.72,1,3,0,32272,12.4,19,380,Dec-2014,522.62,384,Sep-1996,Fully Paid,31357.05,0.0,Dec-2017
9151, 60 months,20.92,F,10+ years,MORTGAGE,33173.0,Not Verified,small_business,35.09,0,25,0,2018,85.9,45,365,Mar-2017,175.39,369,Sep-1987,Fully Paid,10523.65,0.0,Dec-2017
32143, 36 months,26.87,F,10+ years,MORTGAGE,23841.0,Verified,car,24.94,0,25,0,15462,89.4,12,375,Dec-2013,1026.79,379,Aug-1985,Charged Off,12857.2,1607.15,Dec-2017
1103, 36 months,19.69,A,,OWN,19380.0,Source Verified,debt_consolidation,24.54,0,15,0,25920,54.5,7,370,Apr-2015,35.23,374,Apr-2007,Fully Paid,1268.4499999999998,0.0,Dec-2017
39881, 36 months,6.15,G,< 1 year,OWN,115806.0,Verified,debt_consolidation,21.74,2,5,0,10805,21.8,56,410,Jan-2014,1273.98,414,May-2005,Fully Paid,45863.149999999994,0.0,Dec-2017
11055, 36 months,15.52,G,1 year,RENT,45311.0,Source Verified,small_business,31.51,0,21,0,43359,58.9,38,405,Aug-2015,353.15,409,Feb-2001,Fully Paid,12713.249999999998,0.0,Dec-2017
14221, 36 months,14.27,G,,OWN,68098.0,Source Verified,car,12.34,0,22,0,13960,5.3,31,415,Oct-2017,454.28,419,Mar-2007,Current,16354.15,0.0,Dec-2017
15895, 36 months,24.16,D,5 years,MORTGAGE,83341.0,Source Verified,credit_card,33.72,0,9,0,35358,80.5,43,390,Nov-2013,507.76,394,Dec-1999,Charged Off,6358.0,794.75,Dec-2017
2398, 60 months,19.15,G,10+ years,OWN,30571.0,Source Verified,small_business,23.33,0,27,0,36186,51.5,7,345,Dec-2012,45.96,349,Nov-2003,Charged Off,959.2,119.9,Dec-2017
23238, 60 months,17.54,F,,RENT,74715.0,Not Verified,small_business,20.36,1,29,0,41214,44.9,50,350,Oct-2016,445.4,354,Apr-1989,Current,26723.699999999997,0.0,Dec-2017
14981, 36 months,15.74,E,< 1 year,MORTGAGE,90764.0,Source Verified,car,12.73,0,7,0,24528,43.8,40,405,Jul-2012,478.56,409,Sep-1997,Fully Paid,17228.149999999998,0.0,Dec-2017
32495, 36 months,11.14,E,10+ years,MORTGAGE,104989.0,Verified,credit_card,20.68,0,19,0,51932,67.1,18,365,Oct-2014,1038.03,369,Oct-2004,Fully Paid,37369.25,0.0,Dec-2017
23820, 36 months,13.19,B,1 year,OWN,71240.0,Not Verified,debt_consolidation,13.64,0,4,0,15828,53.0,20,395,Oct-2013,760.92,399,Feb-2010,Fully Paid,27392.999999999996,0.0,Dec-2017
27609, 60 months,20.97,G,5 years,OWN,137559.0,Not Verified,credit_card,10.09,2,13,0,43283,57.5,37,330,Nov-2013,529.17,334,Aug-2005,Fully Paid,31750.35,0.0,Dec-2017
22094, 60 months,16.71,G,5 years,MORTGAGE,81248.0,Source Verified,car,15.81,1,7,0,56015,61.1,38,390,Nov-2015,423.47,394,Mar-2009,Fully Paid,25408.1,0.0,Dec-2017
13324, 60 months,16.92,D,< 1 year,RENT,54141.0,Source Verified,car,4.9,1,20,0,28253,45.3,36,390,Mar-2014,255.38,394,Jul-1996,Fully Paid,15322.599999999999,0.0,Dec-2017
2219, 36 months,24.75,A,10+ years,OWN,62686.0,Verified,small_business,19.06,0,9,0,51633,52.6,17,360,Aug-2013,70.88,364,Feb-2008,Fully Paid,2551.85,0.0,Dec-2017
39487, 36 months,19.77,G,,OWN,64256.0,Not Verified,credit_card,23.74,0,22,1,51992,34.3,36,335,Jan-2014,1261.39,339,Mar-1992,Fully Paid,45410.049999999996,0.0,Dec-2017
2215, 36 months,23.73,B,5 years,OWN,56361.0,Not Verified,small_business,20.89,1,21,0,6059,90.9,32,355,Mar-2016,70.76,359,Nov-2004,Fully Paid,2547.25,0.0,Dec-2017
2160, 36 months,24.51,G,< 1 year,MORTGAGE,30764.0,Verified,credit_card,10.12,0,29,0,36430,79.9,15,395,Sep-2014,69.0,399,Oct-1986,Fully Paid,2484.0,0.0,Dec-2017
18133, 36 months,20.67,E,< 1 year,RENT,69472.0,Not Verified,car,23.84,0,2,0,10771,55.6,21,330,Mar-2016,579.25,334,Aug-1996,Fully Paid,20852.949999999997,0.0,Dec-2017
5843, 60 months,13.53,G,1 year,OWN,23706.0,Verified,small_business,29.15,0,15,0,17491,46.9,26,340,Dec-2017,111.99,344,Feb-1998,Fully Paid,6719.45,0.0,Dec-2017
35232, 36 months,27.41,F,,MORTGAGE,75715.0,Not Verified,car,28.08,0,28,0,36081,84.9,45,360,Aug-2014,1125.47,364,Jun-2001,Fully Paid,40516.799999999996,0.0,Dec-2017
2459, 60 months,26.19,E,< 1 year,OWN,38521.0,Verified,debt_consolidation,11.47,1,18,0,41371,10.5,31,335,Aug-2015,47.13,339,Oct-1996,Fully Paid,2827.85,0.0,Dec-2017
3784, 36 months,20.78,A,5 years,MORTGAGE,47068.0,Verified,debt_consolidation,21.43,0,24,1,42952,31.6,49,405,Jan-2017,120.88,409,Oct-2006,Fully Paid,4351.599999999999,0.0,Dec-2017
29713, 36 months,27.35,D,10+ years,OWN,33483.0,Not Verified,small_business,26.69,0,8,0,47115,83.9,48,355,Apr-2014,949.17,359,Apr-2009,Fully Paid,34169.95,0.0,Dec-2017
33353, 36 months,27.27,E,5 years,RENT,77274.0,Source Verified,debt_consolidation,9.76,0,29,0,18962,79.0,10,355,Dec-2013,1065.44,359,Oct-1985,Fully Paid,38355.95,0.0,Dec-2017
17302, 36 months,7.1,G,5 years,MORTGAGE,42467.0,Source Verified,credit_card,19.62,0,14,0,42635,9.8,51,400,Sep-2014,552.7,404,Aug-1992,Fully Paid,19897.3,0.0,Dec-2017
21909, 36 months,25.81,A,10+ years,MORTGAGE,59245.0,Not Verified,car,13.74,0,16,0,33402,47.6,11,375,Sep-2015,699.87,379,Apr-1991,Fully Paid,25195.35,0.0,Dec-2017
18278, 36 months,14.85,D,1 year,MORTGAGE,47215.0,Verified,small_business,25.05,0,9,0,21635,14.0,24,330,Jul-2015,583.88,334,Jan-1996,Fully Paid,21019.699999999997,0.0,Dec-2017
35426, 36 months,26.76,F,10+ years,OWN,13833.0,Not Verified,debt_consolidation,19.39,1,25,0,36618,81.7,38,375,Mar-2015,1131.66,379,Dec-2008,Charged Off,14170.400000000001,1771.3000000000002,Dec-2017
32863, 36 months,9.98,G,10+ years,RENT,75144.0,Source Verified,car,31.66,0,28,1,46022,54.6,56,370,Feb-2013,1049.79,374,Feb-1987,Fully Paid,37792.45,0.0,Dec-2017
14899, 36 months,10.09,E,10+ years,RENT,63955.0,Source Verified,debt_consolidation,12.85,0,27,0,59674,19.6,58,355,Jun-2012,475.94,359,Aug-2006,Fully Paid,17133.85,0.0,Dec-2017
27286, 36 months,18.12,D,< 1 year,RENT,32764.0,Not Verified,small_business,23.73,1,3,0,6528,32.4,23,400,Dec-2014,871.64,404,Jan-2002,Fully Paid,31378.899999999998,0.0,Dec-2017
32824, 60 months,15.37,C,5 years,RENT,49928.0,Not Verified,small_business,22.72,0,11,0,36103,67.4,59,365,Jan-2014,629.13,369,Jul-2009,Fully Paid,37747.6,0.0,Dec-2017
24190, 36 months,23.21,A,5 years,OWN,47732.0,Verified,credit_card,18.51,0,6,0,35141,2.1,26,335,Mar-2012,772.74,339,Nov-1985,Fully Paid,27818.499999999996,0.0,Dec-2017
22718, 36 months,6.59,D,,RENT,66788.0,Source Verified,debt_consolidation,0.47,0,20,0,22130,2.5,47,330,May-2015,725.71,334,Jun-1992,Fully Paid,26125.699999999997,0.0,Dec-2017
23519, 60 months,14.92,D,< 1 year,MORTGAGE,181018.0,Verified,debt_consolidation,20.46,1,10,0,47579,65.5,24,335,Dec-2012,450.78,339,Aug-1991,Fully Paid,27046.85,0.0,Dec-2017
7103, 60 months,24.96,C,1 year,MORTGAGE,99401.0,Source Verified,small_business,27.15,0,21,0,10338,55.7,13,390,Nov-2017,136.14,394,May-1998,Fully Paid,8168.45,0.0,Dec-2017
13427, 36 months,7.03,D,< 1 year,MORTGAGE,29591.0,Source Verified,credit_card,26.9,0,28,0,10270,91.2,36,330,Aug-2016,428.92,334,Apr-1987,Fully Paid,15441.05,0.0,Dec-2017
8842, 60 months,6.35,F,5 years,RENT,40916.0,Source Verified,car,9.71,0,9,0,13212,39.0,46,405,Sep-2016,169.47,409,Feb-1988,Fully Paid,10168.3,0.0,Dec-2017
28689, 36 months,26.85,A,10+ years,MORTGAGE,26030.0,Verified,debt_consolidation,6.71,0,21,0,7932,31.9,26,345,Apr-2016,916.45,349,Nov-1998,Fully Paid,32992.35,0.0,Dec-2017
38844, 60 months,16.55,C,1 year,RENT,16458.0,Not Verified,car,17.43,0,6,0,10664,1.3,23,385,Nov-2014,744.51,389,Jan-1987,Fully Paid,44670.6,0.0,Dec-2017
14220, 36 months,26.6,E,< 1 year,RENT,85222.0,Source Verified,debt_consolidation,10.19,0,19,0,16417,35.5,11,370,Nov-2013,454.25,374,Jan-1995,Fully Paid,16352.999999999998,0.0,Dec-2017
12868, 36 months,17.09,F,1 year,MORTGAGE,56653.0,Source Verified,debt_consolidation,10.22,1,20,0,7282,9.0,13,395,Mar-2013,411.06,399,Jan-1990,Fully Paid,14798.199999999999,0.0,Dec-2017
13896, 60 months,18.04,G,10+ years,OWN,156547.0,Source Verified,debt_consolidation,13.22,0,7,0,18363,69.5,53,395,Aug-2013,266.34,399,Jul-1999,Fully Paid,15980.4,0.0,Dec-2017
2692, 36 months,23.42,D,,OWN,115945.0,Verified,car,22.23,0,3,1,13725,63.8,15,405,Aug-2013,85.99,409,Mar-2001,Fully Paid,3095.7999999999997,0.0,Dec-2017
1548, 36 months,14.47,E,,RENT,91828.0,Not Verified,debt_consolidation,9.36,0,28,0,2114,69.5,56,350,Mar-2016,49.45,354,Mar-1989,Fully Paid,1780.1999999999998,0.0,Dec-2017
18201, 36 months,16.0,C,10+ years,MORTGAGE,93862.0,Not Verified,debt_consolidation,16.04,0,13,0,2092,24.2,17,340,Apr-2012,581.42,344,Jan-1987,Fully Paid,20931.149999999998,0.0,Dec-2017
20160, 36 months,11.49,A,10+ years,MORTGAGE,126863.0,Verified,small_business,24.35,1,14,0,18939,81.3,56,360,Dec-2017,644.0,364,May-1991,Late (31-120 days),23184.0,0.0,Dec-2017
23729, 36 months,23.27,G,10+ years,RENT,30892.0,Verified,credit_card,20.26,0,10,0,24478,52.1,46,410,Jun-2015,758.01,414,Jan-2012,Fully Paid,27288.35,0.0,Dec-2017
35307, 36 months,20.71,F,10+ years,MORTGAGE,90188.0,Not Verified,debt_consolidation,40.63,0,10,0,590,91.7,6,400,Mar-2014,1127.86,404,Jan-1994,Fully Paid,40603.049999999996,0.0,Dec-2017
27955, 36 months,12.74,D,10+ years,OWN,49379.0,Not Verified,credit_card,13.76,0,10,0,59598,93.7,16,385,Jul-2014,893.01,389,Apr-2003,Fully Paid,32148.249999999996,0.0,Dec-2017
30025, 36 months,10.53,E,,MORTGAGE,17480.0,Source Verified,debt_consolidation,22.93,0,2,0,44919,49.1,26,370,Aug-2015,959.13,374,Dec-1990,Fully Paid,34528.75,0.0,Dec-2017
1022, 36 months,24.89,E,10+ years,OWN,64144.0,Not Verified,debt_consolidation,25.71,0,25,0,46837,73.2,42,345,Dec-2015,32.65,349,Nov-2003,Charged Off,408.8,51.1,Dec-2017
35740, 36 months,18.41,E,1 year,MORTGAGE,63468.0,Not Verified,credit_card,13.3,0,7,0,39458,65.1,21,410,Sep-2016,1141.69,414,Apr-2008,Fully Paid,41101.0,0.0,Dec-2017
8384, 36 months,11.76,D,5 years,OWN,48900.0,Verified,small_business,17.71,0,12,0,39432,23.2,19,330,Mar-2015,267.82,334,Nov-1988,Fully Paid,9641.599999999999,0.0,Dec-2017
38360, 36 months,13.5,D,< 1 year,MORTGAGE,99954.0,Verified,car,0.7,0,9,0,19797,28.7,5,330,Jan-2012,1225.39,334,Dec-1996,Fully Paid,44114.0,0.0,Dec-2017
1232, 36 months,7.92,F,,MORTGAGE,90629.0,Source Verified,credit_card,28.02,1,9,0,48831,53.8,34,375,Jul-2014,39.36,379,Nov-1985,Fully Paid,1416.8,0.0,Dec-2017
25776, 36 months,21.03,G,1 year,OWN,78853.0,Source Verified,debt_consolidation,14.11,0,10,0,45696,94.7,38,420,Sep-2016,823.4,424,Apr-1987,In Grace Period,29642.399999999998,0.0,Dec-2017
9149, 36 months,20.47,F,5 years,RENT,30707.0,Verified,credit_card,21.51,0,14,0,34288,94.5,21,355,Feb-2014,292.26,359,Jan-2008,Fully Paid,10521.349999999999,0.0,Dec-2017
27502, 36 months,14.96,B,10+ years,OWN,141398.0,Source Verified,debt_consolidation,17.59,0,5,0,26838,53.3,6,375,Oct-2013,878.54,379,Jun-2008,Fully Paid,31627.3,0.0,Dec-2017
25883, 60 months,17.61,A,5 years,OWN,56357.0,Source Verified,small_business,27.45,1,25,0,58616,77.0,30,355,Mar-2012,496.09,359,May-2008,Charged Off,10353.2,1294.15,Dec-2017
30278, 36 months,24.66,F,10+ years,OWN,7305.0,Source Verified,car,22.3,0,24,0,2886,53.7,52,420,Jan-2013,967.21,424,Feb-1995,Charged Off,12111.2,1513.9,Dec-2017
12912, 60 months,12.14,B,< 1 year,RENT,24578.0,Verified,credit_card,30.56,0,19,0,24615,46.6,5,375,Nov-2017,247.48,379,Feb-2013,In Grace Period,14848.8,0.0,Dec-2017
29195, 36 months,13.89,F,10+ years,OWN,77808.0,Not Verified,credit_card,18.03,0,11,0,13695,91.3,27,405,Oct-2016,932.62,409,Aug-1992,In Grace Period,11678.0,1459.75,Dec-2017
8582, 60 months,6.87,C,,RENT,95968.0,Source Verified,credit_card,26.74,0,25,0,24981,51.6,55,375,Jun-2012,164.49,379,Feb-2000,Fully Paid,9869.3,0.0,Dec-2017
17855, 36 months,21.92,E,,RENT,68592.0,Source Verified,car,23.06,0,23,0,40933,2.4,25,365,Oct-2017,570.37,369,Nov-2010,Fully Paid,20533.25,0.0,Dec-2017
30739, 36 months,15.66,E,,OWN,56972.0,Verified,credit_card,7.74,0,13,0,1753,26.9,54,395,Feb-2012,981.94,399,Apr-2005,Fully Paid,35349.85,0.0,Dec-2017
18469, 36 months,21.41,D,5 years,MORTGAGE,123017.0,Verified,credit_card,23.05,1,17,0,59832,49.1,11,370,May-2015,589.98,374,Jul-1998,Fully Paid,21239.35,0.0,Dec-2017
21801, 36 months,11.69,F,10+ years,RENT,73229.0,Verified,car,1.28,0,14,0,53163,64.8,19,420,Apr-2013,696.42,424,Feb-1999,Fully Paid,25071.149999999998,0.0,Dec-2017
24657, 36 months,25.02,A,10+ years,RENT,42899.0,Not Verified,credit_card,19.48,2,8,0,31390,63.7,49,395,Aug-2015,787.65,399,Jan-2006,Fully Paid,28355.55,0.0,Dec-2017
25872, 60 months,14.81,G,< 1 year,MORTGAGE,174435.0,Source Verified,car,19.43,0,28,0,3536,80.6,44,420,Oct-2012,495.88,424,Jan-2001,Fully Paid,29752.8,0.0,Dec-2017
1423, 36 months,25.92,E,1 year,OWN,132382.0,Verified,car,5.71,0,6,0,5414,59.5,7,345,Nov-2013,45.46,349,Feb-1999,Fully Paid,1636.4499999999998,0.0,Dec-2017
32335, 60 months,15.92,F,,OWN,77374.0,Verified,debt_consolidation,21.66,0,24,0,2796,47.7,24,390,Oct-2016,619.75,394,Mar-1995,Current,37185.25,0.0,Dec-2017
34499, 36 months,13.72,G,10+ years,OWN,70760.0,Not Verified,car,14.8,1,14,0,63,17.7,37,390,Oct-2017,1102.05,394,Sep-2009,Late (31-120 days),39673.85,0.0,Dec-2017
10267, 36 months,18.79,G,5 years,MORTGAGE,61057.0,Not Verified,debt_consolidation,16.19,1,8,0,40692,22.9,40,330,Nov-2012,327.97,334,Jul-2003,Fully Paid,11807.05,0.0,Dec-2017
29924, 36 months,19.73,D,< 1 year,MORTGAGE,82651.0,Verified,car,10.06,1,8,0,2175,37.2,29,405,Jun-2017,955.91,409,Oct-1992,Fully Paid,34412.6,0.0,Dec-2017
3301, 36 months,9.01,E,5 years,RENT,39316.0,Not Verified,credit_card,34.3,0,14,0,22238,22.2,12,390,Jan-2014,105.45,394,Feb-1993,Fully Paid,3796.1499999999996,0.0,Dec-2017
14501, 60 months,22.66,D,< 1 year,RENT,11994.0,Source Verified,small_business,9.54,0,18,0,33097,86.3,10,345,Apr-2012,277.94,349,Dec-2009,Fully Paid,16676.149999999998,0.0,Dec-2017
26877, 36 months,10.1,F,5 years,RENT,79469.0,Source Verified,debt_consolidation,14.38,0,28,0,2257,96.6,29,350,Jan-2012,858.57,354,Nov-2002,Fully Paid,30908.55,0.0,Dec-2017
20874, 36 months,24.59,E,10+ years,RENT,58479.0,Source Verified,car,25.06,0,23,0,52731,41.0,21,340,Dec-2015,666.81,344,Dec-1987,Fully Paid,24005.1,0.0,Dec-2017
32040, 36 months,7.67,E,1 year,RENT,63469.0,Source Verified,small_business,13.84,0,8,0,38104,9.1,11,345,Aug-2017,1023.5,349,Oct-2005,Current,36846.0,0.0,Dec-2017
14667, 60 months,7.93,C,10+ years,RENT,88208.0,Verified,small_business,34.67,1,22,0,17737,57.8,47,395,Feb-2014,281.12,399,Jul-1984,Fully Paid,16867.05,0.0,Dec-2017
21190, 36 months,9.68,F,< 1 year,RENT,46096.0,Verified,small_business,17.77,1,16,0,6278,87.8,7,390,Dec-2013,676.9,394,Apr-1988,Fully Paid,24368.499999999996,0.0,Dec-2017
27936, 60 months,24.04,F,5 years,MORTGAGE,59210.0,Verified,credit_card,5.06,0,6,0,55218,94.0,22,360,May-2012,535.44,364,Nov-1996,Fully Paid,32126.399999999998,0.0,Dec-2017
32542, 36 months,25.35,C,,OWN,92229.0,Not Verified,car,25.59,0,22,0,30201,6.5,32,360,Jan-2017,1039.54,364,Jun-1999,Late (31-120 days),37423.299999999996,0.0,Dec-2017
31229, 60 months,9.93,D,1 year,MORTGAGE,30794.0,Source Verified,credit_card,23.18,0,20,0,57261,53.6,18,395,Oct-2014,598.56,399,Dec-1991,Charged Off,12491.6,1561.45,Dec-2017
15091, 60 months,13.91,D,< 1 year,OWN,15985.0,Not Verified,credit_card,12.63,3,5,0,8226,9.1,41,385,Oct-2017,289.24,389,Jan-1994,Late (31-120 days),6036.400000000001,754.5500000000001,Dec-2017
9792, 36 months,20.94,G,1 year,MORTGAGE,43475.0,Not Verified,small_business,11.36,0,18,0,58213,17.9,47,390,Dec-2016,312.8,394,May-1993,In Grace Period,11260.8,0.0,Dec-2017
28891, 36 months,15.89,F,< 1 year,RENT,40650.0,Verified,credit_card,22.25,1,6,0,29873,36.5,26,410,May-2016,922.91,414,Dec-1994,Fully Paid,33224.649999999994,0.0,Dec-2017
4254, 36 months,25.04,A,< 1 year,MORTGAGE,24365.0,Not Verified,small_business,34.71,0,10,0,26004,90.4,4,365,Apr-2016,135.89,369,Jan-2008,Fully Paid,4892.099999999999,0.0,Dec-2017
21550, 36 months,11.71,D,1 year,OWN,36036.0,Source Verified,debt_consolidation,14.87,0,14,0,32323,17.2,49,345,Jul-2013,688.4,349,Aug-2009,Fully Paid,24782.499999999996,0.0,Dec-2017
16301, 60 months,19.66,D,1 year,MORTGAGE,64926.0,Source Verified,debt_consolidation,16.6,0,23,0,542,23.4,37,405,Mar-2017,312.44,409,Nov-1987,Current,18746.149999999998,0.0,Dec-2017
13770, 36 months,22.54,G,,OWN,35231.0,Not Verified,credit_card,17.46,0,25,0,29031,17.2,13,345,Dec-2014,439.87,349,Oct-2012,Fully Paid,15835.499999999998,0.0,Dec-2017
9483, 60 months,19.33,B,5 years,MORTGAGE,31550.0,Verified,credit_card,19.83,0,3,0,24002,51.8,32,405,May-2013,181.76,409,May-2009,Fully Paid,10905.449999999999,0.0,Dec-2017
27148, 36 months,26.16,E,5 years,MORTGAGE,92678.0,Verified,small_business,7.83,1,21,0,2790,51.8,44,355,Sep-2016,867.23,359,Sep-1993,Late (31-120 days),31220.199999999997,0.0,Dec-2017
17198, 36 months,8.43,F,1 year,RENT,135595.0,Verified,small_business,13.37,0,22,1,45275,32.2,4,420,Jan-2012,549.38,424,Jul-1982,Fully Paid,19777.699999999997,0.0,Dec-2017
5783, 36 months,22.57,E,10+ years,RENT,102886.0,Verified,debt_consolidation,28.18,0,14,0,427,45.2,50,405,Mar-2016,184.73,409,Aug-2009,Fully Paid,6650.45,0.0,Dec-2017
24488, 60 months,22.02,G,< 1 year,OWN,27334.0,Not Verified,car,37.36,0,7,0,39982,69.2,52,350,Dec-2017,469.35,354,Dec-1997,Late (31-120 days),28161.199999999997,0.0,Dec-2017
20378, 36 months,11.29,B,5 years,RENT,109822.0,Verified,debt_consolidation,23.26,0,21,0,5513,61.1,53,375,Dec-2016,650.96,379,Mar-1987,Late (31-120 days),23434.699999999997,0.0,Dec-2017
7456, 60 months,24.57,F,< 1 year,RENT,30595.0,Verified,small_business,2.15,1,10,0,5123,23.2,56,345,May-2016,142.91,349,Jun-2004,Fully Paid,8574.4,0.0,Dec-2017
28041, 36 months,24.87,C,10+ years,MORTGAGE,66291.0,Source Verified,credit_card,21.57,0,24,0,1246,1.6,35,350,Apr-2015,895.75,354,Jun-1992,Fully Paid,32247.149999999998,0.0,Dec-2017
10791, 60 months,26.64,B,< 1 year,OWN,36587.0,Verified,debt_consolidation,14.36,0,5,1,18589,50.6,40,400,Dec-2012,206.83,404,Jul-1997,Fully Paid,12409.65,0.0,Dec-2017
28940, 36 months,27.45,E,5 years,OWN,122948.0,Verified,small_business,23.94,0,27,1,37091,5.4,9,345,Dec-2015,924.47,349,May-1987,Fully Paid,33281.0,0.0,Dec-2017
7836, 36 months,7.62,B,< 1 year,RENT,306085.0,Source Verified,credit_card,13.35,2,20,0,57164,18.9,45,390,Jan-2014,250.32,394,Aug-2004,Fully Paid,9011.4,0.0,Dec-2017
5693, 36 months,27.76,F,< 1 year,RENT,49594.0,Source Verified,car,30.83,0,9,0,33163,47.6,34,335,Mar-2014,181.86,339,Dec-1994,Fully Paid,6546.95,0.0,Dec-2017
3162, 36 months,11.17,C,< 1 year,OWN,81281.0,Not Verified,credit_card,8.18,0,11,0,51164,98.2,41,360,Nov-2017,101.01,364,Sep-2014,Current,3636.2999999999997,0.0,Dec-2017
29992, 36 months,20.28,B,1 year,RENT,34851.0,Verified,small_business,13.41,0,8,0,22275,80.9,46,410,Feb-2013,958.08,414,Oct-1985,Fully Paid,34490.799999999996,0.0,Dec-2017
6446, 60 months,18.58,D,< 1 year,OWN,41536.0,Not Verified,car,17.71,0,3,0,39674,95.4,31,345,Sep-2017,123.55,349,Apr-1995,Fully Paid,7412.9,0.0,Dec-2017
5237, 36 months,6.24,B,10+ years,RENT,22587.0,Source Verified,car,40.7,0,10,0,18539,47.4,49,345,Mar-2016,167.29,349,Jul-1995,Fully Paid,6022.549999999999,0.0,Dec-2017
24192, 36 months,21.49,B,,MORTGAGE,67218.0,Not Verified,credit_card,13.85,0,3,0,1955,39.3,49,410,May-2015,772.8,414,Jan-2002,Fully Paid,27820.8,0.0,Dec-2017
32098, 36 months,15.55,F,< 1 year,RENT,108133.0,Verified,debt_consolidation,21.36,0,5,0,9012,63.1,56,390,Jan-2012,1025.35,394,Oct-1991,Fully Paid,36912.7,0.0,Dec-2017
20159, 60 months,8.98,D,< 1 year,OWN,80423.0,Verified,car,17.07,1,6,0,18004,68.8,20,360,Jan-2017,386.38,364,Oct-2010,Late (31-120 days),23182.85,0.0,Dec-2017
26768, 60 months,6.37,F,< 1 year,RENT,113455.0,Not Verified,debt_consolidation,33.58,1,10,0,20385,77.5,26,375,Sep-2016,513.05,379,Feb-1998,In Grace Period,30783.199999999997,0.0,Dec-2017
20401, 60 months,24.43,A,5 years,RENT,80311.0,Verified,debt_consolidation,15.96,0,3,0,29851,24.8,19,410,Apr-2012,391.02,414,Nov-1987,Fully Paid,23461.149999999998,0.0,Dec-2017
10311, 60 months,14.45,D,,MORTGAGE,37796.0,Verified,car,36.02,1,13,0,36353,69.3,45,335,Jan-2012,197.63,339,Feb-2001,Fully Paid,11857.65,0.0,Dec-2017
36014, 60 months,8.1,G,< 1 year,MORTGAGE,35276.0,Not Verified,debt_consolidation,6.0,0,3,0,17759,6.2,36,380,Jul-2013,690.27,384,Feb-2006,Fully Paid,41416.1,0.0,Dec-2017
23212, 36 months,27.05,F,10+ years,OWN,35153.0,Not Verified,credit_card,18.86,0,14,0,16013,38.6,33,355,Sep-2015,741.49,359,Apr-1997,Fully Paid,26693.8,0.0,Dec-2017
2609, 60 months,25.72,A,1 year,MORTGAGE,42126.0,Source Verified,debt_consolidation,19.41,0,11,0,50387,38.0,18,380,Jan-2014,50.01,384,Aug-1987,Fully Paid,3000.35,0.0,Dec-2017
36868, 36 months,18.76,A,5 years,MORTGAGE,29833.0,Source Verified,small_business,20.74,0,19,0,5006,39.8,47,410,Jul-2015,1177.73,414,Jan-1986,Fully Paid,42398.2,0.0,Dec-2017
11490, 36 months,24.42,G,,OWN,61773.0,Source Verified,small_business,23.91,1,27,0,54585,74.2,36,400,Nov-2015,367.04,404,Jan-1995,Fully Paid,13213.499999999998,0.0,Dec-2017
2949, 60 months,8.4,F,1 year,RENT,70058.0,Source Verified,car,8.35,0,27,0,31002,14.4,4,400,Aug-2012,56.52,404,Dec-1995,Fully Paid,3391.35,0.0,Dec-2017
12914, 36 months,20.16,E,5 years,MORTGAGE,110428.0,Verified,small_business,0.0,0,29,1,36113,67.5,13,350,May-2017,412.53,354,Oct-1997,Current,14851.099999999999,0.0,Dec-2017
28773, 36 months,25.32,C,5 years,MORTGAGE,16719.0,Verified,car,12.08,0,5,0,54835,19.2,20,355,Jul-2015,919.14,359,Sep-1998,Fully Paid,33088.95,0.0,Dec-2017
16925, 60 months,25.6,G,5 years,OWN,22783.0,Source Verified,debt_consolidation,19.37,0,12,0,26641,31.7,23,390,Oct-2012,324.4,394,Jun-2009,Fully Paid,19463.75,0.0,Dec-2017
27419, 36 months,23.52,E,1 year,MORTGAGE,40733.0,Not Verified,debt_consolidation,18.5,0,26,0,23582,63.9,12,350,Jul-2016,875.88,354,Dec-2005,In Grace Period,31531.85,0.0,Dec-2017
5673, 36 months,9.76,F,< 1 year,RENT,110476.0,Verified,credit_card,10.61,0,11,0,55593,56.0,43,410,Oct-2014,181.22,414,Feb-1993,Fully Paid,6523.95,0.0,Dec-2017
25349, 36 months,6.24,A,1 year,MORTGAGE,41582.0,Source Verified,small_business,5.44,1,4,0,36793,55.7,8,345,Mar-2015,809.76,349,Sep-2009,Fully Paid,29151.35,0.0,Dec-2017
36448, 36 months,10.46,G,,OWN,26978.0,Verified,debt_consolidation,17.78,0,13,0,41185,28.7,54,390,Aug-2017,1164.31,394,Aug-2001,Fully Paid,41915.2,0.0,Dec-2017
25540, 36 months,15.82,C,< 1 year,RENT,109208.0,Not Verified,debt_consolidation,18.61,1,9,0,59849,87.5,25,400,Jan-2016,815.86,404,Apr-1995,Fully Paid,29370.999999999996,0.0,Dec-2017
7685, 36 months,14.85,C,1 year,OWN,93854.0,Source Verified,credit_card,21.53,1,25,0,40400,4.8,53,335,Jan-2016,245.49,339,Dec-2006,Fully Paid,8837.75,0.0,Dec-2017
13343, 60 months,6.19,D,5 years,RENT,138672.0,Source Verified,small_business,18.49,0,22,1,4945,29.9,57,405,Mar-2016,255.74,409,Jul-1993,Fully Paid,15344.449999999999,0.0,Dec-2017
33567, 36 months,19.93,F,1 year,OWN,130113.0,Verified,car,12.44,0,2,0,25986,27.1,13,335,Aug-2016,1072.28,339,Feb-2002,Fully Paid,38602.049999999996,0.0,Dec-2017
1871, 60 months,23.78,E,1 year,RENT,68157.0,Not Verified,credit_card,20.62,0,21,0,59921,91.1,37,335,Mar-2013,35.86,339,Jul-2004,Fully Paid,2151.6499999999996,0.0,Dec-2017
12296, 36 months,20.65,B,5 years,RENT,116929.0,Not Verified,car,6.54,0,15,0,34216,24.5,11,375,Nov-2017,392.79,379,Nov-1999,In Grace Period,14140.4,0.0,Dec-2017
16023, 36 months,16.79,G,,OWN,107618.0,Source Verified,credit_card,0.0,1,19,0,37818,39.8,44,390,Jul-2017,511.85,394,Feb-1999,In Grace Period,18426.449999999997,0.0,Dec-2017
1406, 36 months,17.44,D,,MORTGAGE,78359.0,Not Verified,small_business,22.18,2,17,0,26059,48.8,36,400,Apr-2016,44.91,404,May-2006,Fully Paid,1616.8999999999999,0.0,Dec-2017
34552, 36 months,20.03,B,10+ years,MORTGAGE,61973.0,Source Verified,credit_card,10.39,1,24,0,29870,16.3,59,405,Dec-2013,1103.74,409,Jul-1991,Fully Paid,39734.799999999996,0.0,Dec-2017
13193, 60 months,13.66,G,10+ years,MORTGAGE,82388.0,Source Verified,debt_consolidation,9.25,0,28,0,43562,57.7,27,345,Mar-2012,252.87,349,Oct-2001,Fully Paid,15171.949999999999,0.0,Dec-2017
21347, 60 months,16.92,D,10+ years,OWN,130063.0,Verified,credit_card,10.23,1,3,0,16798,32.7,47,390,Jul-2015,409.15,394,Dec-2000,Fully Paid,24549.05,0.0,Dec-2017
7453, 60 months,11.37,C,< 1 year,OWN,38215.0,Verified,car,23.66,0,3,1,49709,61.6,58,410,Nov-2016,142.85,414,Jun-1993,Fully Paid,8570.949999999999,0.0,Dec-2017
11650, 36 months,6.94,B,5 years,OWN,118137.0,Verified,small_business,28.05,0,28,0,52008,43.7,4,365,Aug-2012,372.15,369,Nov-1991,Fully Paid,13397.499999999998,0.0,Dec-2017
23572, 36 months,23.02,G,,MORTGAGE,25205.0,Source Verified,credit_card,17.49,0,14,0,51260,69.4,12,415,Jul-2016,752.99,419,Aug-2012,Current,27107.8,0.0,Dec-2017
10007, 60 months,23.56,D,10+ years,OWN,44967.0,Verified,small_business,33.51,0,12,0,51721,37.3,56,370,Dec-2017,191.8,374,Feb-1993,Late (31-120 days),11508.05,0.0,Dec-2017
37765, 36 months,23.7,A,1 year,OWN,108602.0,Source Verified,small_business,22.14,2,29,0,58901,70.7,38,345,Dec-2012,1206.38,349,Apr-1992,Fully Paid,43429.75,0.0,Dec-2017
21393, 36 months,16.6,D,1 year,OWN,50458.0,Source Verified,credit_card,10.79,0,21,0,37712,30.8,16,355,Dec-2015,683.39,359,May-2013,Fully Paid,24601.949999999997,0.0,Dec-2017
21863, 36 months,26.11,A,5 years,MORTGAGE,60945.0,Source Verified,debt_consolidation,14.57,1,28,0,35509,35.5,54,375,Jan-2015,698.4,379,Mar-1997,Fully Paid,25142.449999999997,0.0,Dec-2017
32742, 36 months,7.13,B,5 years,OWN,30859.0,Verified,credit_card,16.51,0,10,0,26935,40.1,36,390,Oct-2014,1045.92,394,Aug-2009,Fully Paid,37653.299999999996,0.0,Dec-2017
19097, 60 months,21.69,C,< 1 year,RENT,18490.0,Source Verified,car,24.57,0,11,0,8873,73.3,14,340,Aug-2017,366.03,344,Jul-1990,Late (31-120 days),21961.55,0.0,Dec-2017
2660, 36 months,18.32,F,10+ years,RENT,74049.0,Verified,credit_card,26.13,0,2,0,51387,78.5,39,355,May-2015,84.97,359,Dec-2000,Fully Paid,3058.9999999999995,0.0,Dec-2017
28177, 60 months,20.62,E,10+ years,MORTGAGE,83928.0,Not Verified,small_business,12.92,2,16,0,12279,20.9,54,395,Jun-2012,540.06,399,Jan-1993,Fully Paid,32403.55,0.0,Dec-2017
4321, 36 months,18.44,B,,MORTGAGE,31442.0,Source Verified,small_business,33.51,0,3,0,30396,98.1,9,375,Feb-2012,138.03,379,Jul-1995,Fully Paid,4969.15,0.0,Dec-2017
10286, 36 months,19.18,D,1 year,RENT,160043.0,Verified,credit_card,12.06,0,5,0,38610,49.7,9,340,Sep-2013,328.58,344,Apr-1989,Fully Paid,11828.9,0.0,Dec-2017
19760, 60 months,27.2,G,< 1 year,RENT,94995.0,Source Verified,credit_card,20.78,1,23,0,23725,21.9,17,355,Jun-2013,378.73,359,Sep-2010,Charged Off,7904.0,988.0,Dec-2017
7708, 60 months,6.08,F,5 years,RENT,59371.0,Source Verified,small_business,31.49,0,13,0,59099,3.7,26,370,Oct-2016,147.74,374,May-2011,Current,8864.199999999999,0.0,Dec-2017
31173, 60 months,15.76,A,1 year,MORTGAGE,61470.0,Source Verified,small_business,12.06,0,18,1,9149,10.2,39,340,Nov-2017,597.48,344,Jan-2000,Fully Paid,35848.95,0.0,Dec-2017
23724, 36 months,20.32,G,1 year,MORTGAGE,33557.0,Verified,credit_card,22.89,0,14,1,51659,66.5,20,370,Oct-2014,757.85,374,Nov-1987,Fully Paid,27282.6,0.0,Dec-2017
27134, 36 months,19.17,C,< 1 year,MORTGAGE,26991.0,Source Verified,car,2.78,0,9,0,10145,96.6,13,385,Jun-2012,866.78,389,Jun-1995,Charged Off,10853.6,1356.7,Dec-2017
17833, 36 months,20.94,F,1 year,MORTGAGE,110354.0,Verified,debt_consolidation,18.12,0,25,0,41658,61.8,52,350,Jun-2016,569.67,354,Dec-1999,Fully Paid,20507.949999999997,0.0,Dec-2017
26071, 36 months,23.74,A,1 year,RENT,31760.0,Verified,car,17.63,0,12,0,55002,49.3,14,375,Nov-2012,832.82,379,Aug-1988,Fully Paid,29981.649999999998,0.0,Dec-2017
1058, 36 months,20.89,D,1 year,MORTGAGE,131326.0,Source Verified,debt_consolidation,29.05,0,4,0,22405,48.2,53,385,Oct-2016,33.8,389,Oct-1996,Late (31-120 days),1216.6999999999998,0.0,Dec-2017
32147, 36 months,25.25,C,1 year,OWN,217358.0,Not Verified,car,15.68,1,8,0,10784,72.2,5,345,Jun-2015,1026.92,349,Sep-2005,Fully Paid,36969.049999999996,0.0,Dec-2017
10120, 36 months,12.6,E,5 years,RENT,42174.0,Source Verified,car,10.84,0,12,0,19524,88.1,47,375,Feb-2014,323.28,379,Dec-1989,Fully Paid,11638.0,0.0,Dec-2017
9256, 36 months,11.81,C,,RENT,107971.0,Not Verified,debt_consolidation,7.24,1,12,0,28141,29.6,19,345,Aug-2016,295.68,349,Jul-1992,Late (31-120 days),10644.4,0.0,Dec-2017
14572, 36 months,14.96,E,10+ years,MORTGAGE,51469.0,Verified,debt_consolidation,9.41,1,15,0,38648,32.4,44,350,May-2012,465.49,354,Apr-1989,Fully Paid,16757.8,0.0,Dec-2017
22512, 36 months,18.13,E,,OWN,78457.0,Not Verified,car,6.2,1,25,0,17598,11.9,4,375,Feb-2017,719.13,379,Sep-2009,In Grace Period,25888.8,0.0,Dec-2017
39809, 36 months,20.88,G,10+ years,RENT,20736.0,Verified,credit_card,9.99,1,23,1,13579,26.1,33,365,Mar-2013,1271.68,369,Aug-1993,Fully Paid,45780.35,0.0,Dec-2017
17341, 60 months,20.88,D,5 years,MORTGAGE,47792.0,Not Verified,credit_card,14.67,1,14,0,40503,92.4,58,380,Mar-2017,332.37,384,May-2007,Late (31-120 days),19942.149999999998,0.0,Dec-2017
11054, 36 months,11.13,B,< 1 year,OWN,81097.0,Source Verified,debt_consolidation,0.0,0,6,0,16916,95.7,44,420,Sep-2014,353.11,424,Aug-1988,Fully Paid,12712.099999999999,0.0,Dec-2017
32719, 60 months,17.45,F,< 1 year,MORTGAGE,76053.0,Verified,car,7.51,0,23,0,7838,57.9,44,360,Jul-2016,627.11,364,Jan-1988,Current,37626.85,0.0,Dec-2017
36447, 60 months,27.73,G,< 1 year,OWN,25551.0,Verified,debt_consolidation,22.24,0,2,0,19506,73.1,50,370,May-2013,698.57,374,Apr-2000,Fully Paid,41914.049999999996,0.0,Dec-2017
38709, 60 months,26.37,G,< 1 year,OWN,35622.0,Not Verified,car,12.48,1,29,0,3257,42.2,24,375,Jan-2014,741.92,379,Mar-1989,Fully Paid,44515.35,0.0,Dec-2017
8251, 60 months,12.29,F,1 year,OWN,76556.0,Not Verified,small_business,31.98,0,7,0,37601,21.1,13,420,Dec-2017,158.14,424,Mar-1995,Late (31-120 days),9488.65,0.0,Dec-2017
33222, 36 months,26.6,D,10+ years,MORTGAGE,50308.0,Source Verified,small_business,5.45,0,10,0,23199,40.3,47,390,Jun-2015,1061.26,394,Mar-1999,Fully Paid,38205.299999999996,0.0,Dec-2017
31278, 60 months,18.65,E,5 years,RENT,34781.0,Source Verified,car,18.03,0,19,0,9172,54.7,56,405,Dec-2013,599.49,409,Oct-1993,Fully Paid,35969.7,0.0,Dec-2017
23014, 36 months,11.66,F,,RENT,42436.0,Not Verified,small_business,15.34,1,19,0,16884,2.0,42,415,Nov-2016,735.17,419,May-1996,Current,26466.1,0.0,Dec-2017
19323, 36 months,19.98,G,,MORTGAGE,37356.0,Verified,car,18.71,1,27,1,24052,43.2,31,405,Dec-2014,617.26,409,Dec-1999,Fully Paid,22221.449999999997,0.0,Dec-2017
36836, 36 months,23.88,A,5 years,MORTGAGE,78640.0,Source Verified,small_business,13.71,1,16,0,54864,13.9,48,400,Oct-2012,1176.71,404,Oct-2000,Fully Paid,42361.399999999994,0.0,Dec-2017
14564, 36 months,22.37,G,5 years,RENT,67832.0,Source Verified,small_business,7.35,1,12,0,28041,11.1,54,360,Jul-2017,465.24,364,Apr-1998,Late (31-120 days),16748.6,0.0,Dec-2017
5297, 36 months,22.86,B,10+ years,RENT,83154.0,Verified,small_business,13.64,0,17,0,29647,4.4,57,400,Jun-2012,169.21,404,Apr-1986,Fully Paid,6091.549999999999,0.0,Dec-2017
9867, 36 months,20.39,C,,MORTGAGE,78104.0,Not Verified,credit_card,15.75,0,25,0,3798,44.4,41,330,Jul-2015,315.2,334,Jul-2004,Fully Paid,11347.05,0.0,Dec-2017
23596, 60 months,24.0,D,1 year,MORTGAGE,150047.0,Verified,debt_consolidation,13.93,0,7,0,45540,74.8,36,380,Oct-2014,452.26,384,May-2010,Fully Paid,27135.399999999998,0.0,Dec-2017
1227, 36 months,8.09,B,10+ years,OWN,73788.0,Source Verified,debt_consolidation,12.53,0,14,0,47823,44.9,6,415,Jul-2015,39.2,419,Aug-2002,Fully Paid,1411.05,0.0,Dec-2017
35839, 60 months,20.49,B,5 years,MORTGAGE,45945.0,Source Verified,small_business,16.45,0,19,0,20845,5.9,22,335,Nov-2013,686.91,339,Feb-2005,Fully Paid,41214.85,0.0,Dec-2017
36731, 36 months,7.84,A,< 1 year,MORTGAGE,211898.0,Source Verified,debt_consolidation,21.53,0,13,0,53404,71.8,18,335,Dec-2013,1173.35,339,Sep-1984,Fully Paid,42240.649999999994,0.0,Dec-2017
26331, 36 months,13.52,F,10+ years,RENT,66055.0,Not Verified,debt_consolidation,8.87,1,6,0,8578,17.5,42,365,Jan-2012,841.13,369,Jun-2006,Fully Paid,30280.649999999998,0.0,Dec-2017
9353, 60 months,26.74,D,< 1 year,OWN,108722.0,Verified,car,18.79,1,22,0,40746,19.6,19,385,Oct-2017,179.27,389,Jan-1998,Current,10755.949999999999,0.0,Dec-2017
24273, 36 months,12.11,G,1 year,OWN,15860.0,Source Verified,small_business,26.35,0,29,0,33145,14.3,37,395,Feb-2015,775.39,399,Apr-1995,Fully Paid,27913.949999999997,0.0,Dec-2017
7945, 36 months,15.04,C,,MORTGAGE,65261.0,Verified,small_business,13.5,0,7,0,44735,25.4,44,410,Mar-2017,253.8,414,Oct-2011,Current,9136.75,0.0,Dec-2017
20796, 60 months,25.6,A,,RENT,82809.0,Not Verified,car,21.92,0,11,0,2232,11.7,40,360,Mar-2014,398.59,364,Dec-2009,Fully Paid,23915.399999999998,0.0,Dec-2017
7059, 36 months,26.89,B,5 years,MORTGAGE,20254.0,Not Verified,debt_consolidation,14.82,0,6,0,43978,70.6,38,385,Jun-2017,225.5,389,May-1988,In Grace Period,8117.849999999999,0.0,Dec-2017
4389, 36 months,12.12,F,1 year,MORTGAGE,63469.0,Source Verified,credit_card,18.4,0,28,0,34121,38.6,11,370,Apr-2017,140.2,374,Oct-2012,Late (31-120 days),5047.349999999999,0.0,Dec-2017
35795, 36 months,21.21,B,1 year,OWN,82653.0,Not Verified,small_business,17.98,2,4,0,17048,28.1,21,335,Nov-2014,1143.45,339,Apr-1987,Fully Paid,41164.25,0.0,Dec-2017
5953, 36 months,8.84,D,5 years,MORTGAGE,72966.0,Not Verified,credit_card,11.7,0,29,0,54332,6.7,31,350,Jan-2014,190.17,354,Jun-1997,Fully Paid,6845.95,0.0,Dec-2017
17047, 36 months,22.76,D,,MORTGAGE,14657.0,Verified,car,11.85,0,19,0,32791,16.7,7,360,Jul-2012,544.56,364,Jan-1998,Fully Paid,19604.05,0.0,Dec-2017
30365, 36 months,20.45,E,,OWN,69186.0,Verified,small_business,20.4,0,4,0,316,12.6,27,340,Dec-2015,969.99,344,Jun-2008,Fully Paid,34919.75,0.0,Dec-2017
13142, 36 months,21.99,D,10+ years,MORTGAGE,89785.0,Verified,small_business,31.37,0,3,0,16007,37.8,10,340,Jan-2015,419.81,344,Dec-1985,Fully Paid,15113.3,0.0,Dec-2017
10390, 36 months,14.14,A,1 year,MORTGAGE,118087.0,Verified,credit_card,25.64,1,22,0,38536,14.2,9,370,May-2015,331.9,374,Mar-1998,Fully Paid,11948.499999999998,0.0,Dec-2017
32305, 36 months,16.94,A,,OWN,39227.0,Not Verified,credit_card,13.79,0,29,0,50943,7.0,39,350,Jun-2013,1031.97,354,Apr-1988,Fully Paid,37150.75,0.0,Dec-2017
32199, 36 months,8.69,G,,MORTGAGE,65543.0,Verified,debt_consolidation,9.26,0,25,0,10252,52.3,8,400,Oct-2013,1028.58,404,May-2006,Fully Paid,37028.85,0.0,Dec-2017
1378, 36 months,12.51,F,10+ years,MORTGAGE,99388.0,Not Verified,car,21.64,0,27,0,19710,15.9,48,405,May-2015,44.02,409,Feb-1996,Fully Paid,1584.6999999999998,0.0,Dec-2017
4679, 36 months,10.57,C,< 1 year,RENT,108716.0,Verified,debt_consolidation,26.46,1,2,0,36526,25.5,36,360,Oct-2014,149.47,364,Aug-2005,Fully Paid,5380.849999999999,0.0,Dec-2017
25364, 36 months,24.4,G,,MORTGAGE,133768.0,Verified,small_business,14.73,0,9,0,52024,1.4,33,420,Sep-2015,810.24,424,Aug-1998,Fully Paid,29168.6,0.0,Dec-2017
31087, 36 months,10.1,A,< 1 year,OWN,72202.0,Not Verified,credit_card,26.76,1,21,0,58213,4.3,28,340,Mar-2014,993.06,344,Aug-2001,Fully Paid,35750.049999999996,0.0,Dec-2017
26367, 36 months,11.85,B,10+ years,RENT,86873.0,Not Verified,small_business,19.43,1,25,0,27141,94.3,47,400,Oct-2015,842.28,404,Dec-1986,Fully Paid,30322.05,0.0,Dec-2017
18294, 36 months,25.96,G,< 1 year,MORTGAGE,34173.0,Not Verified,car,20.92,1,21,0,2387,86.1,43,340,Jun-2013,584.39,344,Jun-1984,Fully Paid,21038.1,0.0,Dec-2017
17028, 60 months,24.97,G,1 year,RENT,71461.0,Source Verified,debt_consolidation,32.5,1,14,0,4898,94.1,6,350,Mar-2014,326.37,354,Sep-2005,Charged Off,6811.200000000001,851.4000000000001,Dec-2017
32350, 36 months,27.65,E,10+ years,RENT,41042.0,Verified,debt_consolidation,19.5,1,5,0,26357,32.5,55,370,Jul-2012,1033.4,374,Apr-1998,Charged Off,12940.0,1617.5,Dec-2017
5163, 36 months,16.11,B,10+ years,RENT,93687.0,Verified,credit_card,7.6,1,13,1,52823,50.4,37,360,Sep-2016,164.93,364,Aug-1997,In Grace Period,5937.45,0.0,Dec-2017
1570, 36 months,22.86,B,< 1 year,OWN,61737.0,Source Verified,debt_consolidation,27.37,0,24,0,27292,80.5,19,420,Apr-2012,50.15,424,Oct-1993,Fully Paid,1805.4999999999998,0.0,Dec-2017
32221, 36 months,18.21,D,1 year,OWN,59232.0,Verified,car,23.5,0,13,0,10952,36.8,24,375,Apr-2012,1029.28,379,Oct-1991,Fully Paid,37054.149999999994,0.0,Dec-2017
30272, 60 months,15.03,B,10+ years,OWN,70096.0,Source Verified,debt_consolidation,24.69,0,3,0,59313,29.3,52,335,May-2013,580.21,339,Nov-1990,Fully Paid,34812.799999999996,0.0,Dec-2017
15418, 36 months,12.47,G,5 years,OWN,45131.0,Verified,debt_consolidation,22.15,0,23,0,39441,2.8,18,385,Feb-2016,492.52,389,Aug-2008,Fully Paid,17730.699999999997,0.0,Dec-2017
17039, 36 months,21.15,E,1 year,RENT,75888.0,Source Verified,credit_card,18.78,0,17,0,36138,64.2,11,370,Jul-2012,544.3,374,Jan-2010,Fully Paid,19594.85,0.0,Dec-2017
39421, 60 months,19.07,E,< 1 year,MORTGAGE,141328.0,Source Verified,small_business,6.49,0,10,0,30760,97.5,50,335,Sep-2017,755.57,339,Feb-1992,In Grace Period,45334.149999999994,0.0,Dec-2017
38808, 36 months,19.6,C,5 years,MORTGAGE,54219.0,Verified,debt_consolidation,16.92,1,12,0,58483,65.2,56,355,Nov-2012,1239.7,359,Jun-1990,Fully Paid,44629.2,0.0,Dec-2017
22562, 36 months,20.62,D,,MORTGAGE,121237.0,Not Verified,small_business,18.54,0,23,0,14606,18.0,59,400,Oct-2016,720.73,404,Oct-1998,Fully Paid,25946.3,0.0,Dec-2017
10809, 36 months,10.32,B,,OWN,50416.0,Source Verified,car,30.03,0,3,1,8894,17.6,29,380,Sep-2012,345.29,384,May-1986,Fully Paid,12430.349999999999,0.0,Dec-2017
25772, 36 months,10.34,G,,OWN,36840.0,Not Verified,small_business,25.74,0,13,0,49525,69.3,28,365,Jun-2013,823.27,369,Feb-2000,Fully Paid,29637.8,0.0,Dec-2017
16840, 60 months,26.31,D,,OWN,55331.0,Verified,credit_card,26.21,0,29,0,56291,40.4,7,390,Mar-2014,322.77,394,Aug-1984,Fully Paid,19366.0,0.0,Dec-2017
37812, 60 months,20.04,D,10+ years,RENT,176163.0,Source Verified,car,21.63,0,4,0,36439,33.5,56,410,Jan-2017,724.73,414,Nov-2001,Fully Paid,43483.799999999996,0.0,Dec-2017
26947, 36 months,10.55,C,5 years,MORTGAGE,29910.0,Source Verified,small_business,31.59,1,12,0,52476,26.0,4,345,Jun-2013,860.81,349,Jun-2009,Fully Paid,30989.05,0.0,Dec-2017
12907, 60 months,18.76,F,5 years,MORTGAGE,47725.0,Verified,credit_card,16.94,2,28,0,57928,76.8,45,385,Jan-2016,247.38,389,Sep-1994,Fully Paid,14843.05,0.0,Dec-2017
28526, 60 months,24.67,F,1 year,MORTGAGE,215356.0,Verified,debt_consolidation,31.98,0,21,0,14236,29.7,30,385,Jan-2012,546.75,389,Aug-1995,Fully Paid,32804.899999999994,0.0,Dec-2017
32587, 36 months,24.24,A,,OWN,23000.0,Not Verified,car,25.43,0,13,0,56346,20.8,58,355,Jun-2013,1040.97,359,Apr-2003,Fully Paid,37475.049999999996,0.0,Dec-2017
27826, 36 months,9.38,E,< 1 year,OWN,85265.0,Verified,small_business,12.84,0,27,0,55603,96.6,31,420,Mar-2012,888.89,424,Aug-1996,Fully Paid,31999.899999999998,0.0,Dec-2017
12451, 36 months,12.38,E,1 year,OWN,59570.0,Source Verified,credit_card,8.9,0,15,0,42577,22.0,19,410,Jun-2013,397.74,414,Nov-1988,Fully Paid,14318.65,0.0,Dec-2017
33422, 60 months,18.28,B,5 years,MORTGAGE,103788.0,Verified,car,13.17,1,23,0,28975,16.1,15,420,Dec-2017,640.59,424,Nov-2013,In Grace Period,38435.299999999996,0.0,Dec-2017
7434, 60 months,20.97,G,1 year,MORTGAGE,30874.0,Source Verified,car,19.95,0,11,0,11114,12.5,37,380,Sep-2015,142.48,384,Jul-2013,Fully Paid,8549.099999999999,0.0,Dec-2017
37538, 60 months,6.52,C,1 year,RENT,168733.0,Source Verified,small_business,13.44,0,3,0,47764,62.1,6,415,Jun-2013,719.48,419,Feb-2000,Fully Paid,43168.7,0.0,Dec-2017
23782, 36 months,9.21,F,,RENT,42843.0,Source Verified,small_business,16.28,1,26,0,17540,95.7,45,405,Jul-2016,759.7,409,Dec-2004,Fully Paid,27349.3,0.0,Dec-2017
29181, 36 months,15.42,B,10+ years,OWN,12635.0,Not Verified,debt_consolidation,22.83,0,14,0,13950,57.9,55,365,Mar-2012,932.17,369,Sep-1992,Fully Paid,33558.149999999994,0.0,Dec-2017
18605, 36 months,23.74,D,10+ years,OWN,51835.0,Verified,debt_consolidation,12.31,0,18,1,20196,1.5,19,405,Mar-2013,594.33,409,Feb-1994,Fully Paid,21395.75,0.0,Dec-2017
21023, 36 months,20.92,C,10+ years,MORTGAGE,63453.0,Not Verified,small_business,27.24,0,16,0,19804,3.3,4,385,Oct-2015,671.57,389,Jun-1989,Fully Paid,24176.449999999997,0.0,Dec-2017
36834, 36 months,16.14,F,10+ years,RENT,54074.0,Not Verified,small_business,13.33,0,26,0,4328,47.8,7,385,Jan-2016,1176.64,389,Aug-1993,Fully Paid,42359.1,0.0,Dec-2017
30119, 36 months,23.3,G,5 years,MORTGAGE,146547.0,Source Verified,credit_card,4.36,0,12,0,43307,18.7,18,400,Apr-2015,962.13,404,May-2004,Fully Paid,34636.85,0.0,Dec-2017
22892, 36 months,17.4,G,< 1 year,OWN,58259.0,Source Verified,debt_consolidation,9.77,1,8,0,39404,62.2,18,340,Mar-2012,731.27,344,Jan-1993,Fully Paid,26325.8,0.0,Dec-2017
39275, 36 months,8.59,A,1 year,OWN,60886.0,Source Verified,small_business,26.3,0,7,0,9322,78.9,13,350,May-2014,1254.62,354,Jun-1992,Fully Paid,45166.25,0.0,Dec-2017
28614, 36 months,16.46,G,1 year,RENT,17327.0,Not Verified,small_business,26.77,0,28,0,9360,51.0,55,330,Jul-2016,914.06,334,Jan-2005,Late (31-120 days),32906.1,0.0,Dec-2017
1154, 36 months,6.05,D,,RENT,50464.0,Not Verified,credit_card,21.86,0,10,0,36159,4.8,5,370,May-2016,36.86,374,Sep-1987,Fully Paid,1327.1,0.0,Dec-2017
1812, 60 months,26.92,G,1 year,RENT,68286.0,Verified,small_business,7.02,0,13,0,57180,64.6,16,400,Jul-2012,34.73,404,Jan-1992,Fully Paid,2083.7999999999997,0.0,Dec-2017
30802, 60 months,10.48,C,< 1 year,MORTGAGE,54826.0,Source Verified,debt_consolidation,9.31,1,27,1,12908,5.9,59,360,Aug-2017,590.37,364,May-2014,Fully Paid,35422.299999999996,0.0,Dec-2017
8967, 36 months,13.74,E,10+ years,MORTGAGE,33888.0,Source Verified,debt_consolidation,19.5,0,29,0,28571,62.8,17,370,Oct-2015,286.45,374,Nov-2003,Fully Paid,10312.05,0.0,Dec-2017
17871, 36 months,17.37,B,< 1 year,RENT,35528.0,Verified,small_business,23.05,0,16,1,58984,2.2,51,375,May-2014,570.88,379,Nov-2009,Fully Paid,20551.649999999998,0.0,Dec-2017
3414, 36 months,6.64,A,< 1 year,RENT,70165.0,Verified,debt_consolidation,4.3,0,21,0,10392,36.3,35,345,Sep-2017,109.06,349,Apr-1989,Fully Paid,3926.1,0.0,Dec-2017
27669, 36 months,23.15,C,5 years,RENT,175205.0,Source Verified,debt_consolidation,5.59,1,8,0,30485,66.0,5,330,Apr-2014,883.87,334,Jun-1997,Fully Paid,31819.35,0.0,Dec-2017
18787, 60 months,23.85,B,,OWN,62782.0,Source Verified,credit_card,9.06,0,21,0,38953,62.2,13,410,Jan-2014,360.08,414,Mar-1984,Fully Paid,21605.05,0.0,Dec-2017
9426, 60 months,17.61,G,,RENT,73129.0,Verified,debt_consolidation,25.64,0,4,0,6015,89.9,47,345,Jan-2015,180.66,349,Oct-1985,Fully Paid,10839.9,0.0,Dec-2017
10480, 36 months,11.08,B,5 years,OWN,78831.0,Source Verified,car,21.73,0,9,0,8151,63.2,59,370,Jan-2012,334.78,374,Mar-1998,Fully Paid,12051.999999999998,0.0,Dec-2017
9922, 60 months,6.06,G,10+ years,OWN,57256.0,Not Verified,small_business,26.1,1,22,0,42200,77.9,13,355,May-2013,190.17,359,Sep-1992,Fully Paid,11410.3,0.0,Dec-2017
24586, 36 months,22.89,G,,RENT,63051.0,Source Verified,credit_card,16.97,1,17,0,28036,68.7,56,395,Jul-2014,785.39,399,Jun-2010,Fully Paid,28273.899999999998,0.0,Dec-2017
31138, 36 months,23.06,D,1 year,OWN,36908.0,Not Verified,car,21.2,0,24,0,55088,12.8,10,415,Jan-2013,994.69,419,Jul-1987,Fully Paid,35808.7,0.0,Dec-2017
3389, 36 months,17.51,G,< 1 year,OWN,37304.0,Not Verified,small_business,11.11,0,29,0,30733,65.6,49,340,Sep-2016,108.26,344,Dec-2013,In Grace Period,3897.35,0.0,Dec-2017
30661, 60 months,6.52,A,5 years,MORTGAGE,85126.0,Not Verified,small_business,11.01,0,3,0,45902,55.2,15,370,May-2014,587.67,374,Apr-1997,Fully Paid,35260.149999999994,0.0,Dec-2017
22615, 60 months,17.38,A,< 1 year,RENT,50287.0,Source Verified,small_business,13.68,0,27,0,12073,36.7,37,330,Apr-2015,433.45,334,Mar-2008,Fully Paid,26007.249999999996,0.0,Dec-2017
26894, 60 months,10.42,F,1 year,MORTGAGE,63170.0,Source Verified,debt_consolidation,15.62,1,17,0,33602,21.1,41,370,Jan-2016,515.47,374,May-1990,Fully Paid,30928.1,0.0,Dec-2017
3646, 36 months,8.94,G,1 year,RENT,20719.0,Not Verified,debt_consolidation,35.71,0,2,0,30385,15.7,25,420,Jul-2012,116.47,424,Jun-1987,Fully Paid,4192.9,0.0,Dec-2017
2715, 36 months,15.77,G,1 year,OWN,61094.0,Source Verified,credit_card,22.96,0,26,1,7742,24.8,11,345,Feb-2012,86.73,349,Jan-2007,Fully Paid,3122.2499999999995,0.0,Dec-2017
17287, 60 months,10.44,F,10+ years,MORTGAGE,140482.0,Verified,small_business,9.22,0,4,0,52489,28.2,43,385,Feb-2016,331.33,389,May-2006,Fully Paid,19880.05,0.0,Dec-2017
18092, 36 months,14.83,D,,OWN,105662.0,Not Verified,credit_card,13.71,0,26,0,59879,40.4,30,370,Oct-2012,577.94,374,Jan-1984,Fully Paid,20805.8,0.0,Dec-2017
2609, 36 months,14.67,E,,MORTGAGE,35032.0,Not Verified,debt_consolidation,16.36,0,6,0,56889,5.9,40,395,Jul-2017,83.34,399,Sep-1988,In Grace Period,3000.35,0.0,Dec-2017
11232, 36 months,11.78,F,< 1 year,RENT,89944.0,Source Verified,car,26.97,0,28,0,14150,49.8,34,370,Nov-2016,358.8,374,Jul-1995,Current,12916.8,0.0,Dec-2017
34238, 36 months,27.85,G,< 1 year,RENT,75210.0,Not Verified,car,12.72,0,26,0,20872,40.2,17,405,Sep-2012,1093.71,409,Mar-1997,Fully Paid,39373.7,0.0,Dec-2017
3409, 60 months,18.89,A,10+ years,RENT,97375.0,Source Verified,car,17.56,0,27,1,42152,71.8,22,370,Dec-2013,65.34,374,Dec-1989,Fully Paid,3920.35,0.0,Dec-2017
28487, 36 months,25.74,F,< 1 year,RENT,35674.0,Source Verified,car,9.66,2,8,0,52637,91.6,26,335,Oct-2017,910.0,339,Jan-2010,Charged Off,11394.800000000001,1424.3500000000001,Dec-2017
8871, 60 months,27.8,E,1 year,RENT,31724.0,Source Verified,small_business,7.72,0,11,0,12569,70.9,57,390,May-2015,170.03,394,Feb-1992,Charged Off,3548.4,443.55,Dec-2017
25549, 36 months,22.37,C,,RENT,79124.0,Not Verified,credit_card,26.72,0,4,0,5584,19.0,16,405,Jun-2013,816.15,409,Nov-1983,Fully Paid,29381.35,0.0,Dec-2017
25763, 36 months,8.84,D,1 year,OWN,111263.0,Source Verified,car,19.86,0,15,0,18166,8.0,4,360,May-2012,822.98,364,Dec-1985,Fully Paid,29627.449999999997,0.0,Dec-2017
26383, 36 months,11.21,D,5 years,OWN,74694.0,Verified,debt_consolidation,17.26,0,2,0,53967,16.2,51,355,Jul-2012,842.79,359,Jan-2002,Fully Paid,30340.449999999997,0.0,Dec-2017
13312, 36 months,22.73,E,< 1 year,OWN,21206.0,Verified,car,23.21,1,26,0,16325,89.1,10,390,Apr-2015,425.24,394,Nov-1996,Fully Paid,15308.8,0.0,Dec-2017
26171, 60 months,22.32,E,1 year,RENT,117383.0,Verified,debt_consolidation,23.7,0,10,0,4344,31.1,43,375,Dec-2016,501.61,379,Jul-1992,Late (31-120 days),30096.649999999998,0.0,Dec-2017
34351, 36 months,8.04,G,,OWN,150006.0,Not Verified,credit_card,5.62,0,10,0,11772,47.3,52,355,Mar-2012,1097.32,359,Feb-1990,Fully Paid,39503.649999999994,0.0,Dec-2017
12700, 60 months,6.54,C,1 year,MORTGAGE,123231.0,Not Verified,small_business,26.42,0,20,0,42221,73.1,44,400,Feb-2014,243.42,404,Sep-2006,Fully Paid,14604.999999999998,0.0,Dec-2017
28828, 36 months,22.13,F,10+ years,MORTGAGE,28720.0,Source Verified,small_business,17.4,1,28,1,32824,33.1,11,415,Mar-2013,920.89,419,Jun-1992,Fully Paid,33152.2,0.0,Dec-2017
26551, 36 months,12.74,B,< 1 year,RENT,38618.0,Source Verified,debt_consolidation,18.01,0,2,0,17363,67.5,10,365,Mar-2016,848.16,369,Dec-2003,Fully Paid,30533.649999999998,0.0,Dec-2017
10040, 36 months,10.56,D,5 years,MORTGAGE,27120.0,Verified,small_business,25.46,2,20,0,4607,90.5,38,370,Sep-2014,320.72,374,Nov-2007,Fully Paid,11546.0,0.0,Dec-2017
9640, 36 months,27.04,B,1 year,MORTGAGE,82464.0,Not Verified,small_business,25.78,0,7,0,4980,99.0,40,365,Mar-2013,307.94,369,Oct-1994,Fully Paid,11086.0,0.0,Dec-2017
35030, 60 months,11.44,A,5 years,OWN,61263.0,Not Verified,small_business,24.42,0,10,0,21108,47.1,40,330,Feb-2015,671.41,334,Feb-2011,Fully Paid,40284.5,0.0,Dec-2017
29586, 60 months,12.47,D,10+ years,RENT,65237.0,Verified,small_business,9.44,0,11,0,16382,61.0,34,405,Oct-2016,567.06,409,Sep-1991,In Grace Period,34023.899999999994,0.0,Dec-2017
3284, 36 months,19.04,C,,RENT,84657.0,Source Verified,small_business,14.75,0,9,0,50127,78.6,39,345,Oct-2012,104.91,349,Jan-1998,Fully Paid,3776.6,0.0,Dec-2017
13243, 36 months,10.38,B,1 year,RENT,75506.0,Verified,small_business,15.3,0,24,0,30110,0.3,14,335,Sep-2012,423.04,339,Nov-1993,Fully Paid,15229.449999999999,0.0,Dec-2017
15220, 36 months,11.85,B,,RENT,72930.0,Not Verified,small_business,13.52,1,23,0,57493,21.1,37,350,Oct-2014,486.19,354,Oct-1995,Fully Paid,17503.0,0.0,Dec-2017
22367, 36 months,27.11,A,,RENT,143863.0,Source Verified,credit_card,16.08,1,21,0,43628,40.6,42,400,Nov-2012,714.5,404,Feb-1984,Fully Paid,25722.05,0.0,Dec-2017
23001, 36 months,14.69,G,,OWN,78351.0,Not Verified,car,12.24,1,17,0,34972,43.0,24,375,Sep-2016,734.75,379,Apr-1993,Fully Paid,26451.149999999998,0.0,Dec-2017
2165, 36 months,21.39,B,,RENT,125450.0,Not Verified,car,22.59,1,16,0,29336,75.6,46,390,Nov-2015,69.16,394,May-1993,Fully Paid,2489.75,0.0,Dec-2017
23417, 36 months,13.99,A,< 1 year,RENT,54307.0,Verified,debt_consolidation,21.97,0,13,0,2890,83.9,33,340,Mar-2016,748.04,344,Aug-1990,Fully Paid,26929.55,0.0,Dec-2017
28032, 60 months,11.81,A,10+ years,MORTGAGE,78981.0,Source Verified,debt_consolidation,5.46,0,6,0,37803,31.0,22,330,Jul-2014,537.28,334,Aug-1995,Fully Paid,32236.8,0.0,Dec-2017
4515, 36 months,17.28,B,< 1 year,OWN,52028.0,Not Verified,credit_card,21.48,0,12,0,25598,87.0,48,365,Mar-2014,144.23,369,Aug-2003,Fully Paid,5192.25,0.0,Dec-2017
16841, 60 months,17.12,A,10+ years,MORTGAGE,93389.0,Source Verified,credit_card,11.06,1,24,0,1036,50.2,6,385,Jun-2013,322.79,389,Feb-1993,Fully Paid,19367.149999999998,0.0,Dec-2017
29098, 36 months,20.92,A,5 years,MORTGAGE,110803.0,Source Verified,small_business,20.78,0,19,0,35336,21.5,4,395,Dec-2014,929.52,399,Dec-1994,Fully Paid,33462.7,0.0,Dec-2017
26501, 60 months,22.75,E,1 year,RENT,86634.0,Verified,credit_card,15.35,0,10,0,19415,0.6,13,410,Jul-2015,507.94,414,Aug-2006,Fully Paid,30476.149999999998,0.0,Dec-2017
37978, 36 months,24.65,E,10+ years,MORTGAGE,86102.0,Source Verified,small_business,1.86,0,14,0,14188,1.6,34,365,Oct-2016,1213.19,369,Oct-1996,Fully Paid,43674.7,0.0,Dec-2017
23055, 36 months,24.43,F,< 1 year,MORTGAGE,42676.0,Verified,credit_card,2.87,0,8,0,55253,99.9,46,385,Feb-2017,736.48,389,Jun-1999,Fully Paid,26513.249999999996,0.0,Dec-2017
29143, 36 months,16.39,G,< 1 year,MORTGAGE,76951.0,Source Verified,car,22.47,1,12,0,11365,90.8,5,330,Jul-2013,930.96,334,Jun-2006,Fully Paid,33514.45,0.0,Dec-2017
28839, 60 months,17.36,E,,RENT,150728.0,Source Verified,small_business,5.87,0,23,0,37885,85.5,20,385,Apr-2017,552.75,389,Apr-1997,Late (31-120 days),33164.85,0.0,Dec-2017
24306, 60 months,17.25,F,1 year,MORTGAGE,28116.0,Source Verified,small_business,24.24,0,21,0,57012,94.3,36,355,Nov-2012,465.86,359,Dec-1985,Fully Paid,27951.899999999998,0.0,Dec-2017
31098, 36 months,17.93,C,< 1 year,RENT,88854.0,Verified,debt_consolidation,18.96,0,28,1,13748,37.9,14,420,Jul-2015,993.41,424,Jul-2007,Fully Paid,35762.7,0.0,Dec-2017
11856, 36 months,15.91,B,1 year,OWN,63303.0,Verified,small_business,8.51,0,7,0,44382,26.2,33,410,Oct-2017,378.73,414,Aug-1993,Late (31-120 days),13634.4,0.0,Dec-2017
27107, 36 months,15.55,D,1 year,MORTGAGE,121513.0,Source Verified,debt_consolidation,18.66,1,21,0,44820,57.7,4,370,Jul-2015,865.92,374,May-1994,Fully Paid,31173.05,0.0,Dec-2017
14785, 60 months,27.32,C,,OWN,82532.0,Not Verified,car,31.13,1,7,1,52557,59.0,58,340,Mar-2017,283.38,344,Dec-2007,Current,17002.75,0.0,Dec-2017
7114, 36 months,14.78,C,,MORTGAGE,75334.0,Source Verified,credit_card,22.29,1,6,0,34655,58.6,26,400,Jun-2014,227.25,404,Sep-2008,Fully Paid,8181.099999999999,0.0,Dec-2017
2150, 36 months,20.67,B,10+ years,MORTGAGE,90676.0,Not Verified,small_business,23.98,1,12,1,31318,70.1,31,345,Mar-2017,68.68,349,Mar-2008,In Grace Period,2472.5,0.0,Dec-2017
18335, 36 months,25.55,B,10+ years,RENT,60414.0,Not Verified,car,15.3,0,26,0,10864,31.3,9,350,Dec-2015,585.7,354,Sep-2006,Fully Paid,21085.25,0.0,Dec-2017
11598, 36 months,24.81,B,1 year,MORTGAGE,56424.0,Source Verified,car,10.14,0,17,0,30621,5.4,10,375,Nov-2014,370.49,379,Nov-1990,Fully Paid,13337.699999999999,0.0,Dec-2017
25394, 36 months,22.96,F,1 year,MORTGAGE,105327.0,Verified,car,24.39,0,22,0,14193,38.3,18,345,Sep-2015,811.2,349,Sep-2012,Fully Paid,29203.1,0.0,Dec-2017
23963, 36 months,10.73,C,1 year,OWN,100828.0,Verified,car,18.18,1,16,1,42894,40.9,24,395,Mar-2012,765.48,399,Nov-1984,Fully Paid,27557.449999999997,0.0,Dec-2017
16846, 36 months,26.58,G,1 year,OWN,43469.0,Not Verified,credit_card,13.46,0,24,0,52294,44.4,4,345,Dec-2012,538.14,349,Jun-1983,Fully Paid,19372.899999999998,0.0,Dec-2017
21253, 60 months,12.78,A,< 1 year,MORTGAGE,234611.0,Verified,debt_consolidation,15.02,0,20,0,25987,68.2,44,335,Jun-2016,407.35,339,Apr-2000,Current,24440.949999999997,0.0,Dec-2017
12679, 60 months,26.96,B,,OWN,86448.0,Not Verified,car,31.72,0,21,0,36083,75.3,41,400,Mar-2017,243.01,404,May-1996,Fully Paid,14580.849999999999,0.0,Dec-2017
5801, 36 months,13.27,C,< 1 year,RENT,23257.0,Source Verified,debt_consolidation,18.12,1,21,0,40843,30.9,43,345,Sep-2016,185.31,349,May-1990,In Grace Period,6671.15,0.0,Dec-2017
8459, 36 months,17.65,D,10+ years,MORTGAGE,31310.0,Verified,credit_card,18.88,2,16,0,55528,34.8,47,345,Sep-2014,270.22,349,Jan-2012,Fully Paid,9727.849999999999,0.0,Dec-2017
14465, 36 months,14.28,C,5 years,RENT,51296.0,Verified,small_business,22.4,0,9,0,529,40.4,49,400,Oct-2017,462.08,404,Apr-2015,Fully Paid,16634.75,0.0,Dec-2017
28786, 36 months,20.18,G,5 years,RENT,60261.0,Verified,small_business,15.44,1,13,0,12492,0.8,15,375,Oct-2013,919.55,379,Oct-2010,Fully Paid,33103.899999999994,0.0,Dec-2017
22502, 36 months,26.6,E,,OWN,151821.0,Not Verified,credit_card,21.76,1,27,0,47406,81.8,21,385,Mar-2012,718.81,389,Jan-1994,Fully Paid,25877.3,0.0,Dec-2017
24839, 36 months,20.33,E,< 1 year,OWN,53806.0,Verified,car,22.94,1,19,1,44718,79.2,57,410,Feb-2013,793.47,414,Jan-1985,Fully Paid,28564.85,0.0,Dec-2017
21487, 36 months,10.78,F,< 1 year,RENT,206067.0,Not Verified,debt_consolidation,8.07,1,25,1,48082,10.3,43,415,Nov-2016,686.39,419,Mar-2006,Current,24710.05,0.0,Dec-2017
14181, 36 months,10.03,A,5 years,MORTGAGE,65219.0,Source Verified,debt_consolidation,7.33,1,8,1,16431,14.2,19,390,Jun-2012,453.0,394,Nov-1986,Fully Paid,16308.15,0.0,Dec-2017
6354, 36 months,26.48,E,10+ years,RENT,209862.0,Verified,credit_card,21.35,0,4,0,25342,33.0,53,360,Jan-2014,202.98,364,Mar-1988,Fully Paid,7307.099999999999,0.0,Dec-2017
7391, 36 months,12.36,B,10+ years,OWN,49363.0,Not Verified,small_business,15.98,0,21,0,1884,89.5,52,420,Sep-2014,236.1,424,Nov-2000,Fully Paid,8499.65,0.0,Dec-2017
33405, 60 months,17.9,D,5 years,OWN,90215.0,Not Verified,car,17.93,0,11,0,41519,36.0,24,340,Dec-2015,640.26,344,Mar-2013,Fully Paid,38415.75,0.0,Dec-2017
7959, 60 months,14.35,F,< 1 year,MORTGAGE,12629.0,Not Verified,small_business,20.79,0,17,1,21501,98.8,10,420,Oct-2015,152.55,424,Jan-2000,Fully Paid,9152.849999999999,0.0,Dec-2017
34423, 36 months,14.09,A,< 1 year,OWN,30821.0,Verified,credit_card,16.08,0,3,0,38702,46.5,42,410,May-2017,1099.62,414,Oct-2009,Fully Paid,39586.45,0.0,Dec-2017
6977, 36 months,24.56,G,1 year,MORTGAGE,39462.0,Not Verified,car,10.58,0,12,0,29957,15.4,33,335,Feb-2016,222.88,339,Oct-2006,Fully Paid,8023.549999999999,0.0,Dec-2017
34474, 36 months,22.4,E,< 1 year,RENT,74397.0,Not Verified,credit_card,40.37,0,12,0,52316,95.7,40,395,Jul-2013,1101.25,399,Sep-2009,Charged Off,13789.6,1723.7,Dec-2017
7058, 36 months,20.93,B,10+ years,MORTGAGE,84933.0,Not Verified,debt_consolidation,23.33,1,24,0,54539,78.7,54,385,Feb-2012,225.46,389,Dec-2004,Fully Paid,8116.7,0.0,Dec-2017
25910, 36 months,6.99,C,< 1 year,OWN,66915.0,Verified,credit_card,19.77,0,18,0,8172,88.7,36,380,Dec-2017,827.68,384,Dec-2010,Fully Paid,29796.499999999996,0.0,Dec-2017
10704, 36 months,9.66,D,< 1 year,MORTGAGE,116180.0,Verified,debt_consolidation,17.02,0,6,1,14956,28.2,14,380,Nov-2016,341.93,384,Jul-1992,Late (31-120 days),12309.599999999999,0.0,Dec-2017
30751, 36 months,13.91,G,1 year,OWN,55892.0,Verified,small_business,13.78,0,25,0,24941,0.1,52,375,Mar-2012,982.32,379,Sep-1984,Fully Paid,35363.649999999994,0.0,Dec-2017
37385, 36 months,13.93,B,1 year,RENT,53496.0,Source Verified,credit_card,4.49,0,20,0,4775,92.0,23,415,Apr-2012,1194.24,419,Feb-2007,Fully Paid,42992.75,0.0,Dec-2017
31815, 36 months,14.53,B,10+ years,RENT,181059.0,Source Verified,car,15.62,0,10,0,53053,66.3,13,405,Sep-2012,1016.31,409,Dec-2000,Fully Paid,36587.25,0.0,Dec-2017
14216, 36 months,19.73,B,5 years,RENT,51248.0,Not Verified,debt_consolidation,26.83,0,6,0,5045,17.8,18,415,Feb-2012,454.12,419,Oct-2000,Fully Paid,16348.4,0.0,Dec-2017
20407, 36 months,26.63,A,,OWN,69421.0,Source Verified,credit_card,29.2,0,3,0,26635,66.0,51,395,Nov-2014,651.89,399,Aug-2007,Fully Paid,23468.05,0.0,Dec-2017
32198, 36 months,23.73,C,10+ years,OWN,34583.0,Source Verified,car,25.52,1,12,0,43692,65.7,27,395,Nov-2014,1028.55,399,Mar-1999,Charged Off,12879.2,1609.9,Dec-2017
7437, 60 months,6.69,C,10+ years,MORTGAGE,47312.0,Not Verified,small_business,21.42,1,5,0,28539,10.1,9,330,Apr-2016,142.54,334,Feb-2014,Fully Paid,8552.55,0.0,Dec-2017
13225, 60 months,16.58,D,10+ years,RENT,29244.0,Source Verified,small_business,29.29,0,8,0,57825,82.9,26,390,Jan-2013,253.48,394,Jul-2005,Fully Paid,15208.749999999998,0.0,Dec-2017
16270, 36 months,12.87,C,10+ years,OWN,85072.0,Verified,small_business,19.8,0,29,0,15207,48.2,37,365,Jul-2017,519.74,369,Sep-2012,Fully Paid,18710.5,0.0,Dec-2017
35428, 60 months,6.78,C,10+ years,OWN,20666.0,Source Verified,small_business,18.51,1,15,0,9107,87.5,43,415,May-2012,679.04,419,Apr-2001,Fully Paid,40742.2,0.0,Dec-2017
27602, 36 months,20.34,G,1 year,RENT,24400.0,Source Verified,credit_card,22.6,0,13,0,22060,92.3,30,370,Jan-2017,881.73,374,Aug-1992,In Grace Period,31742.3,0.0,Dec-2017
17488, 36 months,8.41,E,5 years,OWN,55916.0,Not Verified,debt_consolidation,15.54,0,23,0,31513,88.8,38,345,Oct-2014,558.64,349,Feb-1988,Fully Paid,20111.199999999997,0.0,Dec-2017
29873, 60 months,22.25,E,< 1 year,MORTGAGE,135759.0,Verified,debt_consolidation,21.93,0,16,1,12202,44.1,23,340,Oct-2017,572.57,344,Aug-2001,In Grace Period,34353.95,0.0,Dec-2017
18209, 60 months,7.52,B,< 1 year,OWN,46817.0,Not Verified,car,29.99,1,24,0,48447,66.4,29,395,Oct-2012,349.01,399,Dec-1983,Fully Paid,20940.35,0.0,Dec-2017
5346, 36 months,17.15,C,,RENT,49804.0,Verified,small_business,16.82,1,23,0,36910,44.2,28,365,Aug-2014,170.77,369,Jul-1994,Fully Paid,6147.9,0.0,Dec-2017
14544, 60 months,18.94,B,1 year,RENT,95170.0,Source Verified,debt_consolidation,21.86,0,22,0,14827,75.2,45,360,Apr-2015,278.76,364,Dec-2010,Fully Paid,16725.6,0.0,Dec-2017
5537, 60 months,19.22,B,1 year,MORTGAGE,28776.0,Verified,debt_consolidation,17.81,0,4,0,22967,50.3,59,365,Jun-2014,106.13,369,Apr-2008,Fully Paid,6367.549999999999,0.0,Dec-2017
31485, 60 months,22.48,G,,RENT,125050.0,Not Verified,small_business,17.49,0,23,0,246,58.0,18,400,Mar-2012,603.46,404,Jun-2004,Fully Paid,36207.75,0.0,Dec-2017
14082, 36 months,17.72,A,1 year,MORTGAGE,80199.0,Verified,small_business,21.32,1,21,1,21588,72.0,42,405,Jul-2015,449.84,409,Jun-2011,Fully Paid,16194.3,0.0,Dec-2017
33068, 36 months,22.28,B,< 1 year,RENT,26044.0,Not Verified,small_business,10.22,1,23,0,29362,29.9,36,385,Aug-2016,1056.34,389,Dec-1997,Late (31-120 days),38028.2,0.0,Dec-2017
39333, 36 months,22.8,C,10+ years,RENT,40587.0,Not Verified,debt_consolidation,22.57,0,28,0,44344,56.7,44,355,Feb-2016,1256.47,359,Jun-2001,Fully Paid,45232.95,0.0,Dec-2017
15882, 60 months,27.33,D,1 year,OWN,63939.0,Source Verified,debt_consolidation,11.96,1,21,0,41297,39.7,22,420,Nov-2015,304.4,424,Jan-1998,Fully Paid,18264.3,0.0,Dec-2017
6466, 60 months,13.28,C,,MORTGAGE,254220.0,Source Verified,credit_card,19.17,0,10,0,28565,82.4,45,340,May-2017,123.93,344,Jan-1991,Fully Paid,7435.9,0.0,Dec-2017
29954, 36 months,17.35,D,10+ years,RENT,38206.0,Not Verified,small_business,25.54,0,20,0,47252,50.0,10,360,Nov-2012,956.86,364,Apr-1984,Fully Paid,34447.1,0.0,Dec-2017
2705, 36 months,7.86,F,5 years,RENT,72522.0,Source Verified,car,30.46,0,20,0,45922,56.9,18,330,Jul-2015,86.41,334,Mar-1994,Fully Paid,3110.7499999999995,0.0,Dec-2017
12331, 60 months,13.96,B,5 years,RENT,35219.0,Source Verified,debt_consolidation,14.38,1,4,0,24366,51.9,24,415,Jan-2016,236.34,419,Dec-2009,Fully Paid,14180.65,0.0,Dec-2017
8890, 36 months,13.77,F,5 years,RENT,31575.0,Source Verified,credit_card,19.05,1,19,0,46221,56.4,5,370,Jun-2017,283.99,374,Oct-1996,Fully Paid,10223.5,0.0,Dec-2017
17883, 36 months,7.29,F,5 years,OWN,41627.0,Verified,small_business,18.91,0,25,0,48425,8.4,4,360,Oct-2017,571.26,364,Mar-2002,Charged Off,7153.200000000001,894.1500000000001,Dec-2017
30073, 60 months,13.97,G,,MORTGAGE,50562.0,Verified,credit_card,17.85,1,19,0,26752,14.5,31,390,Jun-2014,576.4,394,Mar-1993,Fully Paid,34583.95,0.0,Dec-2017
18203, 36 months,8.41,C,10+ years,MORTGAGE,27983.0,Source Verified,car,20.6,0,18,0,33552,12.7,45,375,Feb-2012,581.48,379,May-2009,Fully Paid,20933.449999999997,0.0,Dec-2017
37747, 36 months,19.72,F,5 years,RENT,63535.0,Not Verified,debt_consolidation,25.61,0,5,0,40367,6.5,27,340,Aug-2016,1205.81,344,May-2002,Fully Paid,43409.049999999996,0.0,Dec-2017
37848, 36 months,13.07,D,1 year,MORTGAGE,104139.0,Verified,credit_card,9.8,0,4,0,36287,48.1,46,355,Mar-2017,1209.03,359,Oct-1997,In Grace Period,43525.2,0.0,Dec-2017
2350, 36 months,24.91,G,1 year,MORTGAGE,95958.0,Verified,debt_consolidation,15.96,0,25,0,47038,2.3,22,410,Dec-2017,75.07,414,Jun-2002,In Grace Period,2702.5,0.0,Dec-2017
38334, 60 months,16.45,D,5 years,RENT,80982.0,Not Verified,credit_card,13.96,1,12,0,50445,36.5,8,390,May-2016,734.73,394,Sep-1997,Fully Paid,44084.1,0.0,Dec-2017
3971, 36 months,27.02,F,,OWN,349263.0,Verified,car,21.04,0,24,0,15537,36.4,31,360,Jun-2012,126.85,364,Sep-2009,Fully Paid,4566.65,0.0,Dec-2017
6541, 36 months,27.16,C,1 year,OWN,123231.0,Not Verified,car,17.81,1,17,0,31865,85.7,43,385,Oct-2017,208.95,389,Nov-1996,Fully Paid,7522.15,0.0,Dec-2017
30464, 60 months,23.44,G,1 year,RENT,119212.0,Verified,debt_consolidation,12.97,1,20,0,14202,48.0,15,340,Mar-2016,583.89,344,Feb-2002,Fully Paid,35033.6,0.0,Dec-2017
14410, 36 months,16.05,A,10+ years,OWN,75408.0,Not Verified,small_business,21.53,0,27,0,22160,8.2,49,390,Oct-2017,460.32,394,Feb-1993,In Grace Period,16571.5,0.0,Dec-2017
17957, 60 months,24.97,B,5 years,OWN,30123.0,Verified,car,10.74,0,21,0,52881,8.3,52,400,May-2017,344.18,404,Jun-2001,In Grace Period,20650.55,0.0,Dec-2017
21958, 36 months,16.77,B,,MORTGAGE,67055.0,Verified,credit_card,24.22,1,14,0,52975,79.5,36,375,Jun-2016,701.44,379,Mar-1993,Fully Paid,25251.699999999997,0.0,Dec-2017
6777, 36 months,20.48,B,,MORTGAGE,11320.0,Verified,debt_consolidation,13.46,2,28,0,23218,95.6,43,370,May-2017,216.49,374,Oct-2008,Fully Paid,7793.549999999999,0.0,Dec-2017
26106, 36 months,12.48,E,10+ years,OWN,159626.0,Not Verified,car,14.87,0,4,0,29270,31.6,51,365,Mar-2015,833.94,369,Jul-1998,Fully Paid,30021.899999999998,0.0,Dec-2017
32882, 36 months,24.02,A,< 1 year,MORTGAGE,114881.0,Verified,credit_card,21.25,0,15,0,11938,34.2,9,410,Mar-2017,1050.4,414,Aug-2002,Charged Off,13152.800000000001,1644.1000000000001,Dec-2017
4633, 36 months,15.34,G,< 1 year,OWN,38937.0,Verified,small_business,14.48,0,12,1,37709,86.3,57,360,Oct-2016,148.0,364,Oct-1989,Current,5327.95,0.0,Dec-2017
5586, 36 months,27.95,F,1 year,MORTGAGE,162590.0,Source Verified,car,10.81,1,21,0,56492,24.6,7,400,Sep-2013,178.44,404,May-2002,Fully Paid,6423.9,0.0,Dec-2017
20689, 36 months,9.3,D,5 years,OWN,63022.0,Source Verified,credit_card,24.04,1,28,0,3772,55.0,21,400,Jun-2015,660.9,404,Jan-1998,Fully Paid,23792.35,0.0,Dec-2017
18865, 36 months,10.45,E,10+ years,OWN,36689.0,Not Verified,credit_card,26.62,0,11,0,19793,72.3,40,385,Jun-2014,602.63,389,Dec-2008,Fully Paid,21694.75,0.0,Dec-2017
17150, 60 months,13.99,F,1 year,OWN,66914.0,Source Verified,debt_consolidation,7.44,0,20,0,11597,63.1,51,420,Sep-2013,328.71,424,Apr-1995,Fully Paid,19722.5,0.0,Dec-2017
9939, 36 months,18.15,D,,RENT,52839.0,Not Verified,credit_card,23.15,2,15,1,21911,31.2,43,375,Jan-2015,317.5,379,Dec-1991,Fully Paid,11429.849999999999,0.0,Dec-2017
32233, 60 months,11.57,E,10+ years,OWN,32488.0,Verified,debt_consolidation,2.1,2,22,0,57131,26.5,39,415,Feb-2017,617.8,419,Feb-2004,Current,37067.95,0.0,Dec-2017
34284, 36 months,12.18,E,1 year,OWN,132231.0,Verified,debt_consolidation,22.07,0,16,0,37058,20.8,26,350,Oct-2017,1095.18,354,Apr-2001,Late (31-120 days),39426.6,0.0,Dec-2017
39389, 36 months,6.08,F,< 1 year,OWN,248529.0,Verified,credit_card,16.97,1,25,0,39348,2.5,36,405,Mar-2013,1258.26,409,Sep-1992,Fully Paid,45297.35,0.0,Dec-2017
18305, 36 months,6.22,B,5 years,RENT,20576.0,Verified,small_business,29.69,1,17,0,28504,37.5,45,405,Aug-2013,584.74,409,Dec-1991,Fully Paid,21050.75,0.0,Dec-2017
27166, 36 months,20.77,F,1 year,MORTGAGE,68465.0,Source Verified,car,1.07,0,7,1,49585,4.0,53,400,Jul-2013,867.8,404,Oct-1990,Fully Paid,31240.899999999998,0.0,Dec-2017
37775, 60 months,22.32,E,< 1 year,MORTGAGE,138397.0,Verified,debt_consolidation,19.31,0,24,1,38734,25.2,13,340,Dec-2015,724.02,344,Feb-1997,Fully Paid,43441.25,0.0,Dec-2017
35804, 36 months,11.21,F,1 year,MORTGAGE,50285.0,Not Verified,small_business,7.55,0,5,0,48539,68.6,53,345,May-2016,1143.74,349,Feb-1991,Fully Paid,41174.6,0.0,Dec-2017
27278, 36 months,22.77,B,5 years,MORTGAGE,47183.0,Not Verified,car,16.58,0,21,0,36557,66.3,9,370,Jul-2016,871.38,374,Jun-2010,Fully Paid,31369.699999999997,0.0,Dec-2017
35729, 36 months,6.47,B,1 year,OWN,54984.0,Not Verified,credit_card,8.0,0,3,0,42679,59.9,46,360,Jul-2016,1141.34,364,Jun-2010,Late (31-120 days),41088.35,0.0,Dec-2017
6296, 36 months,10.03,D,1 year,OWN,20300.0,Verified,debt_consolidation,30.71,0,10,0,43272,72.4,36,400,Nov-2012,201.12,404,May-2009,Fully Paid,7240.4,0.0,Dec-2017
12104, 36 months,20.16,A,< 1 year,RENT,22168.0,Verified,credit_card,20.83,0,7,0,26066,59.7,15,335,Jan-2014,386.66,339,Apr-1997,Fully Paid,13919.599999999999,0.0,Dec-2017
19771, 36 months,24.36,D,,MORTGAGE,162095.0,Verified,debt_consolidation,16.88,0,28,0,8698,89.2,27,405,Mar-2017,631.57,409,Sep-2005,Late (31-120 days),22736.649999999998,0.0,Dec-2017
26018, 60 months,13.62,A,,RENT,37421.0,Not Verified,credit_card,15.51,0,28,1,27463,46.6,8,385,Apr-2012,498.68,389,Aug-2003,Fully Paid,29920.699999999997,0.0,Dec-2017
33544, 60 months,19.84,A,,OWN,139649.0,Not Verified,car,12.3,0,7,0,42889,50.1,36,365,Jan-2015,642.93,369,Jul-2001,Fully Paid,38575.6,0.0,Dec-2017
11416, 36 months,10.46,F,,MORTGAGE,18649.0,Verified,small_business,27.09,0,25,1,31880,2.8,11,370,Nov-2016,364.68,374,Jan-1998,Late (31-120 days),13128.4,0.0,Dec-2017
6456, 36 months,13.13,G,< 1 year,MORTGAGE,84596.0,Source Verified,credit_card,20.85,1,21,0,48059,70.9,14,365,Sep-2017,206.23,369,Sep-1993,Fully Paid,7424.4,0.0,Dec-2017
20145, 36 months,12.12,A,,RENT,48871.0,Not Verified,debt_consolidation,11.14,0,17,0,19035,7.9,56,360,Oct-2012,643.52,364,Aug-1991,Fully Paid,23166.75,0.0,Dec-2017
31529, 36 months,21.54,C,< 1 year,OWN,60356.0,Not Verified,debt_consolidation,3.32,0,4,0,3162,27.7,11,335,May-2017,1007.18,339,Dec-2007,Fully Paid,36258.35,0.0,Dec-2017
38923, 60 months,24.09,A,1 year,RENT,65704.0,Source Verified,debt_consolidation,16.94,0,13,0,691,0.0,19,360,Sep-2012,746.02,364,Nov-2009,Fully Paid,44761.45,0.0,Dec-2017
39955, 36 months,26.35,F,1 year,MORTGAGE,68551.0,Verified,debt_consolidation,27.65,0,11,0,16478,52.0,41,345,Sep-2017,1276.34,349,Oct-1989,Current,45948.25,0.0,Dec-2017
23330, 60 months,22.93,G,,RENT,76144.0,Verified,debt_consolidation,13.37,0,7,0,34595,91.8,25,345,Jan-2013,447.16,349,Aug-1994,Fully Paid,26829.499999999996,0.0,Dec-2017
11429, 36 months,8.88,B,,MORTGAGE,55430.0,Verified,small_business,15.46,0,12,0,28604,34.3,35,390,Feb-2013,365.09,394,Dec-1983,Fully Paid,13143.349999999999,0.0,Dec-2017
33166, 60 months,16.6,E,10+ years,MORTGAGE,45327.0,Source Verified,small_business,23.05,0,6,0,48103,96.2,59,335,Sep-2013,635.68,339,May-1986,Fully Paid,38140.899999999994,0.0,Dec-2017
8132, 36 months,14.95,A,10+ years,MORTGAGE,61104.0,Source Verified,small_business,5.1,0,4,0,59371,10.5,15,390,Jan-2017,259.77,394,Jan-2013,Current,9351.8,0.0,Dec-2017
10758, 60 months,22.18,G,1 year,RENT,73395.0,Not Verified,credit_card,6.64,0,15,0,54783,88.5,43,380,Feb-2015,206.2,384,Dec-1988,Fully Paid,12371.699999999999,0.0,Dec-2017
26269, 60 months,6.03,C,1 year,RENT,30065.0,Source Verified,debt_consolidation,7.55,0,6,0,11736,39.3,47,395,Mar-2017,503.49,399,Apr-1991,Current,30209.35,0.0,Dec-2017
37442, 36 months,6.59,C,,MORTGAGE,32815.0,Verified,debt_consolidation,21.46,0,26,0,26981,8.9,13,415,Mar-2012,1196.06,419,Jan-2007,Fully Paid,43058.299999999996,0.0,Dec-2017
5145, 36 months,6.87,C,,MORTGAGE,52635.0,Verified,small_business,27.75,0,23,0,1440,9.7,49,355,Sep-2017,164.35,359,Apr-2002,Current,5916.749999999999,0.0,Dec-2017
33249, 60 months,10.07,C,< 1 year,MORTGAGE,85033.0,Verified,credit_card,26.36,0,25,0,24857,57.2,44,360,Apr-2016,637.27,364,Aug-2013,Fully Paid,38236.35,0.0,Dec-2017
31874, 36 months,25.99,F,< 1 year,RENT,149874.0,Source Verified,small_business,13.05,1,10,0,22886,81.4,25,360,Nov-2015,1018.2,364,Jul-2011,Fully Paid,36655.1,0.0,Dec-2017
6963, 36 months,17.91,D,10+ years,OWN,257797.0,Not Verified,debt_consolidation,16.43,0,20,0,34085,33.0,53,360,Feb-2014,222.43,364,Aug-2001,Fully Paid,8007.45,0.0,Dec-2017
8014, 36 months,25.02,D,1 year,RENT,68084.0,Verified,debt_consolidation,8.8,0,7,0,12341,22.4,52,370,Mar-2014,256.0,374,Feb-2006,Fully Paid,9216.099999999999,0.0,Dec-2017
11794, 60 months,10.97,A,< 1 year,RENT,34927.0,Not Verified,small_business,3.83,1,7,0,31909,29.6,6,345,Jul-2014,226.05,349,Jun-1995,Fully Paid,13563.099999999999,0.0,Dec-2017
23293, 36 months,16.11,E,5 years,RENT,20341.0,Verified,car,21.64,1,26,0,28259,47.1,14,340,Jul-2015,744.08,344,Nov-1992,Fully Paid,26786.949999999997,0.0,Dec-2017
34100, 60 months,27.13,B,< 1 year,MORTGAGE,63702.0,Not Verified,debt_consolidation,11.92,0,25,0,46209,72.4,58,420,Jul-2016,653.58,424,May-1993,Fully Paid,39215.0,0.0,Dec-2017
2080, 36 months,13.63,G,5 years,OWN,80221.0,Source Verified,debt_consolidation,17.6,0,10,0,4321,22.1,57,345,Dec-2012,66.44,349,Apr-1983,Fully Paid,2392.0,0.0,Dec-2017
34574, 60 months,24.62,C,,OWN,23895.0,Verified,car,22.04,0,9,1,57027,59.0,38,420,Jan-2017,662.67,424,Jul-1993,In Grace Period,39760.1,0.0,Dec-2017
8531, 36 months,26.76,B,10+ years,RENT,43923.0,Not Verified,credit_card,25.88,1,24,0,35653,79.9,25,340,Dec-2017,272.52,344,Aug-1993,Current,3412.4,426.55,Dec-2017
31864, 36 months,13.32,E,< 1 year,RENT,35788.0,Source Verified,debt_consolidation,25.61,1,6,0,35293,89.1,42,380,Jan-2016,1017.88,384,Jan-1988,Fully Paid,36643.6,0.0,Dec-2017
28137, 36 months,8.22,D,1 year,RENT,64839.0,Not Verified,car,25.47,0,24,0,44392,41.7,57,410,Apr-2016,898.82,414,Dec-1996,Fully Paid,32357.55,0.0,Dec-2017
4654, 36 months,10.83,G,,RENT,33462.0,Source Verified,small_business,17.06,0,15,0,10627,77.4,12,410,Dec-2016,148.67,414,Mar-2012,In Grace Period,5352.099999999999,0.0,Dec-2017
24753, 36 months,9.89,C,1 year,MORTGAGE,115846.0,Not Verified,credit_card,10.98,0,22,0,20955,35.1,59,340,Jan-2014,790.72,344,May-1993,Fully Paid,28465.949999999997,0.0,Dec-2017
26819, 36 months,24.7,B,5 years,RENT,34165.0,Source Verified,credit_card,25.51,1,10,0,39248,44.9,45,410,Jan-2014,856.72,414,Mar-2001,Fully Paid,30841.85,0.0,Dec-2017
6510, 36 months,12.84,D,1 year,MORTGAGE,58037.0,Verified,car,29.62,0,27,0,8134,5.3,56,335,Jul-2017,207.96,339,Nov-2014,Fully Paid,7486.499999999999,0.0,Dec-2017
36147, 36 months,13.35,D,< 1 year,MORTGAGE,46746.0,Not Verified,debt_consolidation,23.3,0,2,0,17445,20.5,40,410,Sep-2012,1154.7,414,Feb-1985,Fully Paid,41569.049999999996,0.0,Dec-2017
8415, 60 months,25.82,C,10+ years,MORTGAGE,116814.0,Not Verified,small_business,23.06,0,12,0,53227,21.3,9,405,Apr-2016,161.29,409,Mar-2003,Charged Off,3366.0,420.75,Dec-2017
35146, 36 months,21.09,D,10+ years,RENT,39698.0,Not Verified,small_business,21.5,0,19,0,36276,89.2,57,365,Oct-2016,1122.72,369,Jan-2004,Current,40417.899999999994,0.0,Dec-2017
29640, 60 months,10.66,E,10+ years,OWN,109007.0,Source Verified,debt_consolidation,25.76,1,4,1,6031,88.6,9,365,Dec-2013,568.1,369,Dec-1994,Fully Paid,34086.0,0.0,Dec-2017
16156, 60 months,15.87,A,10+ years,RENT,89563.0,Not Verified,credit_card,18.13,0,9,0,18720,7.4,26,380,Feb-2014,309.66,384,Aug-1993,Fully Paid,18579.399999999998,0.0,Dec-2017
39954, 36 months,15.79,G,10+ years,MORTGAGE,51629.0,Source Verified,car,32.62,0,14,0,43201,53.3,29,420,Jul-2017,1276.31,424,Dec-1992,In Grace Period,45947.1,0.0,Dec-2017
23297, 36 months,16.67,G,< 1 year,MORTGAGE,76492.0,Verified,car,24.81,0,15,0,10591,67.6,44,360,Mar-2013,744.21,364,Jan-1992,Fully Paid,26791.55,0.0,Dec-2017
11278, 60 months,6.54,G,,RENT,74101.0,Source Verified,debt_consolidation,13.69,0,6,0,36005,14.6,35,340,Dec-2013,216.16,344,Jan-1998,Fully Paid,12969.699999999999,0.0,Dec-2017
39877, 36 months,23.12,F,,OWN,126285.0,Verified,credit_card,38.84,0,6,0,34615,78.2,56,330,Apr-2016,1273.85,334,May-2011,Fully Paid,45858.549999999996,0.0,Dec-2017
31929, 36 months,17.49,G,10+ years,OWN,44292.0,Not Verified,debt_consolidation,20.52,0,21,0,18766,26.6,59,330,Dec-2013,1019.95,334,Jul-2006,Fully Paid,36718.35,0.0,Dec-2017
28629, 36 months,16.23,E,,MORTGAGE,49476.0,Source Verified,credit_card,20.18,0,23,0,27300,69.5,23,395,May-2016,914.54,399,Feb-2009,Fully Paid,32923.35,0.0,Dec-2017
3200, 36 months,16.37,B,1 year,OWN,66922.0,Not Verified,small_business,24.32,0,14,0,28475,22.8,17,350,Mar-2012,102.22,354,Oct-2006,Fully Paid,3679.9999999999995,0.0,Dec-2017
4185, 36 months,7.16,A,1 year,RENT,39912.0,Not Verified,small_business,23.78,1,25,1,6755,17.5,12,415,Mar-2014,133.69,419,Sep-1989,Fully Paid,4812.75,0.0,Dec-2017
19386, 60 months,6.79,B,1 year,RENT,63778.0,Source Verified,small_business,29.33,0,3,2,1660,1.7,55,395,Mar-2016,371.56,399,Aug-1989,Fully Paid,22293.899999999998,0.0,Dec-2017
33655, 60 months,15.91,F,5 years,OWN,31720.0,Verified,car,5.0,1,23,0,46076,13.2,53,400,Jul-2017,645.05,404,Jul-2003,Fully Paid,38703.25,0.0,Dec-2017
37048, 60 months,9.16,C,10+ years,RENT,90474.0,Not Verified,car,7.33,0,20,0,17587,86.9,42,385,Aug-2012,710.09,389,Apr-2004,Fully Paid,42605.2,0.0,Dec-2017
8871, 36 months,23.08,G,1 year,RENT,43379.0,Source Verified,small_business,11.7,0,8,0,632,88.9,23,405,Mar-2015,283.38,409,Aug-1998,Fully Paid,10201.65,0.0,Dec-2017
24304, 36 months,18.95,G,1 year,OWN,158411.0,Not Verified,car,34.61,0,25,1,10532,54.7,30,370,Apr-2012,776.38,374,Nov-2005,Fully Paid,27949.6,0.0,Dec-2017
32778, 60 months,8.27,G,10+ years,OWN,59310.0,Source Verified,debt_consolidation,23.12,0,27,0,10312,61.6,7,405,Feb-2013,628.24,409,Feb-2002,Fully Paid,37694.7,0.0,Dec-2017
14627, 36 months,19.24,G,1 year,OWN,66208.0,Not Verified,small_business,28.69,0,12,0,6324,9.1,58,385,Dec-2015,467.25,389,Feb-2011,Fully Paid,16821.05,0.0,Dec-2017
7665, 60 months,20.78,D,5 years,RENT,68407.0,Verified,car,0.0,0,7,0,38269,2.6,58,410,Jan-2015,146.91,414,Jun-2010,Fully Paid,8814.75,0.0,Dec-2017
29056, 36 months,12.75,D,10+ years,OWN,29620.0,Not Verified,car,8.24,0,13,0,17012,79.5,20,355,Oct-2017,928.18,359,Jul-1996,Fully Paid,33414.399999999994,0.0,Dec-2017
36518, 36 months,17.14,A,1 year,RENT,37884.0,Source Verified,car,12.33,2,8,0,39452,75.1,36,385,Dec-2016,1166.55,389,Nov-2009,Late (31-120 days),41995.7,0.0,Dec-2017
23215, 60 months,20.45,F,< 1 year,OWN,43827.0,Verified,debt_consolidation,23.8,0,4,0,32771,54.4,33,395,May-2012,444.95,399,Mar-1999,Fully Paid,26697.249999999996,0.0,Dec-2017
23917, 36 months,11.43,C,5 years,RENT,71328.0,Source Verified,debt_consolidation,12.23,0,4,1,37362,73.2,23,365,Jan-2017,764.02,369,Nov-2001,Late (31-120 days),27504.55,0.0,Dec-2017
20692, 36 months,20.52,D,1 year,RENT,67234.0,Not Verified,debt_consolidation,25.66,0,8,0,21399,82.2,8,420,Jul-2016,660.99,424,Mar-1989,Late (31-120 days),23795.8,0.0,Dec-2017
7050, 60 months,9.9,B,5 years,RENT,76254.0,Verified,credit_card,28.88,0,6,0,44690,73.3,54,385,May-2013,135.12,389,Apr-1993,Fully Paid,8107.499999999999,0.0,Dec-2017
32689, 60 months,14.85,E,,RENT,37285.0,Source Verified,small_business,19.27,0,14,0,51352,46.0,14,360,May-2013,626.54,364,Apr-2007,Fully Paid,37592.35,0.0,Dec-2017
38286, 36 months,27.56,E,< 1 year,OWN,34647.0,Not Verified,car,11.7,0,17,0,42000,18.7,7,415,Feb-2017,1223.02,419,Aug-1992,Late (31-120 days),44028.899999999994,0.0,Dec-2017
31411, 36 months,24.25,A,5 years,OWN,51847.0,Source Verified,credit_card,14.99,0,22,0,41690,53.5,5,345,Mar-2017,1003.41,349,Jan-1994,Late (31-120 days),36122.649999999994,0.0,Dec-2017
26127, 36 months,11.36,G,5 years,OWN,108392.0,Source Verified,small_business,6.57,0,16,0,45080,8.4,7,330,Jan-2012,834.61,334,Apr-1994,Fully Paid,30046.05,0.0,Dec-2017
18223, 36 months,15.46,F,< 1 year,RENT,66397.0,Not Verified,debt_consolidation,23.78,0,29,0,13475,98.6,56,330,Jan-2012,582.12,334,Sep-2009,Fully Paid,20956.449999999997,0.0,Dec-2017
37349, 60 months,13.86,F,5 years,MORTGAGE,75759.0,Not Verified,car,13.04,0,22,1,57524,41.6,19,375,Feb-2012,715.86,379,Jun-1986,Fully Paid,42951.35,0.0,Dec-2017
27090, 60 months,22.78,G,< 1 year,MORTGAGE,55897.0,Verified,debt_consolidation,15.76,0,27,0,32444,47.0,24,395,Mar-2013,519.22,399,Aug-1990,Fully Paid,31153.499999999996,0.0,Dec-2017
25230, 60 months,14.11,G,,MORTGAGE,61615.0,Verified,debt_consolidation,16.05,1,20,0,28097,32.7,54,335,Dec-2017,483.58,339,Oct-2002,Fully Paid,29014.499999999996,0.0,Dec-2017
23954, 36 months,10.41,F,5 years,RENT,22974.0,Not Verified,credit_card,9.12,1,22,0,33248,20.0,11,370,Nov-2017,765.2,374,Jun-1989,Late (31-120 days),27547.1,0.0,Dec-2017
4151, 36 months,19.16,A,10+ years,OWN,85685.0,Source Verified,credit_card,15.53,1,11,0,19180,36.8,35,350,Jan-2017,132.6,354,Aug-2010,Fully Paid,4773.65,0.0,Dec-2017
14174, 36 months,12.97,F,,MORTGAGE,43283.0,Source Verified,car,8.27,0,27,0,12150,41.0,27,340,Jun-2015,452.78,344,Jun-2008,Fully Paid,16300.099999999999,0.0,Dec-2017
8732, 36 months,26.49,F,< 1 year,MORTGAGE,72935.0,Not Verified,credit_card,15.71,0,14,0,1967,82.7,32,375,Jul-2014,278.94,379,Apr-1994,Fully Paid,10041.8,0.0,Dec-2017
8021, 36 months,15.35,F,< 1 year,RENT,102090.0,Not Verified,small_business,27.97,0,20,0,14469,36.4,31,390,Oct-2012,256.23,394,Jul-1993,Fully Paid,9224.15,0.0,Dec-2017
23703, 36 months,6.83,D,10+ years,OWN,75610.0,Not Verified,credit_card,16.32,0,14,0,17597,50.2,17,395,Dec-2015,757.18,399,Mar-1998,Fully Paid,27258.449999999997,0.0,Dec-2017
22580, 60 months,20.4,E,5 years,MORTGAGE,53537.0,Not Verified,credit_card,13.76,1,3,0,2054,22.6,30,375,Jan-2012,432.78,379,May-2006,Fully Paid,25966.999999999996,0.0,Dec-2017
27437, 36 months,27.5,C,10+ years,MORTGAGE,78711.0,Verified,debt_consolidation,5.88,0,9,0,28847,37.0,25,340,Sep-2017,876.46,344,Feb-2001,In Grace Period,31552.55,0.0,Dec-2017
13623, 36 months,8.06,F,10+ years,RENT,75379.0,Not Verified,car,36.2,1,12,0,44812,59.2,26,405,Jun-2014,435.18,409,Mar-2007,Fully Paid,15666.449999999999,0.0,Dec-2017
6665, 36 months,15.15,C,< 1 year,RENT,109077.0,Source Verified,small_business,29.77,0,18,0,43044,89.0,59,330,Feb-2015,212.91,334,Dec-1992,Fully Paid,7664.749999999999,0.0,Dec-2017
30783, 36 months,27.64,B,,OWN,47998.0,Verified,debt_consolidation,13.8,1,24,0,17144,6.5,35,380,Aug-2014,983.35,384,Jun-1992,Fully Paid,35400.45,0.0,Dec-2017
26052, 36 months,14.48,A,< 1 year,RENT,29221.0,Source Verified,small_business,20.82,2,23,0,15498,65.0,31,360,Aug-2017,832.22,364,Apr-1993,Fully Paid,29959.8,0.0,Dec-2017
33938, 60 months,26.38,G,5 years,RENT,87043.0,Not Verified,car,16.28,1,21,1,32702,14.2,20,335,Mar-2015,650.48,339,Sep-2000,Fully Paid,39028.7,0.0,Dec-2017
26210, 60 months,25.45,F,1 year,RENT,14237.0,Verified,credit_card,37.14,0,24,0,37802,36.1,17,390,Nov-2016,502.36,394,Sep-2002,Late (31-120 days),30141.499999999996,0.0,Dec-2017
26732, 60 months,12.09,F,1 year,MORTGAGE,127888.0,Not Verified,credit_card,9.32,0,18,0,45323,46.3,40,395,Jan-2016,512.36,399,Nov-1988,Fully Paid,30741.8,0.0,Dec-2017
29162, 36 months,18.23,F,5 years,MORTGAGE,25160.0,Not Verified,small_business,7.6,0,11,0,15611,85.9,5,365,Dec-2016,931.56,369,Aug-1988,In Grace Period,33536.299999999996,0.0,Dec-2017
11205, 36 months,7.27,C,5 years,OWN,30284.0,Source Verified,small_business,15.82,0,17,0,41412,87.6,14,410,Dec-2012,357.94,414,Jan-2000,Fully Paid,12885.749999999998,0.0,Dec-2017
10717, 36 months,21.28,B,5 years,OWN,127462.0,Source Verified,small_business,22.21,0,5,0,57053,23.6,39,360,Jan-2014,342.35,364,May-1986,Fully Paid,12324.55,0.0,Dec-2017
20007, 36 months,14.24,A,,RENT,98483.0,Source Verified,credit_card,19.73,0,12,0,23139,41.3,9,380,Nov-2013,639.11,384,May-1995,Fully Paid,23008.05,0.0,Dec-2017
11488, 60 months,11.8,E,5 years,MORTGAGE,45675.0,Not Verified,car,17.54,0,16,1,38232,50.0,4,410,Jun-2012,220.19,414,Jul-2008,Fully Paid,13211.199999999999,0.0,Dec-2017
37495, 36 months,26.93,G,,RENT,89277.0,Not Verified,small_business,21.4,1,2,0,55944,46.6,57,350,Apr-2012,1197.76,354,Nov-1993,Charged Off,14998.0,1874.75,Dec-2017
6802, 36 months,24.24,G,,OWN,98542.0,Verified,credit_card,23.69,0,7,1,39584,22.0,50,360,Jan-2014,217.29,364,Mar-1984,Fully Paid,7822.299999999999,0.0,Dec-2017
17797, 60 months,27.95,D,10+ years,MORTGAGE,86826.0,Source Verified,debt_consolidation,30.75,0,27,0,19892,44.2,18,355,Dec-2017,341.11,359,Nov-2011,Fully Paid,20466.55,0.0,Dec-2017
23534, 36 months,13.93,A,10+ years,RENT,147889.0,Not Verified,debt_consolidation,22.09,0,6,0,7719,51.6,10,365,May-2016,751.78,369,Oct-2004,Fully Paid,27064.1,0.0,Dec-2017
12290, 36 months,13.88,F,10+ years,OWN,56325.0,Not Verified,debt_consolidation,34.14,0,26,0,48049,67.9,8,340,Jul-2014,392.6,344,Apr-2001,Fully Paid,14133.499999999998,0.0,Dec-2017
13347, 36 months,8.85,D,,OWN,28497.0,Verified,car,25.09,0,7,0,29395,46.4,27,395,Oct-2016,426.36,399,Mar-1987,Current,15349.05,0.0,Dec-2017
31913, 36 months,6.67,B,< 1 year,MORTGAGE,110338.0,Verified,debt_consolidation,15.42,0,14,0,28151,83.2,25,375,Jan-2016,1019.44,379,Jan-1995,Fully Paid,36699.95,0.0,Dec-2017
24606, 60 months,14.08,D,< 1 year,MORTGAGE,21648.0,Source Verified,credit_card,0.61,0,26,1,258,11.3,37,360,Aug-2012,471.62,364,May-1986,Fully Paid,28296.899999999998,0.0,Dec-2017
38413, 36 months,17.01,C,1 year,RENT,165566.0,Not Verified,debt_consolidation,27.06,0,4,1,26452,62.5,39,330,Sep-2013,1227.08,334,May-1994,Fully Paid,44174.95,0.0,Dec-2017
28879, 36 months,9.41,F,10+ years,RENT,35953.0,Source Verified,debt_consolidation,5.3,0,23,0,51692,51.6,52,350,Jun-2015,922.52,354,Nov-1992,Fully Paid,33210.85,0.0,Dec-2017
23510, 36 months,9.86,F,,OWN,92711.0,Not Verified,credit_card,33.38,0,7,1,38928,48.1,7,410,Nov-2012,751.01,414,May-1987,Fully Paid,27036.499999999996,0.0,Dec-2017
26691, 36 months,14.59,E,< 1 year,RENT,75415.0,Not Verified,debt_consolidation,19.86,0,21,0,32981,88.7,55,340,Mar-2014,852.63,344,Oct-1984,Fully Paid,30694.649999999998,0.0,Dec-2017
24859, 60 months,9.15,D,1 year,MORTGAGE,52901.0,Source Verified,credit_card,11.59,2,26,0,36984,88.8,13,365,Feb-2013,476.46,369,May-2005,Fully Paid,28587.85,0.0,Dec-2017
23814, 60 months,25.06,C,< 1 year,MORTGAGE,65858.0,Source Verified,car,14.09,0,16,0,5375,36.6,45,350,Nov-2012,456.43,354,Jul-1984,Fully Paid,27386.1,0.0,Dec-2017
23655, 36 months,22.0,F,,RENT,201518.0,Not Verified,small_business,24.72,0,18,0,14162,54.1,40,420,Feb-2012,755.65,424,Apr-1991,Fully Paid,27203.249999999996,0.0,Dec-2017
14180, 36 months,13.15,A,,MORTGAGE,37103.0,Verified,car,16.85,0,8,0,28925,52.5,56,420,May-2014,452.97,424,Oct-2011,Fully Paid,16306.999999999998,0.0,Dec-2017
24714, 60 months,20.88,G,10+ years,OWN,55468.0,Verified,small_business,28.48,0,19,0,12679,59.5,50,340,Feb-2016,473.68,344,Feb-1991,Fully Paid,28421.1,0.0,Dec-2017
29385, 36 months,24.92,A,1 year,MORTGAGE,38099.0,Source Verified,credit_card,8.49,0,2,0,21297,38.9,47,415,Nov-2015,938.69,419,Apr-2012,Fully Paid,33792.75,0.0,Dec-2017
31215, 36 months,14.3,G,10+ years,RENT,31838.0,Not Verified,small_business,16.73,1,20,0,17353,5.5,24,330,Dec-2017,997.15,334,Jan-1996,Current,35897.25,0.0,Dec-2017
15625, 60 months,24.76,C,5 years,MORTGAGE,72276.0,Verified,credit_card,34.75,0,12,1,35424,93.9,51,350,Sep-2012,299.48,354,Jul-1998,Fully Paid,17968.75,0.0,Dec-2017
17599, 36 months,27.16,D,10+ years,RENT,51859.0,Source Verified,car,7.11,0,5,1,28124,81.5,18,350,Jul-2012,562.19,354,Sep-1988,Fully Paid,20238.85,0.0,Dec-2017
20154, 36 months,13.79,G,< 1 year,OWN,41177.0,Source Verified,small_business,7.84,0,10,0,52591,86.8,7,420,Jun-2012,643.81,424,Dec-1998,Fully Paid,23177.1,0.0,Dec-2017
20954, 60 months,13.49,G,10+ years,MORTGAGE,94066.0,Verified,small_business,8.36,0,14,0,56593,57.3,4,400,Dec-2012,401.62,404,Jan-2001,Fully Paid,24097.1,0.0,Dec-2017
29357, 36 months,19.91,A,< 1 year,RENT,15354.0,Verified,credit_card,38.12,1,9,1,31602,43.1,7,390,Oct-2014,937.79,394,Nov-2008,Fully Paid,33760.549999999996,0.0,Dec-2017
5696, 36 months,10.16,A,,OWN,70249.0,Not Verified,credit_card,22.76,0,29,0,53056,73.0,32,400,Oct-2016,181.96,404,Apr-2014,Current,6550.4,0.0,Dec-2017
28022, 36 months,7.88,A,< 1 year,MORTGAGE,73420.0,Verified,small_business,41.35,0,19,0,58695,40.9,9,415,Nov-2015,895.15,419,Oct-1996,Fully Paid,32225.3,0.0,Dec-2017
20995, 36 months,23.11,B,10+ years,OWN,30090.0,Verified,car,3.81,0,26,0,8641,61.0,56,395,Oct-2015,670.67,399,Dec-2008,Fully Paid,24144.249999999996,0.0,Dec-2017
36278, 36 months,20.32,E,< 1 year,OWN,56948.0,Verified,debt_consolidation,23.79,1,18,1,59391,74.7,7,360,Aug-2013,1158.88,364,Jan-2001,Fully Paid,41719.7,0.0,Dec-2017
34344, 36 months,10.33,C,,OWN,34472.0,Source Verified,debt_consolidation,13.44,0,8,0,31965,70.8,4,335,Sep-2017,1097.1,339,Nov-2013,Late (31-120 days),39495.6,0.0,Dec-2017
17079, 60 months,11.65,D,,RENT,28237.0,Not Verified,small_business,20.56,1,14,0,30729,71.0,38,355,Oct-2017,327.35,359,Aug-2010,Fully Paid,19640.85,0.0,Dec-2017
4309, 36 months,7.4,G,1 year,RENT,41900.0,Source Verified,debt_consolidation,21.01,0,4,1,9386,65.8,19,415,Mar-2014,137.65,419,Mar-2001,Fully Paid,4955.349999999999,0.0,Dec-2017
28361, 60 months,22.77,A,10+ years,RENT,165901.0,Source Verified,debt_consolidation,11.85,1,14,0,31890,2.0,30,380,Jun-2015,543.59,384,Jul-1985,Fully Paid,32615.149999999998,0.0,Dec-2017
36393, 36 months,22.82,G,,OWN,160200.0,Verified,credit_card,22.06,1,16,0,26834,85.2,56,345,Jul-2014,1162.55,349,Dec-2010,Fully Paid,41851.95,0.0,Dec-2017
2422, 36 months,15.6,G,< 1 year,OWN,73394.0,Source Verified,debt_consolidation,21.72,0,17,0,970,12.7,57,405,Nov-2013,77.37,409,Aug-1990,Fully Paid,2785.2999999999997,0.0,Dec-2017
6398, 36 months,9.46,F,,RENT,82501.0,Verified,car,23.83,0,9,0,15375,11.2,55,360,Sep-2013,204.38,364,Nov-1987,Fully Paid,7357.7,0.0,Dec-2017
26573, 60 months,8.25,D,5 years,OWN,69560.0,Not Verified,car,14.23,0,16,0,58871,13.4,32,345,Jul-2017,509.32,349,Jan-2001,Late (31-120 days),30558.949999999997,0.0,Dec-2017
18708, 36 months,27.68,A,10+ years,RENT,65249.0,Source Verified,small_business,29.43,0,15,0,24050,54.5,58,360,Oct-2016,597.62,364,Jun-1993,Current,21514.199999999997,0.0,Dec-2017
20729, 36 months,16.5,A,,RENT,138327.0,Verified,credit_card,27.88,1,5,0,52442,0.0,59,395,Jan-2017,662.18,399,Aug-2012,Fully Paid,23838.35,0.0,Dec-2017
23518, 36 months,21.14,F,10+ years,RENT,77545.0,Verified,car,25.53,1,3,0,15803,77.4,14,365,Feb-2013,751.27,369,Dec-1998,Fully Paid,27045.699999999997,0.0,Dec-2017
18822, 36 months,24.67,F,10+ years,MORTGAGE,95155.0,Verified,debt_consolidation,5.0,0,9,0,10541,21.2,58,330,Jun-2014,601.26,334,Oct-2008,Fully Paid,21645.3,0.0,Dec-2017
39199, 60 months,10.23,F,,RENT,74817.0,Verified,small_business,24.96,0,22,0,41591,40.6,25,375,Apr-2014,751.31,379,Dec-2003,Fully Paid,45078.85,0.0,Dec-2017
12157, 60 months,16.6,C,1 year,MORTGAGE,37783.0,Not Verified,credit_card,19.14,0,8,0,21648,94.0,38,375,Sep-2017,233.01,379,Apr-1988,Current,13980.55,0.0,Dec-2017
27520, 36 months,15.41,B,< 1 year,MORTGAGE,117354.0,Verified,debt_consolidation,6.02,0,19,1,52650,97.5,11,345,Dec-2015,879.11,349,Dec-1999,Fully Paid,31647.999999999996,0.0,Dec-2017
7340, 36 months,11.87,G,< 1 year,MORTGAGE,48676.0,Verified,car,30.78,0,5,0,54774,32.4,49,360,Sep-2016,234.47,364,May-2006,Fully Paid,8441.0,0.0,Dec-2017
24198, 36 months,7.69,F,10+ years,MORTGAGE,14929.0,Verified,car,18.67,0,29,0,15247,3.9,6,395,Jun-2017,772.99,399,Sep-2001,In Grace Period,27827.699999999997,0.0,Dec-2017
21060, 36 months,20.67,F,5 years,MORTGAGE,48964.0,Not Verified,credit_card,17.15,2,4,0,11856,71.8,33,350,Feb-2012,672.75,354,Aug-1994,Fully Paid,24218.999999999996,0.0,Dec-2017
25951, 60 months,6.15,A,10+ years,OWN,92976.0,Not Verified,debt_consolidation,25.0,1,14,0,21888,66.3,40,360,Nov-2016,497.39,364,Sep-1988,Fully Paid,29843.649999999998,0.0,Dec-2017
29838, 36 months,14.39,C,5 years,OWN,41161.0,Source Verified,car,30.1,0,23,0,30437,74.3,12,340,May-2015,953.16,344,Oct-2009,Fully Paid,34313.7,0.0,Dec-2017
15156, 36 months,26.0,A,< 1 year,OWN,150393.0,Source Verified,small_business,13.87,0,26,0,5557,82.0,38,350,Jul-2012,484.15,354,Apr-1998,Fully Paid,17429.399999999998,0.0,Dec-2017
35042, 60 months,15.7,C,5 years,MORTGAGE,127445.0,Verified,car,13.31,1,22,0,46534,18.5,32,345,Aug-2017,671.64,349,Jul-2006,Current,40298.299999999996,0.0,Dec-2017
38794, 36 months,27.85,E,5 years,OWN,131605.0,Source Verified,small_business,21.38,1,26,0,46961,45.6,13,375,Mar-2017,1239.25,379,Jan-1998,Fully Paid,44613.1,0.0,Dec-2017
1355, 36 months,27.7,C,5 years,OWN,20395.0,Not Verified,credit_card,20.57,1,19,1,46406,26.4,38,340,Mar-2016,43.28,344,Aug-2010,Fully Paid,1558.2499999999998,0.0,Dec-2017
37878, 60 months,20.29,A,1 year,OWN,188898.0,Verified,credit_card,18.57,0,27,0,18125,81.2,56,420,Sep-2016,725.99,424,Jul-2001,In Grace Period,43559.7,0.0,Dec-2017
11223, 36 months,13.71,A,1 year,RENT,75736.0,Source Verified,car,15.61,0,16,0,50008,68.6,6,405,May-2014,358.51,409,Jul-1997,Fully Paid,12906.449999999999,0.0,Dec-2017
11907, 60 months,7.21,G,1 year,RENT,22990.0,Source Verified,car,27.98,1,4,0,18125,40.6,50,345,Oct-2014,228.22,349,Jan-1985,Fully Paid,13693.05,0.0,Dec-2017
14010, 60 months,25.85,E,< 1 year,MORTGAGE,66314.0,Not Verified,car,28.48,1,20,0,16677,5.5,36,365,Feb-2017,268.52,369,Jul-1990,Fully Paid,16111.499999999998,0.0,Dec-2017
3200, 60 months,8.92,C,,OWN,174627.0,Verified,credit_card,15.63,1,21,0,29929,4.1,18,375,Apr-2015,61.33,379,Dec-2010,Fully Paid,3679.9999999999995,0.0,Dec-2017
26330, 60 months,22.64,F,,OWN,94755.0,Verified,debt_consolidation,24.99,0,5,0,52608,52.6,19,410,Jun-2017,504.66,414,Jun-1994,Current,30279.499999999996,0.0,Dec-2017
9480, 36 months,26.38,B,1 year,MORTGAGE,92906.0,Not Verified,debt_consolidation,16.32,0,2,0,44046,80.2,41,365,Aug-2014,302.83,369,Sep-1995,Fully Paid,10902.0,0.0,Dec-2017
25640, 36 months,26.56,E,10+ years,RENT,49946.0,Not Verified,credit_card,28.11,0,4,1,7085,75.6,58,335,Aug-2013,819.06,339,Aug-1987,Charged Off,10256.0,1282.0,Dec-2017
2999, 60 months,12.76,F,,OWN,17912.0,Not Verified,credit_card,17.3,0,5,1,5364,40.1,51,380,May-2012,57.48,384,Mar-2004,Fully Paid,3448.85,0.0,Dec-2017
35958, 36 months,7.97,F,1 year,OWN,139806.0,Source Verified,debt_consolidation,21.0,0,4,0,46438,29.8,46,415,Nov-2017,1148.66,419,Dec-2000,Fully Paid,41351.7,0.0,Dec-2017
34564, 36 months,10.78,C,,MORTGAGE,40533.0,Source Verified,car,26.23,1,5,0,39184,18.0,8,350,Dec-2013,1104.13,354,Oct-1992,Fully Paid,39748.6,0.0,Dec-2017
28756, 36 months,25.65,C,10+ years,MORTGAGE,30682.0,Source Verified,credit_card,20.13,0,16,0,16036,28.2,15,350,Nov-2012,918.59,354,Apr-1995,Fully Paid,33069.399999999994,0.0,Dec-2017
14904, 36 months,23.64,F,10+ years,OWN,37315.0,Not Verified,small_business,16.34,0,16,0,12346,78.2,33,340,Jun-2017,476.1,344,Nov-1996,Fully Paid,17139.6,0.0,Dec-2017
10389, 36 months,19.74,B,1 year,MORTGAGE,83822.0,Not Verified,small_business,34.1,0,28,0,32777,19.5,59,415,Feb-2014,331.87,419,Jul-1993,Fully Paid,11947.349999999999,0.0,Dec-2017
35967, 36 months,21.95,C,10+ years,MORTGAGE,43873.0,Verified,debt_consolidation,15.97,1,13,0,39391,28.8,18,350,Aug-2015,1148.95,354,Jan-1997,Fully Paid,41362.049999999996,0.0,Dec-2017
27623, 60 months,7.79,E,10+ years,OWN,60337.0,Source Verified,small_business,18.69,0,2,1,33976,38.8,18,360,Sep-2017,529.44,364,May-1994,Late (31-120 days),31766.449999999997,0.0,Dec-2017
20564, 36 months,19.51,E,1 year,OWN,45758.0,Source Verified,credit_card,11.65,1,23,0,19455,62.0,35,380,Aug-2012,656.91,384,Aug-1996,Fully Paid,23648.6,0.0,Dec-2017
9999, 60 months,21.81,B,,OWN,74412.0,Verified,credit_card,13.81,1,12,0,50328,20.5,28,350,Nov-2017,191.65,354,Jul-2003,In Grace Period,11498.849999999999,0.0,Dec-2017
3355, 60 months,6.01,F,10+ years,MORTGAGE,44653.0,Not Verified,credit_card,20.89,0,25,0,11472,55.2,11,405,Apr-2015,64.3,409,Jul-2012,Fully Paid,3858.2499999999995,0.0,Dec-2017
27224, 36 months,11.06,F,1 year,OWN,129958.0,Verified,car,16.97,0,12,0,57733,25.6,5,370,Feb-2015,869.66,374,Aug-2001,Fully Paid,31307.6,0.0,Dec-2017
35132, 60 months,23.92,E,10+ years,RENT,33920.0,Source Verified,small_business,20.54,0,26,0,1674,98.8,6,420,Sep-2015,673.36,424,Jan-2003,Fully Paid,40401.799999999996,0.0,Dec-2017
31083, 36 months,16.1,F,10+ years,MORTGAGE,38775.0,Not Verified,debt_consolidation,17.59,1,10,0,20182,44.7,7,360,Jun-2015,992.93,364,Nov-2000,Fully Paid,35745.45,0.0,Dec-2017
9656, 36 months,15.69,E,1 year,MORTGAGE,39675.0,Source Verified,small_business,17.73,0,11,0,54345,27.5,48,380,Nov-2016,308.46,384,Nov-1988,Fully Paid,11104.4,0.0,Dec-2017
20948, 60 months,18.96,B,< 1 year,OWN,39177.0,Verified,credit_card,11.71,0,6,0,48671,52.3,8,350,Nov-2017,401.5,354,Mar-2002,Fully Paid,24090.199999999997,0.0,Dec-2017
29157, 36 months,15.66,F,5 years,OWN,120710.0,Source Verified,car,1.33,0,11,1,32983,1.7,12,330,Jun-2015,931.4,334,Aug-2009,Charged Off,11662.800000000001,1457.8500000000001,Dec-2017
10812, 36 months,27.07,B,,MORTGAGE,43458.0,Verified,small_business,20.59,0,20,0,13064,31.2,11,410,Jan-2012,345.38,414,Mar-1988,Fully Paid,12433.8,0.0,Dec-2017
2333, 36 months,9.39,B,,RENT,75692.0,Verified,car,3.74,0,4,0,47098,97.0,32,415,Mar-2013,74.53,419,Jun-2005,Fully Paid,2682.95,0.0,Dec-2017
24400, 36 months,16.44,B,1 year,OWN,75732.0,Source Verified,small_business,27.14,0,5,0,59955,7.3,52,350,Nov-2015,779.44,354,Jan-1999,Fully Paid,28059.999999999996,0.0,Dec-2017
1880, 36 months,26.13,C,10+ years,MORTGAGE,89988.0,Source Verified,car,11.51,0,10,0,51807,93.7,25,360,Oct-2017,60.06,364,Jun-1996,Fully Paid,2162.0,0.0,Dec-2017
36525, 60 months,27.66,E,,MORTGAGE,72126.0,Not Verified,car,30.37,2,24,0,22651,22.6,35,355,Nov-2012,700.06,359,Dec-1987,Fully Paid,42003.75,0.0,Dec-2017
14332, 36 months,23.23,B,10+ years,MORTGAGE,35601.0,Verified,credit_card,33.29,0,17,0,13841,9.8,21,350,Oct-2013,457.83,354,Apr-1989,Fully Paid,16481.8,0.0,Dec-2017
28897, 36 months,10.54,A,1 year,MORTGAGE,86005.0,Source Verified,credit_card,6.53,0,26,0,16619,32.8,22,350,Jan-2013,923.1,354,Sep-1988,Fully Paid,33231.549999999996,0.0,Dec-2017
22295, 36 months,11.22,G,,OWN,109681.0,Verified,credit_card,9.23,0,21,0,56443,89.7,25,405,May-2016,712.2,409,Aug-1988,Fully Paid,25639.249999999996,0.0,Dec-2017
28135, 36 months,6.15,F,,MORTGAGE,99324.0,Source Verified,car,12.4,0,19,0,53874,19.0,9,330,Dec-2016,898.76,334,Jan-2012,Current,32355.249999999996,0.0,Dec-2017
32992, 36 months,16.17,E,5 years,RENT,36468.0,Verified,small_business,7.98,0,5,0,14300,43.0,43,410,Feb-2016,1053.91,414,Apr-1988,Fully Paid,37940.799999999996,0.0,Dec-2017
36152, 60 months,17.84,G,,RENT,158390.0,Not Verified,debt_consolidation,6.54,0,3,0,24903,90.0,48,365,May-2017,692.91,369,Dec-2014,In Grace Period,41574.799999999996,0.0,Dec-2017
38276, 36 months,12.19,F,,MORTGAGE,53383.0,Verified,debt_consolidation,30.11,0,25,0,14986,63.4,29,365,Jul-2017,1222.71,369,Aug-2009,Fully Paid,44017.399999999994,0.0,Dec-2017
15979, 60 months,20.98,B,5 years,MORTGAGE,38329.0,Not Verified,car,20.21,0,5,0,6718,38.4,43,330,Jul-2015,306.26,334,Jul-2005,Charged Off,6391.6,798.95,Dec-2017
2966, 36 months,7.69,F,< 1 year,RENT,55819.0,Source Verified,credit_card,23.85,1,25,0,10339,97.0,12,345,Aug-2016,94.75,349,Dec-1987,Fully Paid,3410.8999999999996,0.0,Dec-2017
11219, 36 months,11.93,B,1 year,RENT,69096.0,Verified,credit_card,28.85,0,6,0,21146,75.4,26,410,Sep-2012,358.38,414,Mar-1993,Fully Paid,12901.849999999999,0.0,Dec-2017
8471, 36 months,10.25,G,10+ years,RENT,59868.0,Verified,credit_card,11.83,0,5,0,13467,76.9,26,345,Apr-2014,270.6,349,Oct-2004,Fully Paid,9741.65,0.0,Dec-2017
22978, 36 months,18.08,D,10+ years,OWN,73680.0,Verified,car,18.64,0,3,0,50792,93.0,37,370,Apr-2013,734.02,374,Sep-1989,Fully Paid,26424.699999999997,0.0,Dec-2017
24535, 60 months,8.55,F,1 year,MORTGAGE,70217.0,Verified,small_business,16.99,0,19,0,1788,74.6,19,390,Apr-2012,470.25,394,Jul-1990,Fully Paid,28215.249999999996,0.0,Dec-2017
23777, 60 months,7.28,G,,OWN,181917.0,Source Verified,debt_consolidation,20.02,0,23,0,57150,35.4,41,405,Dec-2014,455.73,409,Jun-2006,Fully Paid,27343.55,0.0,Dec-2017
20980, 36 months,20.66,F,10+ years,OWN,48152.0,Verified,car,34.76,0,16,0,38752,74.2,32,415,Dec-2015,670.19,419,Mar-1991,Fully Paid,24126.999999999996,0.0,Dec-2017
34906, 60 months,11.6,C,,RENT,33013.0,Verified,credit_card,16.89,0,23,0,47653,25.4,4,355,May-2016,669.03,359,Mar-2007,Fully Paid,40141.899999999994,0.0,Dec-2017
18903, 36 months,6.08,G,,RENT,78430.0,Source Verified,debt_consolidation,12.45,0,25,0,16163,99.9,39,335,Jan-2012,603.85,339,Feb-1999,Fully Paid,21738.449999999997,0.0,Dec-2017
34177, 60 months,24.48,F,1 year,MORTGAGE,30836.0,Source Verified,small_business,24.35,0,10,0,58913,41.4,26,395,Oct-2013,655.06,399,Jan-2009,Fully Paid,39303.549999999996,0.0,Dec-2017
34895, 36 months,15.72,C,10+ years,RENT,12516.0,Verified,debt_consolidation,32.5,0,27,0,42310,64.7,29,335,Apr-2012,1114.7,339,Apr-2000,Fully Paid,40129.25,0.0,Dec-2017
20846, 60 months,10.8,D,10+ years,MORTGAGE,128862.0,Not Verified,credit_card,15.49,0,8,1,44857,57.3,29,355,Feb-2014,399.55,359,Nov-1985,Fully Paid,23972.899999999998,0.0,Dec-2017
32296, 36 months,20.85,B,,MORTGAGE,16489.0,Source Verified,debt_consolidation,5.75,0,16,0,8965,37.7,57,380,Feb-2012,1031.68,384,Aug-2007,Fully Paid,37140.399999999994,0.0,Dec-2017
10973, 36 months,10.99,C,< 1 year,OWN,50014.0,Verified,debt_consolidation,25.59,0,6,0,34942,27.1,47,405,Oct-2017,350.53,409,Dec-2008,Fully Paid,12618.949999999999,0.0,Dec-2017
18653, 36 months,7.65,F,< 1 year,RENT,76800.0,Source Verified,debt_consolidation,13.66,0,21,0,8907,9.7,59,385,Jun-2015,595.86,389,Dec-2009,Fully Paid,21450.949999999997,0.0,Dec-2017
27137, 36 months,9.49,D,5 years,MORTGAGE,46673.0,Not Verified,small_business,23.11,0,19,0,46634,62.7,26,415,Mar-2013,866.88,419,Aug-1992,Fully Paid,31207.55,0.0,Dec-2017
9544, 60 months,9.75,F,10+ years,MORTGAGE,43093.0,Source Verified,credit_card,28.32,0,6,2,34922,63.5,18,375,Sep-2016,182.93,379,Dec-1996,Fully Paid,10975.599999999999,0.0,Dec-2017
19193, 36 months,6.3,D,,MORTGAGE,101376.0,Source Verified,small_business,18.81,0,7,0,45177,73.0,31,370,Jul-2015,613.11,374,May-2003,Fully Paid,22071.949999999997,0.0,Dec-2017
2167, 36 months,7.74,C,< 1 year,RENT,26892.0,Source Verified,debt_consolidation,31.05,0,2,1,6100,11.6,13,420,Jun-2012,69.22,424,Dec-1999,Fully Paid,2492.0499999999997,0.0,Dec-2017
28651, 36 months,22.01,A,1 year,OWN,60221.0,Not Verified,car,14.14,1,21,0,57320,18.5,23,360,Feb-2016,915.24,364,Jul-1991,Fully Paid,32948.649999999994,0.0,Dec-2017
14602, 36 months,26.63,E,10+ years,RENT,40522.0,Source Verified,credit_card,18.87,0,24,0,21216,21.4,57,345,Nov-2013,466.45,349,Apr-2009,Fully Paid,16792.3,0.0,Dec-2017
7887, 60 months,20.77,F,< 1 year,OWN,108877.0,Source Verified,car,2.3,0,25,0,53129,88.7,48,375,Sep-2012,151.17,379,Mar-1994,Fully Paid,9070.05,0.0,Dec-2017
31340, 36 months,27.62,F,< 1 year,MORTGAGE,55540.0,Not Verified,credit_card,16.73,0,15,0,58507,98.7,41,370,Apr-2014,1001.14,374,Aug-1986,Fully Paid,36041.0,0.0,Dec-2017
22747, 36 months,16.9,E,1 year,RENT,128650.0,Source Verified,debt_consolidation,29.49,1,9,0,55082,93.2,21,375,Jan-2012,726.64,379,Sep-2006,Fully Paid,26159.05,0.0,Dec-2017
4155, 36 months,12.75,D,5 years,RENT,60567.0,Verified,debt_consolidation,20.84,0,20,0,24242,46.7,9,355,May-2017,132.73,359,Mar-2000,In Grace Period,4778.25,0.0,Dec-2017
4308, 60 months,11.93,E,1 year,RENT,164008.0,Source Verified,debt_consolidation,27.0,0,27,0,12715,26.3,52,415,May-2012,82.57,419,Feb-2006,Fully Paid,4954.2,0.0,Dec-2017
31669, 36 months,15.42,G,5 years,RENT,108152.0,Verified,debt_consolidation,25.95,0,9,0,6672,85.5,24,385,Nov-2015,1011.65,389,Feb-2006,Fully Paid,36419.35,0.0,Dec-2017
33493, 36 months,26.68,E,< 1 year,RENT,38361.0,Source Verified,credit_card,3.06,0,16,0,39918,84.3,39,370,Mar-2016,1069.92,374,Oct-2011,Fully Paid,38516.95,0.0,Dec-2017
8364, 60 months,23.27,A,1 year,MORTGAGE,34319.0,Source Verified,credit_card,21.6,0,4,0,19753,64.9,43,410,Jun-2014,160.31,414,Jul-1999,Fully Paid,9618.599999999999,0.0,Dec-2017
33335, 36 months,6.23,D,< 1 year,OWN,45593.0,Verified,car,15.28,0,22,0,19023,64.5,40,420,Dec-2014,1064.87,424,Jan-2005,Fully Paid,38335.25,0.0,Dec-2017
36264, 60 months,18.7,E,,OWN,205678.0,Source Verified,debt_consolidation,15.78,0,17,1,26867,33.8,30,365,Jul-2017,695.06,369,May-2003,In Grace Period,41703.6,0.0,Dec-2017
8023, 36 months,13.34,E,1 year,MORTGAGE,71062.0,Source Verified,small_business,17.09,0,5,0,21773,79.7,7,335,Aug-2016,256.29,339,Apr-1996,In Grace Period,9226.449999999999,0.0,Dec-2017
5805, 36 months,27.94,A,5 years,RENT,40677.0,Source Verified,credit_card,27.43,0,21,0,28806,45.1,21,390,Feb-2016,185.44,394,Aug-2002,Fully Paid,6675.749999999999,0.0,Dec-2017
8464, 36 months,13.11,F,,MORTGAGE,32158.0,Verified,car,15.57,0,6,0,52561,91.0,17,345,Sep-2015,270.38,349,Jan-1989,Fully Paid,9733.599999999999,0.0,Dec-2017
13544, 36 months,20.95,E,,RENT,58540.0,Verified,car,3.72,0,5,1,15712,19.8,45,365,Jan-2016,432.66,369,Sep-1997,Fully Paid,15575.599999999999,0.0,Dec-2017
9002, 36 months,25.93,A,10+ years,OWN,160498.0,Source Verified,car,8.65,0,29,0,38550,36.7,48,410,Sep-2013,287.56,414,Aug-2009,Fully Paid,10352.3,0.0,Dec-2017
13431, 60 months,8.62,F,10+ years,OWN,46045.0,Not Verified,car,31.43,0,5,0,48161,35.6,5,385,Apr-2016,257.43,389,Jun-1999,Fully Paid,15445.65,0.0,Dec-2017
32308, 36 months,23.22,A,5 years,MORTGAGE,71890.0,Verified,credit_card,7.66,0,13,0,50969,98.7,7,355,Sep-2012,1032.06,359,Jun-1994,Fully Paid,37154.2,0.0,Dec-2017
39908, 36 months,24.66,E,1 year,MORTGAGE,48136.0,Verified,credit_card,19.92,0,6,0,58820,91.9,11,395,Apr-2015,1274.84,399,Oct-1985,Charged Off,15963.2,1995.4,Dec-2017
31882, 36 months,17.16,B,1 year,MORTGAGE,172697.0,Verified,car,17.63,0,24,0,20764,87.8,40,355,Oct-2014,1018.45,359,Sep-1991,Fully Paid,36664.299999999996,0.0,Dec-2017
15009, 60 months,6.24,F,1 year,RENT,43745.0,Not Verified,small_business,18.89,0,9,0,3372,76.1,51,390,Oct-2014,287.67,394,Feb-1995,Charged Off,6003.6,750.45,Dec-2017
6939, 36 months,17.18,E,10+ years,OWN,81262.0,Source Verified,car,15.34,0,6,0,15776,48.5,12,345,Aug-2015,221.66,349,Oct-1995,Fully Paid,7979.849999999999,0.0,Dec-2017
30013, 36 months,13.27,G,10+ years,MORTGAGE,45094.0,Not Verified,car,20.36,0,8,1,45172,1.5,52,360,Oct-2017,958.75,364,Nov-2011,Fully Paid,34514.95,0.0,Dec-2017
10472, 36 months,18.19,B,1 year,MORTGAGE,28964.0,Source Verified,car,15.81,0,17,0,50364,86.1,31,350,Aug-2016,334.52,354,Jun-1988,Current,12042.8,0.0,Dec-2017
14426, 60 months,27.93,A,5 years,MORTGAGE,60374.0,Source Verified,small_business,15.82,0,22,0,42538,4.7,57,345,Jun-2015,276.5,349,Jul-1991,Fully Paid,16589.899999999998,0.0,Dec-2017
36854, 60 months,7.37,C,10+ years,RENT,28152.0,Source Verified,small_business,9.72,0,21,0,47081,1.2,54,385,Feb-2014,706.37,389,Nov-2004,Fully Paid,42382.1,0.0,Dec-2017
18902, 36 months,26.64,E,5 years,MORTGAGE,209464.0,Not Verified,debt_consolidation,21.52,0,18,0,50343,42.2,43,385,Jun-2014,603.81,389,Jan-2002,Fully Paid,21737.3,0.0,Dec-2017
8161, 60 months,6.72,C,< 1 year,MORTGAGE,66158.0,Not Verified,debt_consolidation,20.64,0,17,0,16405,33.0,16,415,Dec-2016,156.42,419,Mar-2009,Fully Paid,9385.15,0.0,Dec-2017
26017, 36 months,19.44,E,,OWN,37789.0,Not Verified,credit_card,10.22,0,10,0,13710,13.7,4,415,Jul-2012,831.1,419,May-1984,Fully Paid,29919.55,0.0,Dec-2017
13809, 36 months,8.39,E,,OWN,56247.0,Not Verified,car,25.81,1,13,0,49503,90.7,22,335,Feb-2017,441.12,339,Aug-1993,Fully Paid,15880.349999999999,0.0,Dec-2017
20925, 36 months,27.27,E,5 years,MORTGAGE,50315.0,Verified,debt_consolidation,20.79,0,2,0,363,8.0,41,375,Feb-2013,668.44,379,Jul-1996,Fully Paid,24063.749999999996,0.0,Dec-2017
26390, 36 months,11.9,F,< 1 year,RENT,119896.0,Source Verified,debt_consolidation,12.5,0,8,0,991,68.5,16,365,Oct-2014,843.01,369,Nov-2002,Fully Paid,30348.499999999996,0.0,Dec-2017
9794, 36 months,19.11,E,1 year,MORTGAGE,31444.0,Verified,credit_card,22.75,0,21,0,24452,40.7,23,385,Nov-2017,312.86,389,Jun-1991,In Grace Period,11263.099999999999,0.0,Dec-2017
24880, 36 months,18.42,A,1 year,OWN,168932.0,Not Verified,debt_consolidation,9.86,1,22,0,4640,31.3,29,420,Oct-2017,794.78,424,Oct-2003,Current,28611.999999999996,0.0,Dec-2017
7510, 36 months,7.88,G,10+ years,MORTGAGE,16447.0,Not Verified,credit_card,7.48,0,28,0,14662,28.2,9,360,Oct-2017,239.9,364,Mar-1989,Fully Paid,8636.5,0.0,Dec-2017
9365, 36 months,18.94,E,5 years,RENT,31995.0,Source Verified,car,17.52,1,23,0,33790,33.5,9,365,Dec-2015,299.16,369,May-1995,Fully Paid,10769.75,0.0,Dec-2017
37804, 36 months,18.14,A,,MORTGAGE,246540.0,Verified,credit_card,16.21,1,25,0,11804,77.9,4,330,Jan-2012,1207.63,334,Feb-1997,Fully Paid,43474.6,0.0,Dec-2017
30911, 36 months,21.98,G,5 years,OWN,98736.0,Source Verified,small_business,26.22,0,12,0,58283,99.8,14,410,Dec-2014,987.43,414,Oct-2012,Fully Paid,35547.649999999994,0.0,Dec-2017
24472, 36 months,20.72,E,,OWN,86057.0,Source Verified,car,15.96,2,27,0,56782,72.8,5,345,Jun-2012,781.74,349,Nov-2005,Fully Paid,28142.8,0.0,Dec-2017
32107, 36 months,17.97,D,,OWN,92715.0,Verified,credit_card,38.0,0,18,0,25095,28.2,35,335,Jan-2013,1025.64,339,Jun-1992,Fully Paid,36923.049999999996,0.0,Dec-2017
18657, 36 months,9.85,B,10+ years,MORTGAGE,41158.0,Verified,debt_consolidation,12.71,0,22,0,58838,87.1,11,370,Jan-2016,595.99,374,May-1993,Fully Paid,21455.55,0.0,Dec-2017
27545, 60 months,18.25,B,< 1 year,OWN,107828.0,Verified,small_business,16.69,0,21,0,42621,85.3,39,340,Jul-2017,527.95,344,Nov-2011,Late (31-120 days),31676.749999999996,0.0,Dec-2017
17678, 60 months,26.55,A,10+ years,OWN,64676.0,Source Verified,car,16.58,0,20,0,40774,63.3,55,330,Apr-2013,338.83,334,Jan-2004,Fully Paid,20329.699999999997,0.0,Dec-2017
37701, 60 months,24.77,G,,OWN,101987.0,Verified,small_business,23.3,0,29,1,21302,85.4,39,390,May-2016,722.6,394,Sep-1996,Fully Paid,43356.149999999994,0.0,Dec-2017
36500, 36 months,11.72,F,,RENT,132848.0,Not Verified,small_business,16.18,1,12,0,3605,96.1,12,410,Dec-2015,1165.97,414,Mar-1997,Fully Paid,41975.0,0.0,Dec-2017
20503, 36 months,7.05,F,5 years,MORTGAGE,242011.0,Verified,debt_consolidation,15.66,0,19,0,24774,26.5,57,375,Oct-2015,654.96,379,Mar-1997,Fully Paid,23578.449999999997,0.0,Dec-2017
10181, 60 months,19.29,E,10+ years,RENT,42112.0,Source Verified,small_business,29.73,0,22,1,9689,6.9,51,340,Apr-2013,195.14,344,Jun-2009,Fully Paid,11708.15,0.0,Dec-2017
26802, 36 months,20.08,A,10+ years,MORTGAGE,67761.0,Source Verified,small_business,16.75,0,28,0,24531,49.1,26,340,Aug-2017,856.18,344,Jan-2000,Fully Paid,30822.3,0.0,Dec-2017
9631, 36 months,22.04,D,,RENT,88854.0,Verified,credit_card,13.3,0,19,0,12832,99.4,15,330,May-2014,307.66,334,Sep-1990,Fully Paid,11075.65,0.0,Dec-2017
3217, 36 months,19.35,G,< 1 year,OWN,75524.0,Not Verified,debt_consolidation,15.92,0,9,0,18450,46.5,8,375,Jan-2015,102.77,379,Dec-2008,Fully Paid,3699.5499999999997,0.0,Dec-2017
28714, 36 months,23.68,F,,RENT,38838.0,Verified,credit_card,21.71,2,27,0,42953,59.6,30,410,Dec-2013,917.25,414,Jul-2000,Charged Off,11485.6,1435.7,Dec-2017
2250, 36 months,15.63,C,10+ years,RENT,39846.0,Verified,credit_card,27.86,0,20,1,33801,32.1,33,405,Dec-2016,71.88,409,Oct-2009,In Grace Period,900.0,112.5,Dec-2017
14873, 60 months,7.48,B,5 years,OWN,73610.0,Not Verified,debt_consolidation,0.0,1,2,0,29664,57.7,11,385,Jun-2013,285.07,389,Jul-1995,Fully Paid,17103.949999999997,0.0,Dec-2017
5043, 36 months,7.02,E,,RENT,35316.0,Source Verified,credit_card,9.77,1,3,0,17986,75.6,54,415,Jun-2013,161.1,419,Dec-1996,Fully Paid,5799.45,0.0,Dec-2017
23404, 36 months,19.9,G,< 1 year,MORTGAGE,39539.0,Not Verified,credit_card,11.74,0,24,0,4792,30.7,37,335,Aug-2016,747.63,339,Jul-1989,In Grace Period,26914.6,0.0,Dec-2017
16096, 36 months,22.94,A,,MORTGAGE,60443.0,Source Verified,credit_card,1.26,0,12,0,17643,91.8,7,375,Sep-2017,514.18,379,Nov-1994,In Grace Period,18510.399999999998,0.0,Dec-2017
9844, 36 months,19.73,E,5 years,OWN,226562.0,Source Verified,credit_card,12.29,0,13,0,44204,95.5,57,360,Oct-2013,314.46,364,Apr-1998,Fully Paid,11320.599999999999,0.0,Dec-2017
30085, 36 months,27.38,D,,MORTGAGE,119308.0,Not Verified,debt_consolidation,15.22,0,23,0,31429,13.2,37,335,Feb-2014,961.05,339,Nov-2006,Fully Paid,34597.75,0.0,Dec-2017
37187, 36 months,13.49,G,1 year,RENT,45722.0,Verified,car,20.86,0,17,0,9522,96.6,14,400,Jun-2017,1187.92,404,Nov-2010,Current,42765.049999999996,0.0,Dec-2017
37363, 36 months,22.44,C,,MORTGAGE,227054.0,Verified,credit_card,16.07,1,18,0,43419,3.5,22,410,Jan-2012,1193.54,414,Oct-1988,Fully Paid,42967.45,0.0,Dec-2017
33178, 36 months,18.91,D,< 1 year,OWN,104810.0,Source Verified,car,18.52,1,9,0,35113,59.8,17,415,Feb-2013,1059.85,419,Nov-2004,Fully Paid,38154.7,0.0,Dec-2017
29592, 36 months,6.17,D,1 year,RENT,46603.0,Verified,small_business,14.48,0,18,0,19603,7.7,14,390,Oct-2014,945.3,394,Aug-2012,Fully Paid,34030.799999999996,0.0,Dec-2017
32981, 36 months,6.76,F,1 year,RENT,97050.0,Verified,debt_consolidation,22.69,0,18,0,18126,44.6,4,420,May-2017,1053.56,424,Jun-1990,Fully Paid,37928.149999999994,0.0,Dec-2017
14190, 36 months,13.81,A,< 1 year,RENT,28503.0,Verified,debt_consolidation,5.82,0,16,0,58146,75.0,59,380,Jan-2012,453.29,384,Aug-1988,Fully Paid,16318.499999999998,0.0,Dec-2017
2645, 60 months,27.81,B,< 1 year,MORTGAGE,70442.0,Not Verified,car,24.32,0,23,0,8111,86.8,57,350,Dec-2012,50.7,354,Nov-2006,Fully Paid,3041.7499999999995,0.0,Dec-2017
39368, 36 months,13.63,B,< 1 year,RENT,83212.0,Source Verified,credit_card,30.09,1,17,0,3873,34.4,32,335,Jun-2012,1257.59,339,Jan-1999,Fully Paid,45273.2,0.0,Dec-2017
1814, 36 months,23.59,F,< 1 year,OWN,67852.0,Verified,small_business,10.67,0,22,0,59636,75.2,15,420,Oct-2013,57.95,424,Feb-1987,Fully Paid,2086.1,0.0,Dec-2017
18014, 60 months,6.79,B,1 year,MORTGAGE,57409.0,Source Verified,car,37.11,0,5,0,32921,99.5,42,380,Jan-2013,345.27,384,Oct-2005,Fully Paid,20716.1,0.0,Dec-2017
3773, 60 months,7.39,F,1 year,MORTGAGE,148922.0,Not Verified,small_business,25.38,0,29,0,11981,63.6,53,345,Nov-2017,72.32,349,Dec-1998,Late (31-120 days),4338.95,0.0,Dec-2017
32779, 36 months,10.88,B,10+ years,OWN,42468.0,Not Verified,credit_card,14.28,1,26,0,42709,83.7,33,370,Dec-2014,1047.11,374,Jan-1999,Fully Paid,37695.85,0.0,Dec-2017
14424, 60 months,13.71,F,10+ years,MORTGAGE,124407.0,Verified,debt_consolidation,15.61,1,27,0,1970,46.2,50,395,Apr-2012,276.46,399,Dec-1988,Charged Off,5769.6,721.2,Dec-2017
3209, 36 months,7.24,A,< 1 year,MORTGAGE,53489.0,Verified,small_business,14.39,2,6,0,14849,28.2,27,370,May-2012,102.51,374,Jul-1986,Fully Paid,3690.35,0.0,Dec-2017
13675, 60 months,21.85,E,5 years,RENT,88819.0,Verified,car,13.35,0,26,0,17063,37.9,53,390,Jan-2017,262.1,394,Mar-2007,Fully Paid,15726.249999999998,0.0,Dec-2017
1011, 36 months,23.44,B,5 years,MORTGAGE,54178.0,Verified,car,16.33,0,29,1,18894,60.6,56,340,Apr-2016,32.3,344,Aug-1989,Fully Paid,1162.6499999999999,0.0,Dec-2017
34190, 60 months,7.39,C,10+ years,MORTGAGE,84376.0,Verified,debt_consolidation,11.23,1,4,0,26480,23.0,59,335,Dec-2012,655.31,339,Oct-1997,Fully Paid,39318.5,0.0,Dec-2017
16437, 36 months,6.92,F,1 year,RENT,72219.0,Not Verified,car,26.57,0,15,1,7196,8.4,4,335,Sep-2017,525.07,339,Jun-2008,Fully Paid,18902.55,0.0,Dec-2017
33847, 36 months,20.15,C,5 years,RENT,51156.0,Verified,credit_card,26.54,1,19,0,59432,94.7,36,390,Feb-2015,1081.22,394,Nov-2000,Fully Paid,38924.049999999996,0.0,Dec-2017
38393, 36 months,19.7,C,5 years,MORTGAGE,43217.0,Verified,small_business,21.19,1,17,1,11787,65.0,45,350,Oct-2016,1226.44,354,Jan-2012,Fully Paid,44151.95,0.0,Dec-2017
33556, 60 months,24.82,F,1 year,OWN,47190.0,Source Verified,credit_card,9.87,0,11,0,4875,83.1,56,375,Sep-2017,643.16,379,Nov-1995,Current,38589.399999999994,0.0,Dec-2017
11378, 36 months,20.61,G,1 year,OWN,84346.0,Source Verified,car,31.73,0,21,0,51887,32.0,58,385,Oct-2014,363.46,389,Dec-2000,Fully Paid,13084.699999999999,0.0,Dec-2017
19838, 36 months,23.56,C,5 years,RENT,67445.0,Source Verified,small_business,10.7,0,16,0,31432,17.4,35,375,Sep-2012,633.71,379,Apr-2008,Fully Paid,22813.699999999997,0.0,Dec-2017
12148, 36 months,15.89,B,1 year,RENT,95719.0,Not Verified,credit_card,23.59,0,25,0,46074,5.5,26,335,Jul-2017,388.06,339,May-2004,Current,13970.199999999999,0.0,Dec-2017
22798, 36 months,19.18,C,,MORTGAGE,37793.0,Not Verified,credit_card,0.0,0,18,0,8090,5.5,15,350,Apr-2014,728.27,354,Oct-1993,Fully Paid,26217.699999999997,0.0,Dec-2017
24221, 36 months,16.13,D,< 1 year,MORTGAGE,158255.0,Not Verified,small_business,25.84,1,10,0,18352,61.4,30,350,Dec-2014,773.73,354,Oct-1993,Fully Paid,27854.149999999998,0.0,Dec-2017
18019, 36 months,13.52,A,10+ years,MORTGAGE,44470.0,Verified,debt_consolidation,0.0,0,18,0,5788,48.0,12,345,Jan-2015,575.61,349,Aug-1989,Fully Paid,20721.85,0.0,Dec-2017
22326, 36 months,25.45,B,10+ years,OWN,27562.0,Source Verified,small_business,6.68,0,14,0,36480,56.2,4,345,Jul-2014,713.19,349,Mar-2011,Fully Paid,25674.899999999998,0.0,Dec-2017
15406, 36 months,9.75,C,,MORTGAGE,106776.0,Source Verified,debt_consolidation,20.57,0,6,0,8441,90.4,5,385,Nov-2015,492.14,389,Oct-2003,Fully Paid,17716.899999999998,0.0,Dec-2017
14870, 36 months,21.63,F,1 year,RENT,95331.0,Not Verified,debt_consolidation,20.08,0,4,0,5842,27.5,59,360,May-2015,475.01,364,Jun-2006,Fully Paid,17100.5,0.0,Dec-2017
4311, 36 months,18.45,D,5 years,OWN,53837.0,Source Verified,credit_card,16.71,0,25,0,30012,62.6,55,420,Jan-2014,137.71,424,Aug-2001,Fully Paid,4957.65,0.0,Dec-2017
34150, 60 months,27.67,C,5 years,RENT,102699.0,Not Verified,credit_card,22.09,1,19,0,54433,9.4,20,400,Nov-2013,654.54,404,Apr-2007,Fully Paid,39272.5,0.0,Dec-2017
32258, 36 months,22.15,D,10+ years,RENT,24415.0,Not Verified,car,17.45,0,2,0,9315,31.6,57,415,Jun-2013,1030.46,419,Mar-2006,Fully Paid,37096.7,0.0,Dec-2017
29583, 36 months,11.97,F,10+ years,OWN,55501.0,Verified,debt_consolidation,23.19,0,17,0,44080,4.7,36,360,Mar-2012,945.01,364,Jul-2005,Fully Paid,34020.45,0.0,Dec-2017
23624, 36 months,14.49,F,5 years,MORTGAGE,49373.0,Source Verified,credit_card,15.93,0,26,0,33119,48.1,26,375,Jun-2017,754.66,379,Jan-2003,Fully Paid,27167.6,0.0,Dec-2017
39242, 36 months,20.49,A,1 year,OWN,28031.0,Verified,credit_card,19.9,0,16,0,20223,4.1,54,420,Oct-2015,1253.56,424,Jun-2009,Fully Paid,45128.299999999996,0.0,Dec-2017
22271, 36 months,22.54,A,5 years,MORTGAGE,123057.0,Source Verified,credit_card,10.84,0,21,0,34136,48.2,28,420,Jan-2012,711.43,424,Dec-1999,Fully Paid,25611.649999999998,0.0,Dec-2017
1858, 36 months,9.78,D,< 1 year,OWN,50419.0,Not Verified,small_business,21.1,0,19,0,58404,61.6,48,410,Mar-2012,59.35,414,Jul-1996,Fully Paid,2136.7,0.0,Dec-2017
21626, 36 months,17.5,G,< 1 year,RENT,28412.0,Not Verified,debt_consolidation,12.13,0,17,1,32110,70.2,54,345,Nov-2017,690.83,349,Nov-2005,Fully Paid,24869.899999999998,0.0,Dec-2017
38855, 36 months,18.43,C,5 years,OWN,51397.0,Source Verified,debt_consolidation,22.7,1,24,0,9958,28.6,43,345,Nov-2017,1241.2,349,Jul-2003,Current,44683.25,0.0,Dec-2017
7289, 36 months,26.05,A,10+ years,MORTGAGE,96150.0,Verified,car,19.68,0,22,0,52816,98.3,24,415,Nov-2012,232.84,419,Jun-1997,Charged Off,2915.6000000000004,364.45000000000005,Dec-2017
13171, 36 months,20.14,G,1 year,RENT,93104.0,Not Verified,credit_card,13.9,0,29,0,40714,28.9,47,330,Aug-2017,420.74,334,Jun-2005,Fully Paid,15146.65,0.0,Dec-2017
33322, 60 months,10.01,A,,RENT,69803.0,Source Verified,debt_consolidation,11.61,0,13,1,17065,26.7,28,370,May-2013,638.67,374,Apr-1985,Fully Paid,38320.299999999996,0.0,Dec-2017
3634, 36 months,15.57,C,< 1 year,RENT,28516.0,Verified,car,23.37,0,6,0,9769,40.8,18,415,Aug-2017,116.09,419,May-2002,Late (31-120 days),4179.099999999999,0.0,Dec-2017
27364, 36 months,26.96,G,5 years,RENT,25409.0,Source Verified,debt_consolidation,16.52,0,20,0,46367,40.2,30,405,May-2016,874.13,409,Dec-2003,Fully Paid,31468.6,0.0,Dec-2017
16032, 36 months,6.35,E,< 1 year,RENT,128014.0,Not Verified,small_business,14.69,0,9,0,39307,41.0,17,375,Jun-2013,512.13,379,Nov-1983,Fully Paid,18436.8,0.0,Dec-2017
18409, 60 months,27.43,E,< 1 year,RENT,47435.0,Verified,credit_card,26.74,0,18,0,58468,12.8,34,370,Jul-2016,352.84,374,Jan-2000,In Grace Period,21170.35,0.0,Dec-2017
12563, 36 months,24.59,D,,MORTGAGE,49299.0,Verified,car,9.59,0,18,0,56806,47.4,39,365,Jun-2017,401.32,369,Dec-1990,Late (31-120 days),14447.449999999999,0.0,Dec-2017
14831, 36 months,20.87,D,10+ years,OWN,59906.0,Source Verified,debt_consolidation,12.17,0,13,0,46515,36.4,31,395,Jan-2015,473.77,399,Jan-2005,Fully Paid,17055.649999999998,0.0,Dec-2017
12593, 60 months,11.04,D,5 years,MORTGAGE,79669.0,Source Verified,car,18.24,2,13,0,52279,51.7,53,350,Feb-2016,241.37,354,Oct-1989,Fully Paid,14481.949999999999,0.0,Dec-2017
3801, 36 months,24.2,C,,RENT,35393.0,Source Verified,credit_card,25.16,1,20,0,26632,61.5,39,360,Feb-2012,121.42,364,Mar-1995,Fully Paid,4371.15,0.0,Dec-2017
20692, 36 months,15.51,E,,OWN,50459.0,Verified,debt_consolidation,12.51,0,9,0,54247,35.5,30,335,Oct-2017,660.99,339,Nov-2006,In Grace Period,23795.8,0.0,Dec-2017
34649, 36 months,24.81,F,,RENT,57728.0,Source Verified,credit_card,11.16,0,4,0,38639,91.2,29,375,May-2013,1106.84,379,Mar-1994,Charged Off,13859.6,1732.45,Dec-2017
16110, 36 months,15.41,E,< 1 year,MORTGAGE,225047.0,Not Verified,credit_card,14.79,1,21,0,36531,7.4,37,370,Jul-2014,514.62,374,Jul-1986,Fully Paid,18526.5,0.0,Dec-2017
25319, 60 months,10.34,D,< 1 year,OWN,53090.0,Not Verified,small_business,14.87,0,10,0,24032,61.2,51,350,Mar-2013,485.28,354,Feb-2008,Charged Off,10127.6,1265.95,Dec-2017
38641, 36 months,15.71,B,10+ years,OWN,20587.0,Not Verified,car,17.38,0,10,0,11860,50.3,54,385,Sep-2017,1234.37,389,Jun-2014,Late (31-120 days),44437.149999999994,0.0,Dec-2017
30836, 36 months,27.81,A,5 years,MORTGAGE,64084.0,Not Verified,small_business,13.1,0,17,0,7958,13.4,6,415,May-2017,985.04,419,Aug-1990,Current,35461.399999999994,0.0,Dec-2017
6526, 36 months,12.6,B,10+ years,MORTGAGE,205114.0,Source Verified,credit_card,10.4,1,7,0,44015,8.4,55,375,Nov-2012,208.47,379,Apr-1995,Fully Paid,7504.9,0.0,Dec-2017
34639, 36 months,24.95,C,,OWN,127283.0,Not Verified,car,34.1,0,7,0,13772,35.4,21,355,Oct-2014,1106.52,359,Nov-1990,Fully Paid,39834.85,0.0,Dec-2017
6302, 36 months,22.48,C,10+ years,OWN,70108.0,Source Verified,credit_card,18.51,0,17,0,35607,85.2,54,370,Mar-2012,201.31,374,Dec-1997,Fully Paid,7247.299999999999,0.0,Dec-2017
14705, 36 months,14.75,C,1 year,RENT,32607.0,Verified,small_business,15.3,0,21,0,59269,78.7,58,390,Aug-2016,469.74,394,Jun-2001,Late (31-120 days),16910.75,0.0,Dec-2017
33232, 36 months,18.37,G,,MORTGAGE,49399.0,Source Verified,debt_consolidation,11.43,0,25,0,30111,53.1,51,410,Mar-2017,1061.58,414,Nov-1993,Late (31-120 days),38216.799999999996,0.0,Dec-2017
16838, 36 months,21.38,D,1 year,MORTGAGE,49367.0,Not Verified,car,16.89,0,3,0,56242,6.2,44,400,Jun-2017,537.88,404,Dec-2003,Fully Paid,19363.699999999997,0.0,Dec-2017
37776, 60 months,13.97,G,5 years,MORTGAGE,24467.0,Not Verified,small_business,14.88,0,10,0,22569,96.3,41,330,Sep-2015,724.04,334,Apr-1987,Fully Paid,43442.399999999994,0.0,Dec-2017
36698, 36 months,9.72,B,10+ years,MORTGAGE,28363.0,Verified,small_business,23.51,1,6,0,32827,24.2,15,395,May-2014,1172.3,399,Feb-2004,Fully Paid,42202.7,0.0,Dec-2017
11592, 36 months,11.39,F,5 years,RENT,147279.0,Not Verified,credit_card,21.55,1,4,0,54836,82.1,32,340,Nov-2017,370.3,344,Nov-1998,Fully Paid,13330.8,0.0,Dec-2017
5211, 36 months,16.83,F,5 years,OWN,18683.0,Source Verified,small_business,23.77,1,18,0,43753,39.1,28,420,Jul-2017,166.46,424,Dec-2009,Current,5992.65,0.0,Dec-2017
20409, 36 months,26.33,E,< 1 year,MORTGAGE,48203.0,Source Verified,small_business,10.91,0,12,0,37801,61.6,19,405,Sep-2017,651.95,409,Mar-2003,Fully Paid,23470.35,0.0,Dec-2017
18456, 36 months,18.93,A,5 years,MORTGAGE,39240.0,Source Verified,debt_consolidation,13.41,0,22,0,41063,15.8,43,330,Jan-2016,589.57,334,Jul-1999,Fully Paid,21224.399999999998,0.0,Dec-2017
7034, 60 months,13.52,G,10+ years,RENT,78764.0,Source Verified,debt_consolidation,21.51,1,11,0,41610,2.4,33,395,Feb-2015,134.82,399,Jul-1989,Fully Paid,8089.099999999999,0.0,Dec-2017
26109, 60 months,27.9,F,10+ years,OWN,133244.0,Not Verified,debt_consolidation,21.58,0,24,1,26930,48.6,12,355,Aug-2015,500.42,359,Jun-2008,Charged Off,10443.6,1305.45,Dec-2017
14120, 36 months,25.24,D,< 1 year,MORTGAGE,46228.0,Source Verified,debt_consolidation,18.98,0,9,0,36294,8.1,51,385,Jan-2014,451.06,389,Aug-2008,Fully Paid,16237.999999999998,0.0,Dec-2017
6448, 60 months,7.8,F,10+ years,RENT,115828.0,Verified,car,21.0,0,16,0,7617,61.8,56,360,Sep-2014,123.59,364,Jul-1992,Fully Paid,7415.2,0.0,Dec-2017
20707, 36 months,14.52,D,< 1 year,RENT,55816.0,Source Verified,car,24.86,0,11,0,48724,74.9,31,405,May-2014,661.47,409,Sep-1984,Fully Paid,23813.05,0.0,Dec-2017
14097, 36 months,7.2,D,< 1 year,RENT,24069.0,Not Verified,debt_consolidation,7.47,0,15,0,36648,88.5,8,335,Aug-2014,450.32,339,Aug-1996,Fully Paid,16211.55,0.0,Dec-2017
26576, 36 months,6.43,F,10+ years,RENT,60945.0,Source Verified,debt_consolidation,30.99,0,12,0,40965,92.6,57,340,Apr-2012,848.96,344,Nov-1983,Fully Paid,30562.399999999998,0.0,Dec-2017
11297, 60 months,6.02,B,10+ years,MORTGAGE,87888.0,Source Verified,car,19.05,0,25,0,45214,52.6,50,415,Dec-2013,216.53,419,Aug-2010,Fully Paid,12991.55,0.0,Dec-2017
36355, 60 months,24.61,E,5 years,MORTGAGE,57956.0,Not Verified,debt_consolidation,9.16,0,11,0,14327,90.2,10,390,Jan-2012,696.8,394,Oct-2007,Fully Paid,41808.25,0.0,Dec-2017
37928, 36 months,19.63,G,,MORTGAGE,63546.0,Not Verified,small_business,17.02,0,28,1,18089,97.5,26,375,Sep-2013,1211.59,379,Dec-2005,Fully Paid,43617.2,0.0,Dec-2017
26167, 60 months,16.64,C,1 year,MORTGAGE,91263.0,Source Verified,small_business,17.37,1,12,0,45658,66.0,50,345,Dec-2014,501.53,349,Nov-1987,Fully Paid,30092.05,0.0,Dec-2017
1044, 36 months,13.46,D,10+ years,RENT,23758.0,Not Verified,credit_card,19.13,0,22,0,46992,89.8,15,385,Nov-2014,33.35,389,Aug-1988,Fully Paid,1200.6,0.0,Dec-2017
35802, 60 months,18.94,C,,MORTGAGE,105515.0,Not Verified,small_business,23.94,0,23,0,41842,0.8,5,420,Feb-2013,686.2,424,Mar-2010,Fully Paid,41172.299999999996,0.0,Dec-2017
8840, 60 months,26.34,F,,MORTGAGE,64435.0,Verified,small_business,8.75,0,18,0,51808,35.9,10,360,Jun-2014,169.43,364,Mar-2007,Fully Paid,10166.0,0.0,Dec-2017
15692, 36 months,8.84,G,1 year,MORTGAGE,56412.0,Not Verified,car,28.13,0,11,0,8626,15.1,41,420,Mar-2014,501.27,424,May-1995,Fully Paid,18045.8,0.0,Dec-2017
39369, 60 months,24.57,A,,OWN,32530.0,Verified,car,19.69,0,6,0,43450,73.2,53,370,Jul-2013,754.57,374,Feb-2009,Fully Paid,45274.35,0.0,Dec-2017
34980, 60 months,16.64,A,< 1 year,MORTGAGE,41342.0,Source Verified,car,24.74,0,10,0,43464,96.0,30,365,Aug-2016,670.45,369,Jan-2001,Current,40227.0,0.0,Dec-2017
12417, 36 months,6.76,B,5 years,OWN,52325.0,Source Verified,debt_consolidation,22.42,0,12,0,36170,30.1,23,390,Jun-2012,396.65,394,May-1991,Fully Paid,14279.55,0.0,Dec-2017
32464, 36 months,7.24,D,10+ years,MORTGAGE,84996.0,Not Verified,debt_consolidation,21.8,0,27,0,4489,68.0,22,405,Mar-2012,1037.04,409,Feb-1993,Fully Paid,37333.6,0.0,Dec-2017
8962, 36 months,26.79,D,5 years,RENT,82785.0,Source Verified,car,21.22,0,10,0,42998,11.0,59,395,Nov-2017,286.29,399,Jun-2014,Fully Paid,10306.3,0.0,Dec-2017
23444, 36 months,24.74,E,5 years,RENT,41706.0,Source Verified,credit_card,30.16,0,20,0,53211,63.6,19,420,Aug-2015,748.91,424,Oct-2007,Fully Paid,26960.6,0.0,Dec-2017
32919, 60 months,26.63,E,,MORTGAGE,28745.0,Source Verified,small_business,35.47,0,24,0,48571,48.3,38,345,Jun-2015,630.95,349,Jul-2004,Charged Off,13167.6,1645.95,Dec-2017
38964, 60 months,9.3,F,10+ years,OWN,58860.0,Source Verified,debt_consolidation,8.63,0,21,2,21896,2.8,39,330,Mar-2015,746.81,334,Jan-1987,Fully Paid,44808.6,0.0,Dec-2017
31271, 36 months,27.43,G,10+ years,MORTGAGE,25365.0,Source Verified,credit_card,5.13,0,8,1,48555,83.5,7,345,Jan-2014,998.93,349,Jul-1985,Fully Paid,35961.649999999994,0.0,Dec-2017
16889, 36 months,8.57,C,1 year,RENT,30626.0,Source Verified,debt_consolidation,27.05,0,6,0,18094,73.1,41,385,Dec-2013,539.51,389,Jul-1988,Fully Paid,19422.35,0.0,Dec-2017
16263, 36 months,13.88,E,1 year,RENT,97895.0,Verified,credit_card,5.91,1,14,0,3261,9.2,10,380,Jan-2017,519.51,384,Jul-2000,Fully Paid,18702.449999999997,0.0,Dec-2017
13803, 36 months,14.64,F,10+ years,RENT,39073.0,Verified,debt_consolidation,18.52,0,2,1,10838,34.8,53,400,Mar-2014,440.93,404,Feb-1989,Fully Paid,15873.449999999999,0.0,Dec-2017
18033, 36 months,23.77,E,,RENT,91009.0,Verified,car,30.27,1,16,0,55859,79.5,35,415,Dec-2014,576.05,419,Oct-1996,Charged Off,7213.200000000001,901.6500000000001,Dec-2017
22458, 36 months,8.78,D,10+ years,OWN,43497.0,Not Verified,car,18.92,3,12,0,26937,63.2,16,345,Jun-2017,717.41,349,Jan-1998,Fully Paid,25826.699999999997,0.0,Dec-2017
13700, 60 months,6.05,F,10+ years,RENT,54414.0,Source Verified,car,16.8,0,29,0,3876,33.9,28,360,Jan-2017,262.58,364,Apr-1990,Fully Paid,15754.999999999998,0.0,Dec-2017
22841, 36 months,20.01,C,1 year,MORTGAGE,17251.0,Verified,small_business,26.4,0,6,2,31336,53.0,13,335,Sep-2013,729.64,339,Jan-1990,Fully Paid,26267.149999999998,0.0,Dec-2017
33464, 60 months,26.56,C,10+ years,OWN,48833.0,Verified,small_business,27.4,0,22,0,42499,35.1,8,365,Dec-2012,641.39,369,Oct-1986,Fully Paid,38483.6,0.0,Dec-2017
26987, 36 months,21.06,F,10+ years,OWN,94961.0,Verified,debt_consolidation,32.73,0,19,0,16910,8.2,30,410,Nov-2017,862.08,414,Aug-2004,Late (31-120 days),31035.05,0.0,Dec-2017
7255, 60 months,10.26,E,1 year,OWN,106340.0,Not Verified,credit_card,19.2,0,28,0,16803,98.9,10,350,Nov-2012,139.05,354,Jun-1997,Fully Paid,8343.25,0.0,Dec-2017
29795, 60 months,24.41,C,1 year,RENT,26386.0,Verified,debt_consolidation,13.99,0,25,0,12111,7.9,21,410,Feb-2015,571.07,414,Feb-2004,Fully Paid,34264.25,0.0,Dec-2017
21125, 36 months,25.27,D,< 1 year,OWN,161664.0,Verified,small_business,13.93,0,7,0,20255,89.5,54,410,May-2013,674.83,414,Oct-2002,Fully Paid,24293.749999999996,0.0,Dec-2017
14143, 60 months,16.77,A,,RENT,61540.0,Source Verified,small_business,17.27,0,24,0,56600,61.3,36,385,Sep-2016,271.07,389,Mar-2013,Fully Paid,16264.449999999999,0.0,Dec-2017
14174, 36 months,19.1,C,,MORTGAGE,55892.0,Verified,car,23.49,0,8,1,7641,51.5,30,375,Feb-2017,452.78,379,Oct-2012,Fully Paid,16300.099999999999,0.0,Dec-2017
20570, 36 months,18.66,A,10+ years,OWN,71377.0,Verified,credit_card,14.21,0,9,1,19480,94.6,5,370,Jan-2016,657.1,374,Oct-2008,Charged Off,8228.0,1028.5,Dec-2017
2666, 36 months,20.99,C,5 years,OWN,43470.0,Verified,debt_consolidation,25.17,0,26,0,5196,81.2,15,340,Aug-2016,85.16,344,Aug-2008,Fully Paid,3065.8999999999996,0.0,Dec-2017
28435, 36 months,16.57,D,< 1 year,RENT,29717.0,Verified,credit_card,29.97,0,24,0,10427,19.7,47,335,Jan-2015,908.34,339,Jun-1997,Fully Paid,32700.249999999996,0.0,Dec-2017
35809, 60 months,10.06,A,< 1 year,OWN,90359.0,Verified,debt_consolidation,31.32,1,15,0,56537,55.8,26,410,Dec-2013,686.34,414,Sep-1992,Charged Off,14323.6,1790.45,Dec-2017
10532, 36 months,27.71,G,< 1 year,MORTGAGE,45272.0,Not Verified,credit_card,23.37,0,4,0,35858,73.7,42,415,Jan-2012,336.44,419,Aug-1985,Fully Paid,12111.8,0.0,Dec-2017
15074, 36 months,14.93,B,10+ years,MORTGAGE,55751.0,Not Verified,car,0.0,0,7,0,22941,51.8,43,400,Aug-2017,481.53,404,Sep-2005,Current,17335.1,0.0,Dec-2017
32991, 36 months,13.69,F,1 year,MORTGAGE,34684.0,Source Verified,credit_card,19.35,0,16,0,55646,35.1,19,350,Mar-2015,1053.88,354,Aug-1989,Fully Paid,37939.649999999994,0.0,Dec-2017
21529, 36 months,12.39,E,10+ years,RENT,144858.0,Not Verified,credit_card,15.21,1,8,0,17591,58.5,52,420,Feb-2017,687.73,424,Apr-1994,Fully Paid,24758.35,0.0,Dec-2017
23472, 60 months,19.79,F,1 year,RENT,24950.0,Verified,credit_card,15.04,0,21,0,48396,77.5,19,345,Mar-2014,449.88,349,Aug-1985,Fully Paid,26992.8,0.0,Dec-2017
13941, 36 months,27.98,G,1 year,OWN,35064.0,Verified,car,20.89,0,26,0,22893,52.2,14,420,Apr-2014,445.34,424,May-1996,Fully Paid,16032.15,0.0,Dec-2017
33059, 36 months,7.81,C,1 year,OWN,21819.0,Not Verified,debt_consolidation,12.79,0,8,0,42801,73.9,22,355,Nov-2013,1056.05,359,Jul-1993,Fully Paid,38017.85,0.0,Dec-2017
7957, 60 months,19.67,G,5 years,MORTGAGE,47126.0,Verified,debt_consolidation,27.54,0,4,0,57932,58.4,16,365,Aug-2015,152.51,369,Apr-1989,Charged Off,3182.8,397.85,Dec-2017
14176, 36 months,16.14,D,< 1 year,OWN,46483.0,Not Verified,car,24.34,2,29,0,51652,73.0,22,365,Jan-2014,452.84,369,Dec-1985,Fully Paid,16302.4,0.0,Dec-2017
21047, 36 months,24.07,D,10+ years,RENT,35972.0,Not Verified,credit_card,23.09,0,24,0,27609,30.8,5,360,Nov-2017,672.33,364,Nov-2011,Late (31-120 days),24204.05,0.0,Dec-2017
14048, 36 months,8.66,C,10+ years,OWN,50507.0,Verified,credit_card,12.87,0,10,0,18243,100.0,51,340,May-2014,448.76,344,Apr-2004,Fully Paid,16155.199999999999,0.0,Dec-2017
19166, 60 months,9.9,C,,MORTGAGE,171041.0,Verified,debt_consolidation,8.61,0,11,0,11660,42.7,16,365,Mar-2016,367.35,369,Jan-1999,Fully Paid,22040.899999999998,0.0,Dec-2017
22080, 60 months,15.63,A,10+ years,OWN,47711.0,Not Verified,car,22.32,0,23,0,55234,89.4,6,360,Oct-2013,423.2,364,Aug-2005,Fully Paid,25391.999999999996,0.0,Dec-2017
29900, 60 months,27.94,E,< 1 year,RENT,74361.0,Source Verified,debt_consolidation,22.44,0,11,0,34892,70.7,46,395,Mar-2013,573.08,399,Jun-1993,Fully Paid,34385.0,0.0,Dec-2017
7710, 60 months,12.34,B,10+ years,RENT,33439.0,Verified,car,15.53,0,10,0,38997,98.3,38,350,Oct-2014,147.77,354,Jun-2006,Fully Paid,8866.5,0.0,Dec-2017
32025, 60 months,27.07,D,5 years,MORTGAGE,60296.0,Source Verified,credit_card,4.01,0,4,0,54056,38.0,13,375,Aug-2015,613.81,379,Oct-1997,Fully Paid,36828.75,0.0,Dec-2017
29228, 36 months,15.08,D,< 1 year,RENT,264270.0,Source Verified,debt_consolidation,25.62,1,12,0,30924,49.1,54,400,Apr-2016,933.67,404,Oct-2003,Fully Paid,33612.2,0.0,Dec-2017
26093, 36 months,13.6,C,10+ years,OWN,142108.0,Verified,car,31.27,0,23,0,5996,99.6,46,405,May-2017,833.53,409,Mar-1995,In Grace Period,30006.949999999997,0.0,Dec-2017
3622, 36 months,11.01,D,5 years,RENT,66116.0,Verified,debt_consolidation,15.32,2,14,0,47632,84.7,26,395,Sep-2015,115.7,399,Jan-2000,Fully Paid,4165.299999999999,0.0,Dec-2017
4108, 36 months,13.65,E,,RENT,50931.0,Verified,small_business,13.15,0,5,0,430,4.3,56,370,Mar-2015,131.23,374,Mar-1990,Fully Paid,4724.2,0.0,Dec-2017
7700, 60 months,11.17,G,5 years,RENT,84943.0,Not Verified,debt_consolidation,24.06,0,18,0,44657,1.1,57,355,Oct-2014,147.58,359,Apr-1992,Fully Paid,8855.0,0.0,Dec-2017
10724, 36 months,22.06,D,1 year,OWN,68534.0,Source Verified,small_business,22.75,1,13,0,34531,47.9,20,400,Oct-2014,342.57,404,Jul-1988,Fully Paid,12332.599999999999,0.0,Dec-2017
36221, 36 months,11.05,G,10+ years,MORTGAGE,139208.0,Source Verified,car,10.76,1,22,0,43236,64.0,32,350,Mar-2012,1157.06,354,Jul-2001,Fully Paid,41654.149999999994,0.0,Dec-2017
7951, 36 months,26.32,B,1 year,MORTGAGE,63339.0,Source Verified,small_business,9.56,0,10,0,7099,47.5,41,350,Jun-2016,253.99,354,Dec-1994,Late (31-120 days),9143.65,0.0,Dec-2017
8530, 36 months,13.23,G,,OWN,37179.0,Source Verified,debt_consolidation,13.36,0,29,0,17651,89.3,17,405,Nov-2017,272.49,409,Sep-2015,Late (31-120 days),9809.5,0.0,Dec-2017
3017, 36 months,6.85,D,10+ years,MORTGAGE,34411.0,Not Verified,debt_consolidation,23.08,0,28,0,20037,7.8,16,350,Sep-2014,96.38,354,Oct-1990,Fully Paid,3469.5499999999997,0.0,Dec-2017
16265, 36 months,19.26,E,5 years,RENT,43000.0,Verified,credit_card,11.63,0,26,0,9618,79.2,7,390,Jan-2014,519.58,394,Dec-1995,Fully Paid,18704.75,0.0,Dec-2017
29121, 36 months,9.22,G,5 years,RENT,43115.0,Not Verified,credit_card,29.68,0,24,0,35839,38.6,16,345,Oct-2015,930.25,349,Jan-2008,Fully Paid,33489.149999999994,0.0,Dec-2017
20454, 36 months,9.81,E,1 year,OWN,26086.0,Verified,small_business,12.52,1,18,0,2773,47.9,44,390,Sep-2014,653.39,394,Jun-2001,Fully Paid,23522.1,0.0,Dec-2017
13892, 36 months,27.24,D,1 year,RENT,94886.0,Source Verified,car,13.59,0,11,0,57425,72.1,15,365,Jan-2012,443.77,369,Jan-1998,Fully Paid,15975.8,0.0,Dec-2017
34448, 60 months,6.07,G,,RENT,50141.0,Verified,small_business,21.46,0,28,0,4274,85.2,22,355,Nov-2015,660.25,359,Mar-2006,Fully Paid,39615.2,0.0,Dec-2017
21157, 36 months,13.15,F,1 year,MORTGAGE,18574.0,Verified,car,29.44,0,23,0,36588,41.0,35,380,Jul-2016,675.85,384,Apr-1991,In Grace Period,24330.55,0.0,Dec-2017
31145, 60 months,13.02,F,5 years,RENT,44378.0,Verified,debt_consolidation,8.04,2,24,0,45419,63.4,50,380,Aug-2013,596.95,384,Nov-2006,Fully Paid,35816.75,0.0,Dec-2017
20158, 60 months,22.99,G,1 year,OWN,46663.0,Source Verified,credit_card,20.83,1,8,0,22854,56.1,8,415,Oct-2017,386.36,419,Jun-1993,In Grace Period,23181.699999999997,0.0,Dec-2017
28978, 36 months,19.61,A,1 year,MORTGAGE,60927.0,Verified,small_business,26.58,0,2,0,9206,48.3,23,370,Jun-2014,925.69,374,Dec-1999,Fully Paid,33324.7,0.0,Dec-2017
17927, 36 months,19.14,A,1 year,MORTGAGE,52610.0,Verified,credit_card,9.54,0,21,0,23536,82.7,26,335,Jan-2017,572.67,339,Oct-2013,In Grace Period,20616.05,0.0,Dec-2017
27041, 36 months,12.25,B,5 years,MORTGAGE,44072.0,Not Verified,small_business,13.39,0,18,0,40127,63.8,5,420,Jun-2016,863.81,424,May-2012,Fully Paid,31097.149999999998,0.0,Dec-2017
37208, 36 months,26.5,F,5 years,RENT,30000.0,Not Verified,credit_card,25.83,0,15,0,58441,13.3,29,405,Nov-2016,1188.59,409,Mar-2007,Fully Paid,42789.2,0.0,Dec-2017
7747, 36 months,11.13,F,1 year,RENT,120120.0,Not Verified,car,14.01,0,25,0,58314,52.7,49,340,Sep-2015,247.47,344,May-1988,Fully Paid,8909.05,0.0,Dec-2017
21942, 36 months,7.69,E,5 years,MORTGAGE,71763.0,Not Verified,car,15.45,1,3,0,46941,13.3,39,340,Nov-2014,700.92,344,Sep-1997,Fully Paid,25233.3,0.0,Dec-2017
10044, 60 months,12.34,E,,OWN,53370.0,Not Verified,debt_consolidation,20.41,0,7,0,13992,33.8,42,405,Oct-2015,192.51,409,Jun-1990,Fully Paid,11550.599999999999,0.0,Dec-2017
6388, 36 months,15.75,B,< 1 year,MORTGAGE,53343.0,Not Verified,credit_card,1.92,0,21,0,48893,19.0,7,415,May-2016,204.06,419,Nov-1999,Fully Paid,7346.2,0.0,Dec-2017
21651, 36 months,8.18,A,< 1 year,MORTGAGE,54910.0,Verified,small_business,10.78,0,27,0,2834,74.7,27,370,Jan-2017,691.63,374,Jul-1988,Current,24898.649999999998,0.0,Dec-2017
4538, 60 months,17.22,G,< 1 year,RENT,27081.0,Source Verified,credit_card,18.42,0,2,0,33473,36.1,23,405,Dec-2014,86.98,409,Oct-2003,Fully Paid,5218.7,0.0,Dec-2017
22703, 36 months,21.21,F,10+ years,OWN,90890.0,Not Verified,car,29.74,0,15,0,46963,70.0,11,395,Aug-2016,725.23,399,Mar-2000,Fully Paid,26108.449999999997,0.0,Dec-2017
19759, 36 months,15.02,F,,RENT,47702.0,Source Verified,debt_consolidation,19.93,0,25,0,7965,21.0,40,340,Sep-2012,631.19,344,Oct-2001,Fully Paid,22722.85,0.0,Dec-2017
32173, 36 months,14.3,G,10+ years,RENT,73703.0,Source Verified,credit_card,37.37,0,11,0,4495,69.0,57,395,Oct-2013,1027.75,399,Nov-2003,Fully Paid,36998.95,0.0,Dec-2017
5379, 36 months,17.24,B,,RENT,73450.0,Verified,car,11.02,0,14,1,57337,10.1,33,375,Mar-2012,171.83,379,Apr-2005,Fully Paid,6185.849999999999,0.0,Dec-2017
23471, 36 months,11.81,B,,OWN,181155.0,Not Verified,debt_consolidation,9.83,0,26,0,59043,31.5,55,360,Sep-2014,749.77,364,Dec-2008,Fully Paid,26991.649999999998,0.0,Dec-2017
24506, 36 months,14.87,A,5 years,OWN,52440.0,Not Verified,car,23.47,0,22,0,27904,56.0,22,335,Feb-2014,782.83,339,Sep-1985,Fully Paid,28181.899999999998,0.0,Dec-2017
35345, 60 months,11.44,G,< 1 year,OWN,166167.0,Not Verified,debt_consolidation,15.36,0,19,0,7162,90.2,12,340,Sep-2016,677.45,344,Apr-2004,Current,40646.75,0.0,Dec-2017
20661, 36 months,16.73,B,10+ years,OWN,37421.0,Verified,debt_consolidation,25.94,0,5,0,13605,38.9,26,420,Jan-2017,660.0,424,Aug-2010,Late (31-120 days),23760.149999999998,0.0,Dec-2017
36790, 36 months,9.0,G,10+ years,MORTGAGE,169710.0,Not Verified,car,29.76,0,12,0,4478,58.0,35,360,Dec-2013,1175.24,364,Jun-1984,Fully Paid,42308.5,0.0,Dec-2017
33985, 36 months,23.59,G,< 1 year,MORTGAGE,55890.0,Verified,debt_consolidation,20.83,2,18,1,28291,76.4,10,370,Oct-2014,1085.63,374,Mar-1990,Fully Paid,39082.75,0.0,Dec-2017
25035, 36 months,27.71,F,5 years,OWN,154687.0,Verified,credit_card,26.57,0,16,1,55257,65.3,20,390,Feb-2017,799.73,394,Aug-2006,Fully Paid,28790.249999999996,0.0,Dec-2017
26325, 36 months,17.9,D,,OWN,61257.0,Source Verified,small_business,21.35,1,14,0,4297,4.6,36,395,Aug-2012,840.94,399,Mar-1987,Fully Paid,30273.749999999996,0.0,Dec-2017
14118, 36 months,11.4,A,5 years,RENT,66136.0,Not Verified,small_business,3.95,0,8,0,35847,90.4,8,365,Aug-2015,450.99,369,Jun-1988,Fully Paid,16235.699999999999,0.0,Dec-2017
36426, 60 months,10.59,A,5 years,OWN,140495.0,Not Verified,small_business,4.23,0,16,0,31981,98.3,38,360,Mar-2012,698.16,364,May-1998,Fully Paid,41889.899999999994,0.0,Dec-2017
3959, 36 months,12.91,E,1 year,OWN,24663.0,Verified,car,21.1,0,29,0,1373,55.0,57,335,Jan-2012,126.47,339,Mar-2008,Fully Paid,4552.849999999999,0.0,Dec-2017
26735, 60 months,10.74,E,< 1 year,RENT,43140.0,Not Verified,small_business,21.56,1,28,0,37430,14.7,58,400,Mar-2015,512.42,404,Feb-2003,Fully Paid,30745.249999999996,0.0,Dec-2017
35218, 36 months,27.46,D,10+ years,RENT,32726.0,Source Verified,small_business,25.54,0,14,0,37468,19.8,50,365,Oct-2017,1125.02,369,Mar-2009,Fully Paid,40500.7,0.0,Dec-2017
32978, 36 months,13.7,A,10+ years,MORTGAGE,56117.0,Not Verified,car,9.29,0,24,0,20604,15.4,40,365,Jun-2013,1053.46,369,Aug-1985,Fully Paid,37924.7,0.0,Dec-2017
4327, 36 months,9.96,D,10+ years,RENT,54401.0,Verified,credit_card,26.94,2,17,0,51009,13.7,36,400,Dec-2015,138.22,404,Apr-2006,Fully Paid,4976.049999999999,0.0,Dec-2017
22887, 36 months,14.73,D,5 years,MORTGAGE,62813.0,Not Verified,small_business,11.9,1,5,0,57456,20.5,41,330,Oct-2015,731.11,334,Sep-2000,Fully Paid,26320.05,0.0,Dec-2017
3874, 36 months,25.72,D,1 year,OWN,100208.0,Not Verified,credit_card,21.89,0,9,0,30209,0.0,35,405,Jan-2016,123.75,409,Apr-2006,Fully Paid,4455.099999999999,0.0,Dec-2017
19596, 60 months,22.24,C,1 year,RENT,24240.0,Not Verified,small_business,16.16,0,14,0,2489,54.4,15,405,Oct-2013,375.59,409,Aug-2002,Fully Paid,22535.399999999998,0.0,Dec-2017
8945, 60 months,13.94,E,,OWN,65233.0,Verified,debt_consolidation,29.12,1,14,0,58287,69.7,16,330,Jun-2015,171.45,334,Jan-2006,Fully Paid,10286.75,0.0,Dec-2017
32349, 36 months,19.44,A,< 1 year,RENT,37557.0,Verified,car,27.68,0,17,0,38269,61.1,37,405,Aug-2014,1033.37,409,Apr-2010,Charged Off,12939.6,1617.45,Dec-2017
20315, 36 months,21.19,G,,RENT,32930.0,Not Verified,debt_consolidation,20.63,0,10,1,22960,11.6,30,375,Mar-2014,648.95,379,Dec-1984,Charged Off,8126.0,1015.75,Dec-2017
34638, 36 months,9.32,A,10+ years,RENT,53587.0,Verified,car,4.67,0,8,0,54262,27.5,40,395,Nov-2012,1106.49,399,Jun-1994,Fully Paid,39833.7,0.0,Dec-2017
19067, 60 months,8.17,C,5 years,MORTGAGE,70931.0,Not Verified,debt_consolidation,31.39,1,16,0,23102,4.2,27,365,Jul-2013,365.45,369,Aug-1992,Fully Paid,21927.05,0.0,Dec-2017
22222, 60 months,14.5,C,5 years,RENT,57851.0,Not Verified,small_business,11.85,0,5,0,16954,78.2,21,330,Jun-2014,425.92,334,Jan-2009,Fully Paid,25555.3,0.0,Dec-2017
25528, 60 months,16.47,E,< 1 year,MORTGAGE,33148.0,Source Verified,debt_consolidation,18.15,0,3,0,32508,18.9,11,395,Aug-2012,489.29,399,Apr-2006,Fully Paid,29357.199999999997,0.0,Dec-2017
35912, 60 months,17.55,E,10+ years,MORTGAGE,28495.0,Not Verified,credit_card,8.31,0,2,0,10099,51.3,48,415,May-2015,688.31,419,Feb-2002,Charged Off,14364.800000000001,1795.6000000000001,Dec-2017
21662, 36 months,15.23,A,10+ years,MORTGAGE,79334.0,Not Verified,car,22.86,0,18,0,57258,63.0,31,390,Oct-2014,691.98,394,Apr-1999,Fully Paid,24911.3,0.0,Dec-2017
21567, 60 months,23.61,A,,MORTGAGE,42734.0,Source Verified,credit_card,23.83,0,27,0,3277,22.8,41,365,Mar-2015,413.37,369,Mar-1986,Fully Paid,24802.05,0.0,Dec-2017
16966, 60 months,16.18,G,1 year,MORTGAGE,109287.0,Verified,small_business,10.45,0,20,0,40891,20.5,34,340,Aug-2013,325.18,344,Dec-1998,Fully Paid,19510.899999999998,0.0,Dec-2017
28739, 36 months,9.55,C,1 year,OWN,39511.0,Not Verified,credit_card,13.05,0,9,0,39737,32.3,43,380,Aug-2012,918.05,384,Aug-1987,Fully Paid,33049.85,0.0,Dec-2017
21163, 60 months,18.27,D,10+ years,MORTGAGE,107391.0,Source Verified,car,19.26,0,19,0,44099,71.1,49,350,Jul-2012,405.62,354,Dec-1999,Charged Off,8465.2,1058.15,Dec-2017
12609, 36 months,7.84,F,10+ years,MORTGAGE,60153.0,Not Verified,debt_consolidation,1.01,1,19,0,48987,25.5,39,350,Feb-2017,402.79,354,Nov-2010,In Grace Period,14500.349999999999,0.0,Dec-2017
7823, 36 months,23.24,A,10+ years,RENT,47094.0,Verified,small_business,3.85,0,18,0,18806,61.5,23,410,Sep-2012,249.9,414,Jun-1998,Fully Paid,8996.449999999999,0.0,Dec-2017
32921, 36 months,23.6,A,< 1 year,RENT,52970.0,Source Verified,debt_consolidation,19.98,0,3,0,12973,4.3,32,365,Apr-2016,1051.64,369,Feb-2008,Fully Paid,37859.149999999994,0.0,Dec-2017
24321, 60 months,18.11,A,1 year,OWN,56818.0,Verified,car,29.13,0,24,0,16228,95.9,30,380,Mar-2017,466.15,384,Dec-1997,Current,27969.149999999998,0.0,Dec-2017
3455, 36 months,22.73,A,< 1 year,MORTGAGE,201956.0,Not Verified,small_business,23.01,0,25,1,48570,24.5,19,380,Nov-2012,110.37,384,Aug-1996,Fully Paid,3973.2499999999995,0.0,Dec-2017
28708, 36 months,20.67,C,10+ years,RENT,66544.0,Source Verified,credit_card,15.47,0,14,0,9891,39.0,7,365,Jul-2017,917.06,369,Jun-2014,Fully Paid,33014.2,0.0,Dec-2017
26378, 60 months,21.74,B,< 1 year,RENT,23138.0,Not Verified,small_business,17.92,0,29,0,31533,36.1,28,405,Aug-2012,505.58,409,Jun-1993,Fully Paid,30334.699999999997,0.0,Dec-2017
13653, 60 months,19.33,B,,RENT,21280.0,Verified,small_business,4.1,0,10,0,44129,64.8,57,385,Oct-2012,261.68,389,Jul-1987,Fully Paid,15700.949999999999,0.0,Dec-2017
34039, 60 months,19.33,E,,OWN,44396.0,Source Verified,credit_card,25.41,2,25,1,34018,37.2,26,375,Jan-2013,652.41,379,Dec-1990,Fully Paid,39144.85,0.0,Dec-2017
6603, 60 months,21.34,C,5 years,MORTGAGE,78841.0,Source Verified,credit_card,15.92,0,21,0,7021,18.6,47,345,Dec-2012,126.56,349,May-1998,Fully Paid,7593.45,0.0,Dec-2017
7622, 36 months,19.28,D,,MORTGAGE,83271.0,Source Verified,car,8.96,3,19,0,1815,83.7,30,405,Jun-2014,243.48,409,May-1987,Charged Off,3048.8,381.1,Dec-2017
39625, 36 months,12.06,C,10+ years,MORTGAGE,129649.0,Verified,credit_card,19.35,2,2,0,19575,95.7,18,410,Nov-2012,1265.8,414,Apr-1985,Fully Paid,45568.75,0.0,Dec-2017
7233, 36 months,27.09,C,1 year,RENT,68406.0,Verified,credit_card,14.01,0,22,0,987,36.7,48,385,Jun-2013,231.05,389,Apr-1988,Fully Paid,8317.949999999999,0.0,Dec-2017
2060, 36 months,6.52,A,5 years,RENT,55749.0,Verified,small_business,15.69,1,27,0,59575,7.3,36,380,Mar-2014,65.81,384,Mar-1990,Fully Paid,2369.0,0.0,Dec-2017
1013, 36 months,18.7,E,1 year,MORTGAGE,81092.0,Verified,car,24.63,0,20,0,35841,36.7,18,335,May-2013,32.36,339,Mar-2011,Fully Paid,1164.9499999999998,0.0,Dec-2017
30199, 60 months,18.47,E,1 year,OWN,158917.0,Not Verified,debt_consolidation,10.84,0,6,0,31711,83.2,23,375,Aug-2012,578.81,379,Dec-1984,Fully Paid,34728.85,0.0,Dec-2017
16044, 36 months,6.01,C,5 years,RENT,41557.0,Verified,credit_card,5.4,0,10,0,6086,50.6,47,365,Oct-2015,512.52,369,May-1991,Fully Paid,18450.6,0.0,Dec-2017
24005, 60 months,24.58,D,1 year,MORTGAGE,175458.0,Verified,small_business,14.57,2,22,0,51387,94.0,4,400,Aug-2015,460.1,404,Aug-2003,Fully Paid,27605.749999999996,0.0,Dec-2017
13938, 36 months,23.76,E,,OWN,14364.0,Verified,small_business,11.3,1,8,0,39873,11.4,4,385,Sep-2012,445.24,389,May-2004,Fully Paid,16028.699999999999,0.0,Dec-2017
19306, 36 months,26.86,F,< 1 year,RENT,14008.0,Verified,car,23.23,0,19,1,12550,65.5,19,410,Dec-2012,616.72,414,Nov-2002,Fully Paid,22201.899999999998,0.0,Dec-2017
36168, 36 months,17.4,A,< 1 year,RENT,147357.0,Source Verified,debt_consolidation,13.15,0,26,0,15052,57.5,5,375,Apr-2013,1155.37,379,Jan-2007,Fully Paid,41593.2,0.0,Dec-2017
35890, 36 months,17.02,A,10+ years,MORTGAGE,62072.0,Verified,credit_card,4.33,0,7,0,41161,42.1,7,355,Apr-2015,1146.49,359,Apr-2008,Fully Paid,41273.5,0.0,Dec-2017
36324, 60 months,6.12,C,5 years,RENT,92341.0,Not Verified,small_business,21.0,0,11,0,20021,37.3,38,380,Jun-2017,696.21,384,May-2005,Fully Paid,41772.6,0.0,Dec-2017
17327, 36 months,18.31,A,< 1 year,OWN,44004.0,Verified,small_business,35.92,0,4,0,17456,79.5,35,395,Jul-2014,553.5,399,Apr-1990,Fully Paid,19926.05,0.0,Dec-2017
26836, 60 months,18.0,F,5 years,OWN,93671.0,Source Verified,car,16.1,0,29,0,32063,60.0,55,375,Sep-2012,514.36,379,Jul-2002,Fully Paid,30861.399999999998,0.0,Dec-2017
3679, 36 months,13.95,C,< 1 year,MORTGAGE,53349.0,Source Verified,credit_card,32.5,0,26,0,58963,24.4,27,340,Mar-2012,117.52,344,Apr-2006,Fully Paid,4230.849999999999,0.0,Dec-2017
25546, 60 months,10.57,C,10+ years,OWN,103552.0,Source Verified,car,18.02,0,29,0,35780,1.4,16,340,May-2013,489.63,344,Apr-1999,Fully Paid,29377.899999999998,0.0,Dec-2017
31747, 36 months,20.36,D,< 1 year,MORTGAGE,25725.0,Verified,credit_card,8.74,0,8,0,43678,75.4,55,410,May-2015,1014.14,414,Jul-2000,Fully Paid,36509.049999999996,0.0,Dec-2017
35300, 36 months,14.0,C,10+ years,MORTGAGE,108268.0,Not Verified,car,21.34,0,24,0,47531,2.7,58,335,Jun-2017,1127.64,339,Dec-1995,Current,40595.0,0.0,Dec-2017
25442, 36 months,17.57,D,5 years,RENT,100918.0,Source Verified,credit_card,9.8,0,25,0,57786,78.6,38,395,May-2012,812.73,399,Jul-2006,Fully Paid,29258.3,0.0,Dec-2017
26705, 36 months,14.17,B,10+ years,MORTGAGE,91148.0,Verified,small_business,22.31,2,13,0,14400,97.5,10,385,Sep-2016,853.08,389,Nov-1992,Current,30710.749999999996,0.0,Dec-2017
9348, 36 months,9.37,A,10+ years,RENT,55515.0,Source Verified,debt_consolidation,23.27,0,15,0,47355,84.5,48,360,Jan-2015,298.62,364,Aug-2001,Fully Paid,10750.199999999999,0.0,Dec-2017
6671, 36 months,6.86,E,5 years,RENT,129130.0,Verified,debt_consolidation,5.62,0,13,0,58278,18.0,32,365,Sep-2014,213.1,369,Jan-1995,Fully Paid,7671.65,0.0,Dec-2017
17295, 36 months,6.54,G,10+ years,OWN,86842.0,Not Verified,debt_consolidation,28.76,0,28,1,19219,88.4,8,415,Jan-2014,552.48,419,Jul-1998,Fully Paid,19889.25,0.0,Dec-2017
8467, 60 months,27.14,C,< 1 year,OWN,67718.0,Source Verified,debt_consolidation,4.88,1,23,0,44885,46.7,22,340,Oct-2017,162.28,344,May-1998,Late (31-120 days),9737.05,0.0,Dec-2017
10727, 36 months,20.06,A,5 years,MORTGAGE,78512.0,Source Verified,credit_card,25.56,2,8,0,12895,62.8,46,365,May-2014,342.67,369,Feb-1996,Charged Off,4290.8,536.35,Dec-2017
13619, 60 months,21.37,A,5 years,RENT,22109.0,Not Verified,debt_consolidation,18.21,1,16,0,34444,90.1,14,340,Dec-2013,261.03,344,Nov-2005,Fully Paid,15661.849999999999,0.0,Dec-2017
7256, 36 months,20.54,F,1 year,MORTGAGE,81339.0,Source Verified,credit_card,1.73,1,26,0,35083,57.7,25,400,Aug-2014,231.79,404,Sep-2003,Fully Paid,8344.4,0.0,Dec-2017
33484, 60 months,24.57,B,< 1 year,OWN,54966.0,Source Verified,car,13.49,0,16,0,57286,72.9,20,410,Jul-2015,641.78,414,Jul-1991,Fully Paid,38506.6,0.0,Dec-2017
17915, 60 months,13.38,G,,OWN,28243.0,Verified,car,26.92,0,9,0,57518,63.6,4,335,Jun-2013,343.37,339,Jan-2010,Fully Paid,20602.25,0.0,Dec-2017
35652, 36 months,22.22,D,< 1 year,RENT,79400.0,Verified,car,17.42,1,26,0,39490,22.3,11,370,Mar-2013,1138.88,374,Jul-1992,Fully Paid,40999.799999999996,0.0,Dec-2017
11901, 36 months,19.13,D,5 years,MORTGAGE,51492.0,Verified,credit_card,14.52,2,3,0,15199,80.9,49,350,Mar-2017,380.17,354,Jul-2012,Current,13686.15,0.0,Dec-2017
29854, 36 months,21.61,E,10+ years,OWN,47727.0,Source Verified,debt_consolidation,10.24,0,27,0,37988,92.6,12,330,Oct-2014,953.67,334,Jun-1987,Fully Paid,34332.1,0.0,Dec-2017
5031, 60 months,22.46,F,10+ years,MORTGAGE,35497.0,Verified,small_business,29.63,0,11,0,39795,71.2,34,330,Aug-2014,96.43,334,May-2008,Fully Paid,5785.65,0.0,Dec-2017
31504, 36 months,24.72,D,5 years,OWN,40360.0,Not Verified,small_business,13.66,1,20,0,53524,47.8,17,390,Jun-2013,1006.38,394,Jul-1993,Fully Paid,36229.6,0.0,Dec-2017
30770, 36 months,12.76,G,5 years,RENT,29824.0,Source Verified,debt_consolidation,0.55,0,29,0,14565,94.7,41,370,Oct-2017,982.93,374,Oct-2003,Late (31-120 days),35385.5,0.0,Dec-2017
4685, 60 months,23.83,G,5 years,RENT,74159.0,Source Verified,small_business,20.42,1,12,0,42896,90.6,13,385,Apr-2016,89.8,389,Aug-1992,Charged Off,1874.0,234.25,Dec-2017
34185, 36 months,8.11,F,,MORTGAGE,28430.0,Not Verified,small_business,27.31,0,10,0,22051,86.0,57,365,Sep-2017,1092.02,369,Oct-2005,Fully Paid,39312.75,0.0,Dec-2017
24784, 36 months,7.8,F,10+ years,OWN,189938.0,Verified,car,19.83,1,3,1,15450,80.7,18,385,Feb-2013,791.71,389,May-1983,Fully Paid,28501.6,0.0,Dec-2017
39581, 60 months,9.53,G,10+ years,OWN,69552.0,Not Verified,small_business,28.55,2,19,0,53775,42.7,12,390,Mar-2012,758.64,394,Dec-1999,Fully Paid,45518.149999999994,0.0,Dec-2017
24021, 36 months,24.06,G,< 1 year,RENT,53981.0,Source Verified,credit_card,19.91,0,20,0,22465,2.1,57,335,Apr-2017,767.34,339,Jan-2000,In Grace Period,27624.149999999998,0.0,Dec-2017
26278, 36 months,12.78,B,,RENT,55401.0,Not Verified,car,16.57,0,21,0,11084,62.3,18,350,Dec-2016,839.44,354,Apr-1991,Fully Paid,30219.699999999997,0.0,Dec-2017
12212, 36 months,9.65,C,10+ years,OWN,29467.0,Source Verified,credit_card,24.43,0,25,0,3605,29.1,4,350,May-2017,390.11,354,Dec-2010,Fully Paid,14043.8,0.0,Dec-2017
3237, 36 months,24.15,D,5 years,OWN,37862.0,Not Verified,credit_card,30.37,0,18,0,15387,46.7,39,405,Aug-2013,103.4,409,Dec-1996,Fully Paid,3722.5499999999997,0.0,Dec-2017
39691, 36 months,20.1,D,< 1 year,RENT,160059.0,Verified,debt_consolidation,31.26,1,25,0,4655,43.3,9,415,Aug-2016,1267.91,419,Jan-2009,In Grace Period,45644.649999999994,0.0,Dec-2017
3988, 36 months,11.69,F,10+ years,OWN,47113.0,Verified,debt_consolidation,17.74,0,23,0,40987,78.6,38,390,Mar-2012,127.39,394,Jul-1996,Fully Paid,4586.2,0.0,Dec-2017
1585, 36 months,21.22,G,< 1 year,MORTGAGE,14927.0,Source Verified,small_business,12.03,0,10,1,52260,83.5,16,415,Apr-2017,50.63,419,Oct-1992,In Grace Period,1822.7499999999998,0.0,Dec-2017
27604, 60 months,24.55,E,1 year,RENT,42245.0,Source Verified,credit_card,27.43,0,26,0,31879,27.4,15,395,Nov-2017,529.08,399,Jun-1988,Fully Paid,31744.6,0.0,Dec-2017
13937, 36 months,10.51,B,,MORTGAGE,94495.0,Not Verified,credit_card,14.96,0,10,0,21215,96.9,19,350,Oct-2013,445.21,354,Jul-1988,Fully Paid,16027.55,0.0,Dec-2017
11920, 60 months,12.79,D,,MORTGAGE,57841.0,Source Verified,car,32.44,0,23,2,34978,18.1,30,410,Mar-2014,228.47,414,Jul-2011,Fully Paid,13707.999999999998,0.0,Dec-2017
31326, 60 months,26.28,B,10+ years,MORTGAGE,92563.0,Not Verified,small_business,15.54,0,18,0,5529,74.0,58,330,Apr-2012,600.42,334,Dec-1987,Charged Off,12530.400000000001,1566.3000000000002,Dec-2017
2662, 60 months,24.5,E,1 year,MORTGAGE,27945.0,Source Verified,debt_consolidation,19.34,0,15,0,30246,63.0,15,340,Jan-2015,51.02,344,Jun-1998,Fully Paid,3061.2999999999997,0.0,Dec-2017
13593, 36 months,16.22,C,,MORTGAGE,31436.0,Not Verified,debt_consolidation,7.9,0,4,1,43530,30.6,34,410,Jun-2017,434.22,414,Mar-2015,Fully Paid,15631.949999999999,0.0,Dec-2017
13690, 60 months,27.06,B,,RENT,81627.0,Verified,small_business,9.85,1,14,0,50750,96.0,43,340,Dec-2014,262.39,344,Aug-1993,Fully Paid,15743.499999999998,0.0,Dec-2017
4038, 36 months,13.68,G,10+ years,MORTGAGE,81440.0,Source Verified,car,12.39,0,11,0,6154,69.7,20,345,Jun-2015,128.99,349,Jul-1993,Fully Paid,4643.7,0.0,Dec-2017
2180, 60 months,17.99,A,5 years,OWN,155449.0,Not Verified,credit_card,8.72,0,20,0,41024,11.6,58,350,Jun-2017,41.78,354,Feb-1995,Current,2507.0,0.0,Dec-2017
26410, 60 months,19.43,E,< 1 year,OWN,58653.0,Source Verified,car,16.24,1,20,0,25111,46.7,49,405,Apr-2012,506.19,409,Sep-1993,Fully Paid,30371.499999999996,0.0,Dec-2017
14819, 36 months,7.63,E,10+ years,RENT,92646.0,Verified,credit_card,16.98,0,24,0,27746,6.5,26,360,Apr-2014,473.38,364,Apr-2007,Fully Paid,17041.85,0.0,Dec-2017
17356, 36 months,22.99,B,,MORTGAGE,51948.0,Source Verified,small_business,12.88,0,4,0,54991,61.8,21,405,Aug-2016,554.43,409,Jan-2003,Fully Paid,19959.399999999998,0.0,Dec-2017
14698, 36 months,15.13,D,,OWN,44872.0,Source Verified,car,20.07,0,12,0,43190,52.2,30,345,Nov-2015,469.52,349,Sep-1993,Fully Paid,16902.699999999997,0.0,Dec-2017
11744, 60 months,16.1,D,,RENT,109816.0,Source Verified,small_business,5.54,0,13,0,26798,6.2,41,415,Dec-2013,225.09,419,Oct-2011,Fully Paid,13505.599999999999,0.0,Dec-2017
2762, 36 months,6.32,F,< 1 year,MORTGAGE,83116.0,Not Verified,credit_card,8.19,1,6,0,2848,93.1,32,390,Feb-2015,88.23,394,Jul-2005,Fully Paid,3176.2999999999997,0.0,Dec-2017
5704, 36 months,11.38,A,10+ years,MORTGAGE,81197.0,Source Verified,credit_card,21.2,1,23,0,23605,90.9,52,350,Sep-2017,182.21,354,Nov-1987,Fully Paid,6559.599999999999,0.0,Dec-2017
38079, 60 months,25.37,D,5 years,MORTGAGE,86702.0,Not Verified,debt_consolidation,14.95,0,16,0,50399,87.7,38,405,Mar-2017,729.85,409,Mar-1987,Fully Paid,43790.85,0.0,Dec-2017
37896, 60 months,8.46,C,1 year,MORTGAGE,54386.0,Source Verified,small_business,17.15,0,8,0,22666,4.5,49,410,Nov-2017,726.34,414,Nov-2005,Fully Paid,43580.399999999994,0.0,Dec-2017
30199, 36 months,19.44,B,1 year,RENT,50994.0,Not Verified,small_business,18.76,0,16,1,37962,8.2,28,330,May-2012,964.69,334,Mar-2007,Fully Paid,34728.85,0.0,Dec-2017
28087, 60 months,19.29,E,10+ years,MORTGAGE,39098.0,Not Verified,credit_card,8.94,0,14,1,48707,58.1,31,405,Aug-2015,538.33,409,Jun-1992,Fully Paid,32300.05,0.0,Dec-2017
29562, 36 months,26.68,G,1 year,OWN,50594.0,Verified,credit_card,13.83,1,19,0,37876,4.2,23,385,Oct-2017,944.34,389,Feb-1990,Late (31-120 days),33996.299999999996,0.0,Dec-2017
37419, 36 months,17.51,E,1 year,MORTGAGE,62255.0,Source Verified,debt_consolidation,5.06,0,13,0,45787,24.1,35,360,Jun-2017,1195.33,364,Jul-2011,Fully Paid,43031.85,0.0,Dec-2017
10849, 36 months,12.44,D,,RENT,36785.0,Source Verified,small_business,17.29,0,6,0,14867,3.5,43,390,Aug-2015,346.57,394,Feb-2012,Fully Paid,12476.349999999999,0.0,Dec-2017
37480, 60 months,22.07,D,,MORTGAGE,50119.0,Source Verified,small_business,18.43,1,16,0,4186,94.9,56,350,Feb-2014,718.37,354,Jun-2002,Fully Paid,43102.0,0.0,Dec-2017
7025, 36 months,16.82,G,< 1 year,OWN,196857.0,Not Verified,small_business,16.73,0,22,1,25273,11.6,38,400,Apr-2012,224.41,404,Jun-2000,Fully Paid,8078.749999999999,0.0,Dec-2017
11188, 36 months,21.34,D,,MORTGAGE,100481.0,Source Verified,debt_consolidation,19.66,0,5,0,51357,52.1,27,340,Aug-2013,357.39,344,May-2003,Fully Paid,12866.199999999999,0.0,Dec-2017
37028, 36 months,24.68,D,10+ years,RENT,256346.0,Source Verified,credit_card,30.79,1,25,1,4014,81.4,44,345,Jun-2016,1182.84,349,Jan-2004,In Grace Period,42582.2,0.0,Dec-2017
4119, 36 months,17.69,E,< 1 year,OWN,20136.0,Not Verified,debt_consolidation,21.92,1,11,1,30680,3.7,29,420,May-2016,131.58,424,Aug-1992,Fully Paid,4736.849999999999,0.0,Dec-2017
4938, 60 months,25.62,A,1 year,MORTGAGE,40451.0,Verified,credit_card,27.45,0,19,0,1014,25.5,52,415,May-2013,94.64,419,Apr-1992,Fully Paid,5678.7,0.0,Dec-2017
36486, 60 months,17.45,G,,OWN,105710.0,Verified,small_business,10.9,0,4,0,37809,84.1,6,385,May-2015,699.32,389,Oct-1986,Fully Paid,41958.899999999994,0.0,Dec-2017
7653, 60 months,21.66,G,< 1 year,RENT,57841.0,Not Verified,credit_card,3.43,0,8,0,26643,81.0,47,345,Jun-2016,146.68,349,May-1991,Fully Paid,8800.949999999999,0.0,Dec-2017
25650, 36 months,16.07,D,1 year,MORTGAGE,27538.0,Verified,small_business,14.07,0,25,0,23589,57.4,42,400,Feb-2012,819.37,404,Feb-1987,Fully Paid,29497.499999999996,0.0,Dec-2017
34274, 36 months,13.25,F,< 1 year,OWN,56243.0,Verified,debt_consolidation,25.37,1,20,1,45214,23.1,44,350,Jun-2013,1094.86,354,Feb-1993,Fully Paid,39415.1,0.0,Dec-2017
12277, 36 months,6.52,G,10+ years,RENT,72917.0,Not Verified,small_business,21.9,1,25,0,0,12.6,55,360,Feb-2014,392.18,364,Sep-2002,Fully Paid,14118.55,0.0,Dec-2017
35953, 60 months,15.52,G,,MORTGAGE,26631.0,Source Verified,small_business,0.0,0,10,0,39192,33.1,56,365,Jul-2017,689.1,369,Nov-1994,Fully Paid,41345.95,0.0,Dec-2017
15500, 36 months,10.19,D,10+ years,MORTGAGE,67583.0,Source Verified,small_business,22.12,0,7,0,32506,10.7,15,350,Jan-2012,495.14,354,Jan-1999,Fully Paid,17825.0,0.0,Dec-2017
16932, 60 months,15.56,D,5 years,RENT,95149.0,Verified,small_business,17.53,0,13,1,59949,33.6,17,415,Jun-2012,324.53,419,Jul-1992,Fully Paid,19471.8,0.0,Dec-2017
20069, 36 months,27.12,G,5 years,RENT,73705.0,Not Verified,credit_card,16.19,0,13,0,8366,58.9,35,400,Nov-2013,641.09,404,Apr-1999,Charged Off,8027.6,1003.45,Dec-2017
33086, 36 months,22.17,G,5 years,RENT,47843.0,Not Verified,credit_card,14.14,0,6,0,28062,86.2,47,400,Aug-2017,1056.91,404,Jul-1988,Current,38048.899999999994,0.0,Dec-2017
24871, 36 months,16.34,D,10+ years,MORTGAGE,98001.0,Verified,car,19.52,0,9,0,46293,48.1,57,375,Oct-2014,794.49,379,Mar-2011,Fully Paid,28601.649999999998,0.0,Dec-2017
2074, 36 months,9.27,F,,MORTGAGE,64860.0,Not Verified,small_business,20.9,0,16,0,13849,38.2,36,405,Jan-2013,66.25,409,Jun-1984,Fully Paid,2385.1,0.0,Dec-2017
3786, 36 months,20.04,C,1 year,MORTGAGE,23567.0,Not Verified,credit_card,16.42,0,10,0,54494,53.1,59,350,Mar-2014,120.94,354,May-2003,Fully Paid,4353.9,0.0,Dec-2017
9700, 36 months,8.06,G,,RENT,22201.0,Verified,small_business,18.79,0,25,0,15208,45.3,20,420,Oct-2015,309.86,424,Jun-1999,Fully Paid,11155.0,0.0,Dec-2017
10102, 36 months,27.59,D,,OWN,44248.0,Not Verified,car,15.18,1,4,0,52780,54.8,49,375,Feb-2015,322.7,379,Jun-2007,Charged Off,4040.8,505.1,Dec-2017
35629, 36 months,9.05,C,,MORTGAGE,63341.0,Source Verified,small_business,9.21,0,24,0,14749,29.4,55,355,Mar-2013,1138.15,359,Sep-1984,Fully Paid,40973.35,0.0,Dec-2017
6136, 36 months,18.33,A,< 1 year,MORTGAGE,106961.0,Not Verified,credit_card,14.91,0,10,1,54806,57.5,47,340,Mar-2012,196.01,344,Apr-1982,Fully Paid,7056.4,0.0,Dec-2017
2479, 36 months,24.18,C,< 1 year,MORTGAGE,66945.0,Source Verified,small_business,21.3,0,17,0,34081,4.3,43,385,Feb-2016,79.19,389,Aug-1999,Fully Paid,2850.85,0.0,Dec-2017
35224, 36 months,7.81,F,< 1 year,MORTGAGE,91087.0,Source Verified,car,15.62,1,8,0,28218,96.6,10,370,Sep-2017,1125.21,374,May-1998,Current,40507.6,0.0,Dec-2017
31685, 60 months,20.4,G,,OWN,58379.0,Verified,debt_consolidation,1.93,0,12,0,14222,68.8,9,365,Jul-2016,607.3,369,Apr-1989,Fully Paid,36437.75,0.0,Dec-2017
19167, 36 months,16.8,D,10+ years,OWN,56144.0,Source Verified,credit_card,30.44,2,23,1,26497,10.0,53,345,Apr-2013,612.28,349,Sep-1994,Fully Paid,22042.05,0.0,Dec-2017
25034, 36 months,18.58,A,,RENT,129115.0,Verified,debt_consolidation,35.5,1,28,0,30559,55.7,37,385,Jan-2012,799.7,389,Aug-2008,Fully Paid,28789.1,0.0,Dec-2017
30306, 36 months,16.47,E,1 year,OWN,81884.0,Verified,debt_consolidation,17.1,0,14,0,15059,67.4,19,335,Jul-2012,968.11,339,Apr-1989,Fully Paid,34851.899999999994,0.0,Dec-2017
13501, 36 months,22.02,D,< 1 year,OWN,24461.0,Source Verified,credit_card,21.05,1,9,0,25512,38.0,12,415,Jul-2016,431.28,419,Apr-1991,Late (31-120 days),15526.15,0.0,Dec-2017
28726, 60 months,6.85,A,5 years,OWN,149466.0,Verified,car,22.74,0,13,0,52259,27.6,56,405,Aug-2015,550.58,409,Dec-2001,Fully Paid,33034.899999999994,0.0,Dec-2017
10447, 60 months,13.19,A,10+ years,OWN,59908.0,Verified,car,8.95,1,17,1,25417,56.6,5,380,Feb-2015,200.23,384,Dec-1992,Fully Paid,12014.05,0.0,Dec-2017
8467, 36 months,19.53,A,10+ years,RENT,97595.0,Not Verified,debt_consolidation,12.98,0,4,0,14074,65.3,43,345,Jan-2016,270.47,349,Feb-1992,Fully Paid,9737.05,0.0,Dec-2017
30062, 36 months,6.95,A,10+ years,RENT,57745.0,Verified,debt_consolidation,15.36,0,12,0,42956,77.0,23,390,Jan-2015,960.31,394,Jan-1988,Fully Paid,34571.299999999996,0.0,Dec-2017
23653, 36 months,8.9,B,< 1 year,MORTGAGE,61199.0,Not Verified,credit_card,6.06,0,8,0,3291,85.5,42,345,Dec-2013,755.58,349,Sep-2007,Fully Paid,27200.949999999997,0.0,Dec-2017
22730, 60 months,23.68,B,5 years,OWN,45213.0,Source Verified,debt_consolidation,17.29,0,9,0,27900,26.0,26,330,May-2012,435.66,334,Oct-1983,Fully Paid,26139.499999999996,0.0,Dec-2017
6227, 36 months,16.74,B,10+ years,RENT,34766.0,Not Verified,car,14.47,0,24,0,16828,13.3,48,395,Jun-2017,198.92,399,Jan-2011,In Grace Period,7161.049999999999,0.0,Dec-2017
13377, 60 months,17.8,C,< 1 year,OWN,109212.0,Source Verified,car,26.43,0,4,1,55129,78.8,10,405,Aug-2015,256.39,409,Jan-1987,Fully Paid,15383.55,0.0,Dec-2017
10858, 36 months,15.95,E,5 years,MORTGAGE,30171.0,Source Verified,small_business,13.69,0,21,0,28823,19.3,32,380,Dec-2012,346.85,384,Oct-2009,Fully Paid,12486.699999999999,0.0,Dec-2017
16006, 36 months,8.09,C,,MORTGAGE,32406.0,Source Verified,car,0.0,0,15,0,4008,84.5,26,360,Jan-2016,511.3,364,Sep-2003,Fully Paid,18406.899999999998,0.0,Dec-2017
29490, 60 months,7.79,C,10+ years,MORTGAGE,55387.0,Source Verified,credit_card,16.45,0,22,0,37569,28.5,18,345,Jan-2013,565.22,349,Oct-1984,Fully Paid,33913.5,0.0,Dec-2017
33257, 36 months,17.86,D,10+ years,MORTGAGE,54183.0,Not Verified,small_business,14.09,0,29,0,54458,50.3,6,335,Jul-2017,1062.38,339,Jul-2012,Current,38245.549999999996,0.0,Dec-2017
13061, 36 months,24.91,D,1 year,OWN,29652.0,Not Verified,car,13.49,1,16,0,28940,34.0,33,410,Jan-2017,417.23,414,Aug-1987,Fully Paid,15020.15,0.0,Dec-2017
30915, 60 months,17.65,F,< 1 year,MORTGAGE,37147.0,Not Verified,small_business,19.94,0,8,1,835,84.9,26,340,Sep-2012,592.54,344,Feb-1984,Fully Paid,35552.25,0.0,Dec-2017
29245, 60 months,25.37,E,,MORTGAGE,47798.0,Not Verified,credit_card,7.7,0,15,0,44601,53.4,28,385,Sep-2014,560.53,389,Feb-1995,Fully Paid,33631.75,0.0,Dec-2017
4427, 36 months,21.14,D,10+ years,MORTGAGE,71665.0,Verified,car,22.61,0,25,0,15401,10.6,10,420,Jun-2012,141.42,424,Mar-1995,Fully Paid,5091.049999999999,0.0,Dec-2017
10066, 60 months,21.78,C,10+ years,OWN,76224.0,Source Verified,car,18.56,0,29,0,4424,36.9,55,370,May-2015,192.93,374,Mar-1999,Fully Paid,11575.9,0.0,Dec-2017
34286, 36 months,12.37,A,1 year,RENT,55500.0,Source Verified,credit_card,21.78,2,22,0,50024,12.6,19,415,Sep-2016,1095.25,419,Oct-1999,Fully Paid,39428.899999999994,0.0,Dec-2017
33789, 36 months,7.12,G,1 year,RENT,113519.0,Source Verified,debt_consolidation,12.05,0,20,0,865,63.0,48,385,Aug-2016,1079.37,389,Dec-2006,Current,38857.35,0.0,Dec-2017
8720, 36 months,13.01,G,1 year,OWN,71994.0,Verified,credit_card,23.04,0,12,0,11177,44.2,8,345,Jun-2014,278.56,349,Sep-2000,Fully Paid,10028.0,0.0,Dec-2017
27596, 36 months,7.41,A,,RENT,87606.0,Source Verified,car,19.29,0,3,0,2020,11.8,10,335,Nov-2014,881.54,339,Mar-2005,Fully Paid,31735.399999999998,0.0,Dec-2017
33761, 36 months,16.79,E,5 years,RENT,50495.0,Source Verified,credit_card,19.44,0,26,1,13828,61.3,8,360,Sep-2015,1078.48,364,Apr-2001,Fully Paid,38825.149999999994,0.0,Dec-2017
30991, 36 months,15.77,D,1 year,OWN,84603.0,Not Verified,car,15.61,0,19,0,14572,44.4,40,345,May-2017,989.99,349,Apr-2002,In Grace Period,35639.649999999994,0.0,Dec-2017
31853, 36 months,22.21,A,5 years,MORTGAGE,50371.0,Not Verified,credit_card,9.34,0,12,0,13267,70.3,34,330,May-2012,1017.53,334,Jun-1997,Fully Paid,36630.95,0.0,Dec-2017
34949, 36 months,21.61,E,,RENT,129670.0,Verified,debt_consolidation,20.3,1,27,0,37568,99.8,57,415,May-2013,1116.43,419,Jun-1992,Fully Paid,40191.35,0.0,Dec-2017
7966, 36 months,7.05,D,1 year,OWN,147722.0,Verified,credit_card,31.1,0,13,0,32596,76.0,25,415,Aug-2012,254.47,419,Jan-1994,Fully Paid,9160.9,0.0,Dec-2017
22654, 36 months,15.28,F,1 year,RENT,38853.0,Not Verified,credit_card,21.33,0,20,0,28848,48.0,11,335,Dec-2014,723.67,339,Sep-2012,Fully Paid,26052.1,0.0,Dec-2017
22969, 60 months,27.89,B,< 1 year,OWN,44952.0,Verified,debt_consolidation,22.86,0,3,0,3648,36.2,14,370,Jan-2012,440.24,374,Dec-2005,Fully Paid,26414.35,0.0,Dec-2017
11053, 36 months,6.91,B,1 year,OWN,147261.0,Not Verified,credit_card,4.95,0,2,0,18755,65.4,8,360,Jan-2013,353.08,364,Jan-1998,Fully Paid,12710.949999999999,0.0,Dec-2017
32186, 36 months,18.05,F,,OWN,61021.0,Source Verified,debt_consolidation,16.99,0,12,0,53573,6.9,48,350,Sep-2014,1028.16,354,Sep-2009,Fully Paid,37013.899999999994,0.0,Dec-2017
19155, 60 months,16.07,B,< 1 year,MORTGAGE,68077.0,Verified,car,31.56,0,3,0,16004,59.1,6,410,Jun-2013,367.14,414,Aug-1990,Fully Paid,22028.25,0.0,Dec-2017
7945, 36 months,23.13,B,5 years,RENT,47020.0,Verified,credit_card,7.87,0,22,0,2824,52.2,23,330,Jul-2014,253.8,334,Nov-1984,Fully Paid,9136.75,0.0,Dec-2017
1959, 60 months,13.91,G,< 1 year,MORTGAGE,50754.0,Verified,credit_card,13.92,0,12,0,5118,59.1,24,380,Sep-2015,37.55,384,May-1994,Fully Paid,2252.85,0.0,Dec-2017
14680, 60 months,20.35,D,1 year,OWN,143212.0,Verified,credit_card,12.12,1,25,0,22257,7.3,50,335,Aug-2016,281.37,339,Aug-2000,Current,16882.0,0.0,Dec-2017
18371, 36 months,14.65,A,10+ years,OWN,55923.0,Not Verified,car,16.1,0,14,0,57209,45.1,5,340,Aug-2015,586.85,344,Jul-1993,Fully Paid,21126.649999999998,0.0,Dec-2017
30401, 60 months,19.98,F,,RENT,49889.0,Not Verified,car,0.0,0,13,0,11959,42.7,8,390,Oct-2016,582.69,394,Sep-2006,Current,34961.149999999994,0.0,Dec-2017
16647, 60 months,13.46,G,1 year,MORTGAGE,73817.0,Source Verified,credit_card,8.59,0,28,0,58254,53.5,40,375,Apr-2014,319.07,379,Feb-1986,Fully Paid,19144.05,0.0,Dec-2017
25087, 36 months,13.84,B,1 year,RENT,17652.0,Source Verified,car,20.34,0,4,1,558,21.2,51,395,Jul-2015,801.39,399,Oct-2001,Fully Paid,28850.05,0.0,Dec-2017
2874, 60 months,20.24,C,,MORTGAGE,57455.0,Not Verified,car,8.03,0,28,0,18725,93.6,36,335,Jan-2012,55.08,339,Jan-2003,Fully Paid,3305.1,0.0,Dec-2017
33372, 36 months,22.38,E,10+ years,RENT,114972.0,Source Verified,credit_card,2.04,1,25,0,5546,7.1,19,330,Jun-2017,1066.05,334,Mar-2009,Late (31-120 days),38377.799999999996,0.0,Dec-2017
4763, 36 months,15.32,E,,OWN,72453.0,Verified,car,13.64,0,4,0,15865,59.0,10,415,Sep-2014,152.15,419,Jul-2003,Fully Paid,5477.45,0.0,Dec-2017
34199, 36 months,13.74,F,,OWN,55800.0,Not Verified,car,14.23,0,13,0,24866,32.6,8,335,Sep-2012,1092.47,339,Jan-1999,Fully Paid,39328.85,0.0,Dec-2017
26033, 36 months,17.18,E,< 1 year,MORTGAGE,149758.0,Not Verified,car,20.28,0,19,0,13986,13.5,12,345,Aug-2013,831.61,349,Feb-2001,Fully Paid,29937.949999999997,0.0,Dec-2017
17583, 36 months,14.06,D,,MORTGAGE,40007.0,Not Verified,credit_card,31.1,0,21,0,55744,33.7,16,420,Mar-2012,561.68,424,Apr-1998,Fully Paid,20220.449999999997,0.0,Dec-2017
3140, 60 months,9.98,G,1 year,MORTGAGE,18708.0,Verified,debt_consolidation,20.84,1,4,0,32945,63.4,54,410,Dec-2017,60.18,414,Mar-1989,In Grace Period,3610.9999999999995,0.0,Dec-2017
30077, 60 months,16.07,B,10+ years,MORTGAGE,35814.0,Source Verified,credit_card,1.84,0,23,0,17128,7.8,40,415,Nov-2015,576.48,419,Nov-2011,Fully Paid,34588.549999999996,0.0,Dec-2017
16235, 60 months,9.74,D,1 year,OWN,66216.0,Verified,debt_consolidation,24.44,0,21,1,39052,11.0,19,405,Jun-2015,311.17,409,Aug-1995,Fully Paid,18670.25,0.0,Dec-2017
12452, 60 months,13.14,D,< 1 year,OWN,73620.0,Source Verified,small_business,17.4,1,11,0,25576,10.2,21,360,Aug-2014,238.66,364,Apr-2012,Fully Paid,14319.8,0.0,Dec-2017
13114, 60 months,27.57,A,5 years,MORTGAGE,77102.0,Not Verified,debt_consolidation,17.48,0,13,0,1213,97.1,17,370,Apr-2017,251.35,374,Apr-2003,In Grace Period,15081.099999999999,0.0,Dec-2017
13598, 36 months,7.6,C,,OWN,65082.0,Verified,credit_card,17.02,0,5,0,8214,55.5,12,410,Jun-2014,434.38,414,May-1989,Fully Paid,15637.699999999999,0.0,Dec-2017
1380, 60 months,24.81,E,1 year,OWN,50129.0,Not Verified,small_business,0.37,0,12,0,26445,13.8,46,395,Feb-2016,26.45,399,Mar-1990,Fully Paid,1586.9999999999998,0.0,Dec-2017
22194, 60 months,16.43,F,,MORTGAGE,17442.0,Source Verified,debt_consolidation,29.37,0,15,0,10228,87.4,25,420,Mar-2016,425.38,424,Jun-1997,Charged Off,8877.6,1109.7,Dec-2017
3901, 36 months,15.47,E,< 1 year,OWN,62341.0,Verified,small_business,4.7,0,3,0,26032,72.7,12,335,Jul-2012,124.62,339,Sep-1988,Fully Paid,4486.15,0.0,Dec-2017
37018, 36 months,25.18,A,5 years,RENT,24646.0,Verified,debt_consolidation,28.37,1,26,0,35246,45.5,27,410,May-2013,1182.52,414,Mar-1999,Fully Paid,42570.7,0.0,Dec-2017
33254, 36 months,23.1,F,5 years,MORTGAGE,43830.0,Not Verified,small_business,11.33,0,24,0,1983,18.6,43,395,Dec-2014,1062.28,399,Jan-1998,Fully Paid,38242.1,0.0,Dec-2017
24828, 60 months,24.82,D,< 1 year,RENT,74109.0,Source Verified,debt_consolidation,19.82,0,3,0,41544,74.5,16,390,Apr-2015,475.87,394,May-2004,Fully Paid,28552.199999999997,0.0,Dec-2017
29759, 36 months,21.6,A,10+ years,OWN,51117.0,Not Verified,small_business,8.96,0,16,0,52737,79.5,11,360,Sep-2017,950.63,364,Feb-2009,Current,34222.85,0.0,Dec-2017
29508, 36 months,17.39,C,1 year,RENT,41030.0,Verified,small_business,3.0,1,17,0,43055,10.9,45,355,Jul-2017,942.62,359,Feb-2014,In Grace Period,33934.2,0.0,Dec-2017
11422, 36 months,19.89,B,,OWN,13000.0,Not Verified,car,24.81,0,22,1,4267,61.0,51,400,Mar-2015,364.87,404,Feb-2011,Charged Off,4568.8,571.1,Dec-2017
24266, 60 months,13.49,C,< 1 year,RENT,104928.0,Source Verified,small_business,20.7,0,18,0,2987,6.7,53,420,Dec-2013,465.1,424,Oct-1986,Fully Paid,27905.899999999998,0.0,Dec-2017
28924, 36 months,17.35,C,10+ years,MORTGAGE,87693.0,Source Verified,small_business,8.7,1,4,0,28331,2.1,23,345,Nov-2012,923.96,349,Oct-1993,Fully Paid,33262.6,0.0,Dec-2017
37227, 36 months,25.79,G,5 years,OWN,44604.0,Verified,credit_card,16.77,1,15,0,28675,42.1,56,360,Aug-2015,1189.2,364,Feb-2011,Fully Paid,42811.049999999996,0.0,Dec-2017
6447, 36 months,20.91,D,,RENT,68735.0,Source Verified,car,6.08,1,18,0,49202,20.0,34,405,Jul-2016,205.95,409,Apr-1995,Current,7414.049999999999,0.0,Dec-2017
7532, 60 months,20.74,F,,RENT,47213.0,Verified,car,18.73,0,26,0,23957,68.4,50,420,Sep-2015,144.36,424,Jul-2003,Fully Paid,8661.8,0.0,Dec-2017
29440, 36 months,22.91,D,,RENT,32162.0,Verified,debt_consolidation,22.69,0,5,0,56298,1.4,15,420,Aug-2016,940.44,424,May-2003,Current,33856.0,0.0,Dec-2017
3336, 36 months,17.03,E,< 1 year,MORTGAGE,66454.0,Not Verified,credit_card,1.16,0,7,0,9146,50.4,19,370,May-2017,106.57,374,Aug-2010,Fully Paid,3836.3999999999996,0.0,Dec-2017
5771, 36 months,26.71,F,10+ years,RENT,32344.0,Not Verified,car,31.2,0,25,0,18301,40.1,39,415,May-2016,184.35,419,Jan-2007,Fully Paid,6636.65,0.0,Dec-2017
4019, 36 months,22.6,F,< 1 year,OWN,103357.0,Source Verified,car,8.45,0,8,0,54382,52.2,46,335,Oct-2016,128.38,339,May-2014,Current,4621.849999999999,0.0,Dec-2017
24118, 36 months,19.03,D,5 years,OWN,123341.0,Not Verified,debt_consolidation,3.63,2,19,0,37942,23.3,40,415,Dec-2015,770.44,419,Sep-1992,Fully Paid,27735.699999999997,0.0,Dec-2017
27314, 60 months,27.6,E,5 years,RENT,13572.0,Verified,debt_consolidation,10.19,0,2,0,40576,68.3,49,380,Oct-2016,523.52,384,Jan-2001,In Grace Period,31411.1,0.0,Dec-2017
39910, 36 months,24.79,D,,RENT,81990.0,Source Verified,car,2.36,1,6,0,42107,68.1,10,380,Feb-2017,1274.9,384,Dec-1992,Fully Paid,45896.5,0.0,Dec-2017
9371, 36 months,24.59,C,1 year,MORTGAGE,16987.0,Not Verified,debt_consolidation,14.99,0,18,0,47919,18.2,59,375,Sep-2015,299.35,379,Aug-2007,Fully Paid,10776.65,0.0,Dec-2017
37671, 36 months,11.13,E,,OWN,56431.0,Verified,car,23.44,1,25,0,10392,23.3,15,370,Jul-2014,1203.38,374,Jul-2011,Fully Paid,43321.649999999994,0.0,Dec-2017
39061, 36 months,7.52,A,10+ years,RENT,39443.0,Not Verified,credit_card,18.78,1,24,0,56001,6.9,43,410,Nov-2015,1247.78,414,Nov-1985,Fully Paid,44920.149999999994,0.0,Dec-2017
4157, 60 months,14.77,F,1 year,OWN,52336.0,Not Verified,small_business,19.03,1,28,0,19502,30.6,39,400,Jan-2014,79.68,404,May-2007,Fully Paid,4780.549999999999,0.0,Dec-2017
12850, 36 months,17.33,G,5 years,RENT,41102.0,Source Verified,debt_consolidation,15.81,0,6,0,46359,28.8,19,395,Mar-2012,410.49,399,Oct-2008,Fully Paid,14777.499999999998,0.0,Dec-2017
24167, 36 months,25.73,B,,RENT,81012.0,Not Verified,credit_card,16.7,0,2,0,46971,15.0,43,355,May-2017,772.0,359,May-2004,Current,27792.05,0.0,Dec-2017
5642, 36 months,21.71,G,< 1 year,OWN,64097.0,Source Verified,car,17.19,1,13,0,42767,0.9,30,410,Mar-2015,180.23,414,Jul-2009,Fully Paid,6488.299999999999,0.0,Dec-2017
19567, 36 months,6.33,F,< 1 year,RENT,123209.0,Verified,debt_consolidation,27.18,0,10,0,10025,24.2,21,380,Jul-2012,625.06,384,Apr-2006,Fully Paid,22502.05,0.0,Dec-2017
5335, 36 months,13.75,E,5 years,RENT,83632.0,Source Verified,credit_card,6.94,0,2,0,34436,76.9,25,355,Mar-2013,170.42,359,Feb-1993,Fully Paid,6135.249999999999,0.0,Dec-2017
3005, 36 months,19.15,A,< 1 year,RENT,58035.0,Source Verified,debt_consolidation,11.64,0,27,0,33634,84.1,52,330,Oct-2017,95.99,334,Feb-2012,Fully Paid,3455.7499999999995,0.0,Dec-2017
39241, 36 months,15.17,G,,MORTGAGE,36701.0,Source Verified,debt_consolidation,32.79,1,25,0,30621,73.4,52,355,Oct-2016,1253.53,359,Nov-1992,In Grace Period,45127.149999999994,0.0,Dec-2017
28471, 36 months,20.58,A,< 1 year,MORTGAGE,78505.0,Source Verified,car,24.17,0,24,0,1669,3.0,27,410,Jan-2013,909.49,414,Mar-2007,Fully Paid,32741.649999999998,0.0,Dec-2017
29327, 36 months,8.78,E,10+ years,OWN,53997.0,Verified,debt_consolidation,28.14,0,8,1,5308,25.3,43,395,Jul-2014,936.83,399,Oct-2010,Fully Paid,33726.049999999996,0.0,Dec-2017
20722, 36 months,10.85,A,1 year,MORTGAGE,38505.0,Verified,credit_card,13.05,0,28,0,43723,17.3,11,360,Jan-2014,661.95,364,Sep-1988,Fully Paid,23830.3,0.0,Dec-2017
18227, 36 months,12.37,G,< 1 year,RENT,36270.0,Verified,small_business,18.6,1,4,1,46647,32.3,6,405,Mar-2017,582.25,409,Feb-2005,Late (31-120 days),20961.05,0.0,Dec-2017
25427, 36 months,13.77,G,,RENT,21036.0,Verified,car,10.08,0,18,2,30324,19.0,7,380,Oct-2016,812.25,384,Jan-1999,Late (31-120 days),29241.05,0.0,Dec-2017
38002, 60 months,25.0,B,5 years,MORTGAGE,113167.0,Not Verified,credit_card,14.92,1,15,0,7276,17.5,11,375,Jun-2013,728.37,379,Apr-1994,Fully Paid,43702.299999999996,0.0,Dec-2017
6299, 36 months,27.78,B,10+ years,RENT,95081.0,Verified,car,21.91,0,10,0,20955,77.0,21,375,Sep-2012,201.22,379,Sep-1997,Fully Paid,7243.849999999999,0.0,Dec-2017
23359, 36 months,6.44,C,1 year,MORTGAGE,97524.0,Verified,car,13.79,0,12,0,16537,84.0,30,360,Sep-2017,746.19,364,Oct-2006,Fully Paid,26862.85,0.0,Dec-2017
8530, 36 months,15.1,C,< 1 year,RENT,39768.0,Verified,car,16.75,0,5,0,44486,40.8,54,385,Mar-2014,272.49,389,Dec-1993,Fully Paid,9809.5,0.0,Dec-2017
5179, 60 months,15.68,A,10+ years,MORTGAGE,34001.0,Verified,credit_card,20.62,0,9,0,93,97.2,14,380,May-2012,99.26,384,Sep-2003,Fully Paid,5955.849999999999,0.0,Dec-2017
28816, 60 months,18.51,G,10+ years,MORTGAGE,30514.0,Source Verified,car,22.02,1,19,0,48432,48.2,7,360,Nov-2015,552.31,364,Jul-2009,Fully Paid,33138.399999999994,0.0,Dec-2017
4868, 36 months,19.74,A,,OWN,28893.0,Verified,car,11.78,0,5,0,51454,24.4,5,340,Apr-2017,155.51,344,Jun-1987,Fully Paid,5598.2,0.0,Dec-2017
37131, 60 months,27.97,C,,RENT,47932.0,Source Verified,credit_card,29.22,1,7,0,21421,74.2,11,375,Dec-2013,711.68,379,Feb-1985,Fully Paid,42700.649999999994,0.0,Dec-2017
9751, 36 months,10.13,F,,OWN,33873.0,Verified,car,0.0,1,23,0,53137,27.7,16,395,Jan-2016,311.49,399,Apr-1996,Fully Paid,11213.65,0.0,Dec-2017
14883, 36 months,12.0,G,< 1 year,OWN,138743.0,Not Verified,debt_consolidation,26.96,0,10,0,13490,62.5,26,395,Jan-2017,475.43,399,Apr-2010,Current,17115.449999999997,0.0,Dec-2017
7699, 60 months,8.7,D,5 years,RENT,169522.0,Verified,small_business,17.98,0,24,0,35005,63.9,24,350,Jan-2016,147.56,354,Feb-2003,Fully Paid,8853.849999999999,0.0,Dec-2017
39374, 60 months,15.66,B,,RENT,85149.0,Source Verified,debt_consolidation,19.79,0,14,1,2050,15.2,55,400,Oct-2013,754.67,404,Aug-2003,Fully Paid,45280.1,0.0,Dec-2017
4512, 36 months,10.66,G,< 1 year,RENT,32040.0,Verified,small_business,9.89,1,11,0,28304,7.3,41,340,Aug-2016,144.13,344,Jan-1991,Fully Paid,5188.799999999999,0.0,Dec-2017
9543, 36 months,23.73,D,< 1 year,OWN,69213.0,Source Verified,debt_consolidation,20.19,0,15,0,6858,35.9,35,395,Jul-2015,304.85,399,Jan-1988,Fully Paid,10974.449999999999,0.0,Dec-2017
30363, 36 months,13.85,E,10+ years,MORTGAGE,94921.0,Verified,debt_consolidation,12.5,0,27,0,6718,45.0,37,380,Jan-2013,969.93,384,Apr-1988,Fully Paid,34917.45,0.0,Dec-2017
8333, 60 months,7.11,F,5 years,RENT,43314.0,Verified,car,33.64,0,28,0,1818,42.2,30,375,Feb-2014,159.72,379,Mar-1985,Fully Paid,9582.949999999999,0.0,Dec-2017
37948, 36 months,20.82,E,1 year,MORTGAGE,54003.0,Verified,credit_card,37.19,1,4,0,1504,42.8,7,345,Oct-2017,1212.23,349,Jan-1997,In Grace Period,43640.2,0.0,Dec-2017
29408, 36 months,16.85,F,10+ years,RENT,226974.0,Verified,credit_card,25.9,0,4,0,58835,12.5,49,350,Aug-2012,939.42,354,Jan-1994,Fully Paid,33819.2,0.0,Dec-2017
34531, 36 months,15.46,A,< 1 year,RENT,39501.0,Verified,credit_card,17.06,0,23,0,4655,43.7,24,330,Apr-2015,1103.07,334,Dec-2008,Fully Paid,39710.649999999994,0.0,Dec-2017
11038, 36 months,22.35,G,,MORTGAGE,45801.0,Not Verified,debt_consolidation,23.06,0,8,0,14325,36.4,10,400,Sep-2013,352.6,404,Jun-1995,Fully Paid,12693.699999999999,0.0,Dec-2017
10523, 36 months,27.87,D,,OWN,87214.0,Source Verified,small_business,14.08,0,29,0,27310,35.3,5,355,Jan-2013,336.15,359,Aug-1985,Fully Paid,12101.449999999999,0.0,Dec-2017
38217, 36 months,25.78,B,10+ years,OWN,36310.0,Verified,credit_card,11.57,1,18,0,23414,64.4,27,345,Nov-2016,1220.82,349,May-1992,Fully Paid,43949.549999999996,0.0,Dec-2017
37725, 60 months,11.72,B,< 1 year,RENT,195895.0,Source Verified,car,13.32,0,11,1,18102,39.8,12,415,Oct-2013,723.06,419,Oct-1994,Fully Paid,43383.75,0.0,Dec-2017
2839, 60 months,27.61,F,< 1 year,MORTGAGE,77437.0,Verified,debt_consolidation,4.75,0,26,0,50973,68.8,6,385,Nov-2013,54.41,389,Feb-1991,Fully Paid,3264.85,0.0,Dec-2017
37091, 36 months,8.01,F,,MORTGAGE,47694.0,Verified,credit_card,3.56,1,16,0,4521,22.8,28,415,Jan-2015,1184.85,419,Sep-2012,Fully Paid,42654.649999999994,0.0,Dec-2017
23153, 36 months,7.95,A,,MORTGAGE,61317.0,Verified,debt_consolidation,21.4,0,8,0,8558,90.6,48,360,Jan-2014,739.61,364,Feb-1990,Fully Paid,26625.949999999997,0.0,Dec-2017
36160, 36 months,7.18,E,10+ years,OWN,41020.0,Not Verified,small_business,28.77,0,27,0,25210,21.6,30,415,Feb-2012,1155.11,419,Jun-1997,Fully Paid,41584.0,0.0,Dec-2017
32294, 60 months,26.51,E,< 1 year,OWN,63899.0,Not Verified,car,9.42,0,4,0,42124,75.6,57,400,Apr-2017,618.97,404,Jul-1997,Late (31-120 days),37138.1,0.0,Dec-2017
12446, 36 months,7.01,A,5 years,RENT,147078.0,Source Verified,credit_card,13.91,1,12,0,46714,92.1,23,375,Feb-2016,397.58,379,Nov-2003,Fully Paid,14312.9,0.0,Dec-2017
29904, 60 months,10.29,B,10+ years,OWN,62175.0,Verified,debt_consolidation,21.31,0,18,0,25483,94.0,6,365,Jun-2017,573.16,369,Apr-2014,In Grace Period,34389.6,0.0,Dec-2017
36619, 36 months,27.8,C,1 year,MORTGAGE,35521.0,Verified,credit_card,22.21,1,18,0,4174,71.8,48,360,Jul-2015,1169.77,364,Aug-2000,Charged Off,14647.6,1830.95,Dec-2017
38429, 60 months,27.35,G,1 year,MORTGAGE,96401.0,Not Verified,small_business,6.4,0,14,0,19483,81.0,43,350,Jun-2015,736.56,354,Sep-1997,Fully Paid,44193.35,0.0,Dec-2017
2018, 36 months,20.03,B,< 1 year,RENT,31655.0,Verified,debt_consolidation,11.28,0,16,1,59994,88.5,6,330,Nov-2017,64.46,334,Feb-1998,In Grace Period,2320.7,0.0,Dec-2017
9923, 36 months,16.9,G,,RENT,52781.0,Verified,car,17.99,0,16,0,8715,6.3,9,410,Aug-2012,316.98,414,Aug-2007,Fully Paid,11411.449999999999,0.0,Dec-2017
12334, 60 months,8.99,A,5 years,RENT,113906.0,Source Verified,small_business,12.28,0,3,0,29370,60.8,44,330,Jan-2017,236.4,334,Dec-1990,Fully Paid,14184.099999999999,0.0,Dec-2017
25029, 36 months,20.37,C,10+ years,RENT,45570.0,Verified,debt_consolidation,13.99,1,10,1,33204,93.8,31,390,Jul-2013,799.54,394,Feb-2009,Fully Paid,28783.35,0.0,Dec-2017
4855, 36 months,9.7,B,1 year,MORTGAGE,33745.0,Not Verified,credit_card,27.14,0,14,0,54020,35.0,59,415,Aug-2016,155.09,419,Dec-1991,In Grace Period,5583.25,0.0,Dec-2017
6077, 36 months,16.27,D,10+ years,RENT,152280.0,Source Verified,small_business,14.59,1,25,1,34602,33.5,35,390,Sep-2016,194.13,394,Oct-2006,Fully Paid,6988.549999999999,0.0,Dec-2017
12185, 36 months,7.6,B,10+ years,OWN,104592.0,Not Verified,small_business,19.43,0,13,0,4866,93.0,47,345,Mar-2013,389.24,349,Mar-1999,Fully Paid,14012.749999999998,0.0,Dec-2017
6675, 36 months,9.2,D,5 years,OWN,78810.0,Verified,debt_consolidation,26.5,0,10,0,8341,13.2,9,410,Apr-2014,213.23,414,Dec-2002,Fully Paid,7676.249999999999,0.0,Dec-2017
16621, 36 months,9.99,C,< 1 year,OWN,64905.0,Not Verified,car,8.77,0,21,0,36734,94.7,22,330,May-2014,530.95,334,Nov-2008,Fully Paid,19114.149999999998,0.0,Dec-2017
29863, 36 months,6.24,C,,MORTGAGE,70510.0,Verified,car,22.14,0,9,0,47877,7.3,21,400,Jul-2017,953.96,404,May-2014,Late (31-120 days),34342.45,0.0,Dec-2017
39846, 36 months,16.75,B,1 year,RENT,96184.0,Source Verified,debt_consolidation,12.75,0,21,1,9278,91.4,18,365,Oct-2017,1272.86,369,Mar-2011,Fully Paid,45822.899999999994,0.0,Dec-2017
28121, 36 months,14.45,B,< 1 year,RENT,58726.0,Verified,debt_consolidation,1.06,0,15,0,12551,65.5,14,385,Apr-2014,898.31,389,Nov-2008,Fully Paid,32339.149999999998,0.0,Dec-2017
10382, 60 months,18.97,A,10+ years,MORTGAGE,30164.0,Not Verified,debt_consolidation,16.82,0,21,0,51330,76.8,32,370,Feb-2012,198.99,374,Apr-1986,Fully Paid,11939.3,0.0,Dec-2017
31225, 36 months,25.95,B,,OWN,102313.0,Verified,small_business,15.31,0,10,0,43608,75.4,22,390,Dec-2017,997.47,394,Sep-1995,In Grace Period,35908.75,0.0,Dec-2017
39148, 36 months,11.5,G,1 year,OWN,76819.0,Not Verified,small_business,19.49,0,22,0,11977,98.3,50,370,Aug-2016,1250.56,374,May-2012,Late (31-120 days),45020.2,0.0,Dec-2017
35048, 60 months,19.98,B,5 years,RENT,35417.0,Verified,car,26.15,0,25,0,14480,45.2,10,375,Dec-2015,671.75,379,Oct-1999,Fully Paid,40305.2,0.0,Dec-2017
38822, 36 months,13.48,A,10+ years,OWN,98018.0,Source Verified,credit_card,9.88,0,15,0,53413,56.9,31,385,Sep-2014,1240.15,389,Mar-2007,Fully Paid,44645.299999999996,0.0,Dec-2017
8285, 36 months,20.56,G,< 1 year,MORTGAGE,47155.0,Not Verified,small_business,20.87,0,23,0,40295,46.1,26,385,Sep-2013,264.66,389,Mar-1984,Fully Paid,9527.75,0.0,Dec-2017
33602, 36 months,12.92,C,10+ years,OWN,58397.0,Not Verified,small_business,18.96,0,29,0,16656,98.6,49,350,Jun-2016,1073.4,354,Jun-1995,Fully Paid,38642.299999999996,0.0,Dec-2017
28891, 36 months,14.9,B,5 years,MORTGAGE,43928.0,Source Verified,car,19.88,1,12,0,18916,93.3,50,410,Apr-2015,922.91,414,Apr-1989,Fully Paid,33224.649999999994,0.0,Dec-2017
34939, 36 months,23.28,C,10+ years,OWN,40085.0,Source Verified,debt_consolidation,15.52,0,11,0,20146,98.6,38,415,Nov-2016,1116.11,419,Dec-1991,Fully Paid,40179.85,0.0,Dec-2017
32644, 60 months,16.96,B,1 year,OWN,39905.0,Not Verified,car,20.81,0,27,0,6989,19.4,52,350,Oct-2016,625.68,354,Dec-1996,In Grace Period,37540.6,0.0,Dec-2017
21481, 60 months,8.4,C,< 1 year,RENT,149381.0,Verified,debt_consolidation,9.39,1,12,0,420,37.0,31,370,Jan-2016,411.72,374,Jul-2006,Fully Paid,24703.149999999998,0.0,Dec-2017
10478, 60 months,12.04,B,,RENT,43370.0,Source Verified,small_business,17.25,1,15,1,16654,2.4,5,375,Jun-2013,200.83,379,Jan-2001,Fully Paid,12049.699999999999,0.0,Dec-2017
39566, 36 months,26.98,B,,RENT,230765.0,Verified,credit_card,7.18,0,15,0,38739,0.7,37,420,Aug-2017,1263.91,424,Aug-1989,Late (31-120 days),45500.899999999994,0.0,Dec-2017
20082, 36 months,6.08,B,< 1 year,RENT,56538.0,Not Verified,credit_card,18.57,0,8,0,26385,27.7,17,405,Oct-2013,641.51,409,Jul-1987,Fully Paid,23094.3,0.0,Dec-2017
25307, 60 months,7.8,G,10+ years,RENT,83194.0,Not Verified,small_business,12.37,0,26,0,19151,6.0,35,365,Jun-2017,485.05,369,Nov-1992,Fully Paid,29103.05,0.0,Dec-2017
13473, 60 months,6.77,B,10+ years,MORTGAGE,34144.0,Verified,debt_consolidation,19.45,1,27,0,7306,83.1,28,400,Jun-2014,258.23,404,Jan-2004,Fully Paid,15493.949999999999,0.0,Dec-2017
31641, 36 months,19.25,A,1 year,RENT,38457.0,Source Verified,car,18.02,0,27,0,37430,93.4,11,410,Oct-2014,1010.75,414,Jun-2012,Fully Paid,36387.149999999994,0.0,Dec-2017
4833, 36 months,14.56,E,5 years,MORTGAGE,63552.0,Source Verified,debt_consolidation,21.66,2,5,0,56762,70.5,38,345,Mar-2014,154.39,349,Sep-1984,Fully Paid,5557.95,0.0,Dec-2017
4898, 60 months,15.51,A,5 years,RENT,37016.0,Not Verified,car,19.34,0,25,0,46216,48.3,45,365,Oct-2015,93.88,369,Jul-2008,Fully Paid,5632.7,0.0,Dec-2017
34551, 36 months,21.99,A,10+ years,MORTGAGE,32842.0,Source Verified,car,13.04,1,26,0,40616,65.3,37,420,Aug-2017,1103.71,424,Aug-1992,In Grace Period,39733.649999999994,0.0,Dec-2017
29906, 36 months,9.96,D,< 1 year,OWN,100095.0,Source Verified,credit_card,13.98,1,7,0,13946,88.1,4,385,Mar-2012,955.33,389,Jun-2007,Fully Paid,34391.899999999994,0.0,Dec-2017
30335, 60 months,17.24,F,5 years,MORTGAGE,27928.0,Source Verified,car,21.2,0,7,0,27018,18.3,4,380,Nov-2015,581.42,384,Mar-1993,Fully Paid,34885.25,0.0,Dec-2017
28503, 36 months,13.78,B,10+ years,MORTGAGE,60362.0,Not Verified,small_business,39.53,1,22,1,9474,16.4,30,405,Apr-2013,910.51,409,Dec-1999,Fully Paid,32778.45,0.0,Dec-2017
1421, 36 months,24.84,G,1 year,RENT,117310.0,Not Verified,car,13.4,1,6,0,36804,22.7,4,370,Jul-2015,45.39,374,May-2007,Fully Paid,1634.1499999999999,0.0,Dec-2017
28159, 36 months,10.36,A,,MORTGAGE,28117.0,Not Verified,car,11.63,1,17,0,44150,3.2,44,345,Mar-2016,899.52,349,Sep-1988,Fully Paid,32382.85,0.0,Dec-2017
16623, 60 months,25.23,D,< 1 year,MORTGAGE,58308.0,Source Verified,debt_consolidation,9.88,0,2,0,51165,4.5,11,380,Sep-2017,318.61,384,Aug-1998,Current,19116.449999999997,0.0,Dec-2017
2713, 36 months,27.38,E,< 1 year,MORTGAGE,34820.0,Not Verified,small_business,15.32,0,12,0,50530,92.4,24,355,Jan-2015,86.67,359,Dec-1992,Fully Paid,3119.95,0.0,Dec-2017
32898, 36 months,22.14,A,5 years,OWN,119135.0,Verified,small_business,20.9,0,17,0,6439,98.0,43,365,May-2014,1050.91,369,Dec-1994,Fully Paid,37832.7,0.0,Dec-2017
13405, 36 months,13.98,E,,MORTGAGE,55774.0,Not Verified,small_business,20.67,0,29,1,54078,88.7,17,375,Dec-2016,428.22,379,Sep-2004,Late (31-120 days),15415.749999999998,0.0,Dec-2017
38384, 36 months,25.54,A,5 years,MORTGAGE,39781.0,Not Verified,debt_consolidation,7.39,1,24,0,601,75.0,59,375,Feb-2016,1226.16,379,May-1988,Fully Paid,44141.6,0.0,Dec-2017
12110, 36 months,8.45,E,,RENT,51577.0,Not Verified,debt_consolidation,10.73,1,25,0,54070,87.1,6,340,Sep-2017,386.85,344,Jan-2005,Fully Paid,13926.499999999998,0.0,Dec-2017
10560, 60 months,20.2,E,1 year,OWN,69947.0,Not Verified,car,24.41,0,16,0,24003,75.1,42,350,Jan-2013,202.4,354,May-1995,Fully Paid,12143.999999999998,0.0,Dec-2017
2437, 36 months,7.3,F,5 years,RENT,102021.0,Verified,small_business,13.46,0,6,0,52502,21.1,10,395,Nov-2015,77.85,399,Jul-2000,Fully Paid,2802.5499999999997,0.0,Dec-2017
38126, 36 months,27.98,D,1 year,OWN,131960.0,Verified,debt_consolidation,17.37,0,27,0,3355,12.9,32,360,Dec-2016,1217.91,364,Oct-1991,Fully Paid,43844.899999999994,0.0,Dec-2017
15051, 36 months,6.03,F,1 year,RENT,126108.0,Source Verified,car,7.34,0,19,0,23417,64.6,18,375,Nov-2015,480.8,379,Jul-2005,Fully Paid,17308.649999999998,0.0,Dec-2017
19233, 36 months,21.85,F,5 years,MORTGAGE,68743.0,Not Verified,debt_consolidation,18.54,1,29,0,4550,32.8,9,395,Dec-2013,614.39,399,Feb-2001,Fully Paid,22117.949999999997,0.0,Dec-2017
2036, 36 months,21.37,A,,MORTGAGE,177252.0,Verified,debt_consolidation,18.13,0,9,0,9196,72.9,5,375,May-2016,65.04,379,Aug-1988,Fully Paid,2341.3999999999996,0.0,Dec-2017
2931, 36 months,6.02,G,10+ years,MORTGAGE,49726.0,Verified,small_business,4.07,0,29,0,29652,64.4,53,340,Nov-2014,93.63,344,Jun-1995,Fully Paid,3370.6499999999996,0.0,Dec-2017
1517, 36 months,17.57,A,5 years,OWN,46928.0,Not Verified,car,18.91,0,28,0,35138,46.9,47,390,Feb-2015,48.46,394,Jun-1994,Fully Paid,1744.55,0.0,Dec-2017
1572, 36 months,19.34,D,< 1 year,RENT,22663.0,Verified,credit_card,2.09,0,15,0,9083,31.5,44,380,Mar-2012,50.22,384,Sep-1992,Fully Paid,1807.8,0.0,Dec-2017
8013, 36 months,6.35,F,,RENT,148110.0,Verified,debt_consolidation,12.43,0,2,0,8818,30.6,25,415,Jul-2014,255.97,419,Mar-1985,Fully Paid,9214.949999999999,0.0,Dec-2017
4745, 36 months,6.14,F,1 year,OWN,25109.0,Not Verified,debt_consolidation,16.9,1,23,0,48340,11.8,18,360,Nov-2012,151.58,364,Oct-1989,Fully Paid,5456.75,0.0,Dec-2017
8481, 60 months,9.8,E,,RENT,34204.0,Verified,debt_consolidation,19.29,1,3,0,52323,50.0,30,345,Jun-2016,162.55,349,Aug-1996,Fully Paid,9753.15,0.0,Dec-2017
22501, 36 months,17.4,E,< 1 year,MORTGAGE,137883.0,Verified,credit_card,33.21,1,7,0,42607,65.7,10,420,Nov-2016,718.78,424,Sep-1995,Current,9000.4,1125.05,Dec-2017
37893, 36 months,15.78,B,< 1 year,RENT,39385.0,Source Verified,debt_consolidation,35.86,0,28,0,29782,81.1,9,420,Oct-2016,1210.47,424,Oct-1997,In Grace Period,15157.2,1894.65,Dec-2017
39740, 60 months,27.13,E,< 1 year,OWN,154408.0,Verified,debt_consolidation,14.15,0,15,0,25133,54.1,30,420,Jan-2016,761.68,424,Apr-1989,Fully Paid,45701.0,0.0,Dec-2017
30385, 36 months,20.27,G,,MORTGAGE,38698.0,Not Verified,small_business,31.83,0,18,0,29816,94.7,22,390,Dec-2012,970.63,394,Aug-1988,Fully Paid,34942.75,0.0,Dec-2017
33395, 36 months,16.92,E,,OWN,51785.0,Not Verified,small_business,17.38,0,16,0,36128,50.8,11,415,Jan-2012,1066.78,419,Mar-1992,Fully Paid,38404.25,0.0,Dec-2017
10638, 36 months,27.18,B,< 1 year,OWN,37541.0,Not Verified,debt_consolidation,24.77,1,15,0,26033,22.4,6,365,Aug-2016,339.82,369,Jul-1995,Fully Paid,12233.699999999999,0.0,Dec-2017
38678, 36 months,6.8,D,5 years,MORTGAGE,93616.0,Verified,car,18.27,0,9,1,294,44.1,15,405,Jul-2016,1235.55,409,Apr-1999,Late (31-120 days),44479.7,0.0,Dec-2017
7713, 60 months,9.2,A,< 1 year,MORTGAGE,72466.0,Verified,debt_consolidation,21.82,0,2,1,25554,77.3,5,400,Feb-2015,147.83,404,Jun-2004,Fully Paid,8869.949999999999,0.0,Dec-2017
37284, 36 months,16.69,B,1 year,RENT,20619.0,Source Verified,small_business,12.19,0,5,0,39000,86.2,52,355,Oct-2015,1191.02,359,Jan-1994,Fully Paid,42876.6,0.0,Dec-2017
13099, 60 months,10.19,F,10+ years,OWN,47732.0,Source Verified,credit_card,18.78,0,6,0,13232,95.8,37,360,Jul-2014,251.06,364,Mar-1988,Fully Paid,15063.849999999999,0.0,Dec-2017
35929, 36 months,18.41,F,< 1 year,OWN,81279.0,Not Verified,debt_consolidation,27.84,0,16,0,23558,51.6,4,340,Sep-2017,1147.73,344,Feb-2014,Fully Paid,41318.35,0.0,Dec-2017
13382, 36 months,21.37,F,10+ years,OWN,117284.0,Verified,credit_card,10.07,0,22,0,37436,94.1,57,405,Feb-2014,427.48,409,Oct-1994,Fully Paid,15389.3,0.0,Dec-2017
32719, 60 months,11.2,E,1 year,MORTGAGE,63359.0,Verified,credit_card,28.88,0,3,0,6924,98.8,56,400,Jul-2017,627.11,404,Oct-2002,Current,37626.85,0.0,Dec-2017
23473, 60 months,9.76,F,,OWN,97123.0,Not Verified,small_business,2.58,1,2,0,52239,39.3,34,375,Dec-2014,449.9,379,Mar-1995,Fully Paid,26993.949999999997,0.0,Dec-2017
24971, 36 months,22.36,G,< 1 year,OWN,36993.0,Source Verified,credit_card,20.1,0,27,0,25999,18.2,15,350,Jul-2014,797.68,354,Jun-2010,Fully Paid,28716.649999999998,0.0,Dec-2017
33778, 36 months,13.23,F,1 year,OWN,32417.0,Not Verified,car,10.71,0,10,0,8703,82.8,34,340,Apr-2015,1079.02,344,Dec-2002,Fully Paid,38844.7,0.0,Dec-2017
28030, 36 months,11.94,C,5 years,MORTGAGE,20243.0,Not Verified,credit_card,26.75,2,9,1,34828,89.4,47,375,Aug-2012,895.4,379,Dec-2002,Fully Paid,32234.499999999996,0.0,Dec-2017
29121, 60 months,6.1,A,< 1 year,MORTGAGE,94941.0,Source Verified,credit_card,30.57,0,11,0,16304,65.8,47,360,Jan-2014,558.15,364,Jan-1997,Fully Paid,33489.149999999994,0.0,Dec-2017
37892, 36 months,8.69,C,,OWN,31188.0,Verified,car,2.04,0,17,0,41498,90.3,9,330,Jul-2014,1210.44,334,Feb-1994,Fully Paid,43575.799999999996,0.0,Dec-2017
26285, 36 months,23.35,E,10+ years,RENT,51910.0,Verified,small_business,6.35,1,13,0,10093,6.3,29,390,Mar-2014,839.66,394,Jun-1984,Fully Paid,30227.749999999996,0.0,Dec-2017
26240, 36 months,15.64,G,10+ years,RENT,58653.0,Not Verified,car,31.56,0,14,0,58468,43.4,39,350,May-2014,838.22,354,Feb-2008,Fully Paid,30175.999999999996,0.0,Dec-2017
16205, 36 months,24.33,C,5 years,MORTGAGE,105259.0,Not Verified,car,23.34,0,4,0,47271,4.5,30,420,Jul-2015,517.66,424,Mar-2002,Fully Paid,18635.75,0.0,Dec-2017
4354, 60 months,18.24,A,5 years,RENT,98428.0,Not Verified,car,11.39,1,23,0,5099,49.8,25,380,Dec-2014,83.45,384,Mar-2006,Fully Paid,5007.099999999999,0.0,Dec-2017
13468, 36 months,23.05,A,5 years,MORTGAGE,195266.0,Not Verified,small_business,7.22,0,19,0,1238,13.0,37,335,Mar-2017,430.23,339,Aug-2013,Late (31-120 days),15488.199999999999,0.0,Dec-2017
21746, 36 months,24.53,F,10+ years,MORTGAGE,101783.0,Source Verified,small_business,28.15,0,3,0,24189,66.7,21,415,Jun-2013,694.66,419,Mar-2010,Fully Paid,25007.899999999998,0.0,Dec-2017
5413, 36 months,19.01,A,< 1 year,MORTGAGE,45933.0,Source Verified,car,6.61,0,5,0,13211,75.1,34,380,Sep-2016,172.92,384,Oct-2003,Late (31-120 days),6224.95,0.0,Dec-2017
31848, 60 months,6.77,B,10+ years,RENT,56938.0,Not Verified,credit_card,15.52,2,5,0,38913,90.0,57,380,Dec-2013,610.42,384,Nov-1985,Fully Paid,36625.2,0.0,Dec-2017
31992, 60 months,19.78,A,10+ years,RENT,36696.0,Not Verified,debt_consolidation,30.37,0,14,1,35911,67.6,19,405,Mar-2012,613.18,409,Sep-1993,Fully Paid,36790.799999999996,0.0,Dec-2017
5411, 36 months,15.08,C,,MORTGAGE,100115.0,Source Verified,car,16.39,0,29,0,24823,32.8,36,400,May-2012,172.85,404,May-2007,Fully Paid,6222.65,0.0,Dec-2017
27075, 36 months,23.07,D,5 years,OWN,67214.0,Source Verified,small_business,4.17,1,23,0,29190,1.9,40,375,Jan-2016,864.9,379,Dec-2013,Fully Paid,31136.249999999996,0.0,Dec-2017
4040, 36 months,17.11,A,< 1 year,OWN,29567.0,Verified,car,5.44,0,29,0,55251,97.9,35,355,Jul-2016,129.06,359,Apr-1991,Late (31-120 days),4646.0,0.0,Dec-2017
4195, 36 months,21.32,G,5 years,RENT,146758.0,Not Verified,small_business,27.39,0,6,0,21973,52.5,12,365,Mar-2017,134.01,369,Mar-2008,Fully Paid,4824.25,0.0,Dec-2017
34113, 60 months,8.71,G,,OWN,39558.0,Source Verified,credit_card,19.43,0,27,0,10156,57.1,44,365,Sep-2013,653.83,369,Jul-1988,Fully Paid,39229.95,0.0,Dec-2017
21581, 60 months,20.2,B,1 year,RENT,71817.0,Source Verified,debt_consolidation,2.38,0,6,0,37025,21.2,38,405,Feb-2013,413.64,409,Aug-1987,Fully Paid,24818.149999999998,0.0,Dec-2017
4483, 60 months,17.38,E,,OWN,79061.0,Not Verified,credit_card,12.7,0,11,0,18639,38.5,45,385,Jan-2016,85.92,389,Sep-2004,Fully Paid,5155.45,0.0,Dec-2017
28737, 36 months,11.02,A,10+ years,RENT,65649.0,Source Verified,small_business,8.02,0,9,0,55189,30.6,20,420,Apr-2014,917.99,424,Oct-1990,Fully Paid,33047.549999999996,0.0,Dec-2017
6998, 60 months,8.67,C,5 years,OWN,90329.0,Source Verified,car,48.61,1,18,0,54946,68.6,54,350,Aug-2013,134.13,354,Mar-2008,Fully Paid,8047.7,0.0,Dec-2017
8220, 36 months,22.66,D,< 1 year,MORTGAGE,62667.0,Not Verified,small_business,27.47,0,9,0,44515,94.3,41,415,Mar-2014,262.58,419,Oct-1987,Fully Paid,9453.0,0.0,Dec-2017
21153, 36 months,12.52,F,< 1 year,RENT,131195.0,Verified,small_business,20.23,0,28,1,39582,82.8,58,335,Jan-2017,675.72,339,Jan-2004,Current,24325.949999999997,0.0,Dec-2017
23872, 36 months,11.92,A,1 year,MORTGAGE,51846.0,Not Verified,debt_consolidation,18.15,0,3,0,46103,26.2,8,345,Feb-2012,762.58,349,Apr-1997,Fully Paid,27452.8,0.0,Dec-2017
23051, 60 months,24.44,E,,MORTGAGE,69333.0,Verified,credit_card,22.2,1,3,0,58131,10.6,21,370,Jun-2013,441.81,374,Oct-1990,Fully Paid,26508.649999999998,0.0,Dec-2017
12447, 36 months,15.1,A,5 years,MORTGAGE,60369.0,Not Verified,small_business,0.0,0,8,0,3336,40.8,56,410,Sep-2016,397.61,414,Feb-1994,Fully Paid,14314.05,0.0,Dec-2017
31650, 36 months,14.71,F,< 1 year,RENT,46432.0,Verified,car,38.55,2,6,0,13694,70.9,42,380,Sep-2012,1011.04,384,Nov-1986,Fully Paid,36397.5,0.0,Dec-2017
12247, 36 months,16.44,B,< 1 year,OWN,35127.0,Not Verified,debt_consolidation,6.0,0,8,0,18347,72.3,18,370,Mar-2012,391.22,374,May-1984,Fully Paid,14084.05,0.0,Dec-2017
29267, 36 months,19.18,A,< 1 year,MORTGAGE,79385.0,Not Verified,credit_card,31.2,0,26,1,58858,52.0,20,385,Sep-2016,934.92,389,Jul-2004,Current,33657.049999999996,0.0,Dec-2017
36055, 36 months,12.24,D,10+ years,OWN,44959.0,Source Verified,debt_consolidation,11.41,1,18,0,47709,66.0,33,395,Jun-2016,1151.76,399,Sep-1997,Current,41463.25,0.0,Dec-2017
3904, 60 months,7.1,F,< 1 year,RENT,34891.0,Not Verified,credit_card,14.79,0,7,1,47467,47.3,28,340,May-2013,74.83,344,Jun-2004,Fully Paid,4489.599999999999,0.0,Dec-2017
9019, 36 months,24.27,F,1 year,RENT,54741.0,Verified,debt_consolidation,19.57,1,13,0,57720,67.4,14,375,Apr-2015,288.11,379,Oct-1991,Fully Paid,10371.849999999999,0.0,Dec-2017
22886, 60 months,25.01,F,1 year,MORTGAGE,26247.0,Verified,credit_card,26.24,0,13,0,6212,82.1,4,420,Jan-2013,438.65,424,Sep-1998,Fully Paid,26318.899999999998,0.0,Dec-2017
9539, 36 months,7.45,G,5 years,MORTGAGE,14295.0,Not Verified,credit_card,19.22,0,19,0,32541,20.1,39,340,Apr-2016,304.72,344,Sep-2009,Fully Paid,10969.849999999999,0.0,Dec-2017
27819, 36 months,12.21,G,5 years,OWN,33075.0,Verified,credit_card,14.16,0,14,0,3767,37.4,23,330,Jun-2015,888.66,334,Jan-2001,Fully Paid,31991.85,0.0,Dec-2017
29277, 36 months,12.14,F,< 1 year,MORTGAGE,16980.0,Not Verified,small_business,16.65,0,11,0,40189,76.4,41,415,Oct-2016,935.24,419,Jan-2000,Fully Paid,33668.549999999996,0.0,Dec-2017
39581, 36 months,10.96,B,5 years,MORTGAGE,27325.0,Not Verified,credit_card,16.43,0,17,0,6208,6.7,39,355,May-2012,1264.39,359,Aug-2006,Fully Paid,45518.149999999994,0.0,Dec-2017
5996, 36 months,22.36,A,10+ years,RENT,130982.0,Verified,credit_card,24.84,0,12,0,58274,15.3,4,355,Aug-2014,191.54,359,Nov-2010,Fully Paid,6895.4,0.0,Dec-2017
32113, 60 months,19.65,E,10+ years,OWN,77334.0,Verified,credit_card,23.49,0,15,0,15752,98.1,41,345,May-2015,615.5,349,Jan-1993,Fully Paid,36929.95,0.0,Dec-2017
39720, 60 months,25.98,B,,MORTGAGE,24902.0,Not Verified,debt_consolidation,18.45,0,22,0,26140,59.4,11,330,Jun-2012,761.3,334,Mar-1996,Fully Paid,45678.0,0.0,Dec-2017
36090, 60 months,22.81,E,5 years,OWN,36303.0,Source Verified,car,30.73,0,25,0,34031,79.6,22,390,Feb-2012,691.72,394,Jul-2003,Charged Off,14436.0,1804.5,Dec-2017
5451, 36 months,15.98,E,1 year,MORTGAGE,23679.0,Source Verified,credit_card,24.31,0,12,0,5509,49.4,57,345,Jun-2017,174.13,349,Feb-1990,Fully Paid,6268.65,0.0,Dec-2017
13795, 60 months,24.96,F,5 years,MORTGAGE,75677.0,Not Verified,credit_card,7.49,0,22,0,16295,45.9,54,360,Jul-2014,264.4,364,Oct-2004,Fully Paid,15864.249999999998,0.0,Dec-2017
16787, 36 months,12.77,A,1 year,MORTGAGE,177099.0,Source Verified,debt_consolidation,13.59,1,7,0,58911,52.7,27,410,Oct-2017,536.25,414,Mar-1991,Fully Paid,19305.05,0.0,Dec-2017
21352, 36 months,10.51,F,,MORTGAGE,31352.0,Verified,car,11.38,0,13,1,624,53.1,59,335,Jun-2014,682.08,339,Sep-2007,Fully Paid,24554.8,0.0,Dec-2017
10197, 60 months,11.22,D,1 year,RENT,76720.0,Not Verified,car,24.48,0,17,2,1184,65.3,43,405,Oct-2017,195.44,409,Nov-2010,Late (31-120 days),11726.55,0.0,Dec-2017
3129, 36 months,23.34,G,< 1 year,OWN,123113.0,Verified,credit_card,30.38,0,6,0,14084,7.1,25,335,Jul-2012,99.95,339,Aug-2005,Fully Paid,3598.35,0.0,Dec-2017
31313, 60 months,6.14,A,10+ years,OWN,88703.0,Verified,debt_consolidation,13.52,2,8,0,41250,14.8,35,365,Jul-2016,600.17,369,Dec-2002,Current,36009.95,0.0,Dec-2017
32206, 36 months,14.33,B,,RENT,69309.0,Not Verified,credit_card,19.99,0,19,0,35969,91.8,22,350,Jun-2012,1028.8,354,Jan-2002,Fully Paid,37036.899999999994,0.0,Dec-2017
2248, 36 months,20.95,E,1 year,OWN,53207.0,Verified,credit_card,11.2,2,6,0,4797,86.4,5,415,Feb-2012,71.81,419,Jan-1991,Fully Paid,2585.2,0.0,Dec-2017
24132, 36 months,23.2,C,10+ years,RENT,102301.0,Not Verified,debt_consolidation,21.55,1,4,1,2222,49.5,30,335,Jul-2015,770.88,339,Jul-1996,Fully Paid,27751.8,0.0,Dec-2017
24301, 60 months,16.06,F,1 year,MORTGAGE,94620.0,Not Verified,small_business,13.13,1,24,0,52542,8.7,54,415,Feb-2014,465.77,419,Jan-1990,Fully Paid,27946.149999999998,0.0,Dec-2017
28212, 60 months,9.42,C,5 years,MORTGAGE,14927.0,Not Verified,credit_card,12.61,0,7,0,9817,57.4,48,350,Jan-2012,540.73,354,Nov-2006,Fully Paid,32443.8,0.0,Dec-2017
18599, 36 months,27.83,A,10+ years,RENT,23707.0,Verified,debt_consolidation,21.96,1,28,0,1693,26.4,39,330,Aug-2017,594.13,334,Nov-1994,Current,7439.6,929.95,Dec-2017
39905, 60 months,15.34,C,1 year,OWN,87370.0,Not Verified,credit_card,20.64,0,8,0,54633,11.2,13,420,May-2016,764.85,424,Jan-2005,Fully Paid,45890.75,0.0,Dec-2017
37631, 60 months,20.62,F,< 1 year,RENT,65879.0,Source Verified,small_business,4.4,0,4,0,20457,60.7,17,375,Dec-2013,721.26,379,Dec-1984,Fully Paid,43275.649999999994,0.0,Dec-2017
32856, 36 months,25.27,A,1 year,MORTGAGE,71521.0,Source Verified,small_business,22.9,2,24,0,11362,33.7,35,380,Mar-2014,1049.57,384,Nov-2002,Charged Off,13142.400000000001,1642.8000000000002,Dec-2017
19739, 60 months,7.78,D,< 1 year,RENT,136178.0,Verified,credit_card,11.54,0,12,0,27604,47.2,54,395,Aug-2012,378.33,399,Jul-1986,Fully Paid,22699.85,0.0,Dec-2017
9784, 36 months,22.48,C,1 year,OWN,52622.0,Not Verified,car,26.75,2,17,0,1546,20.4,40,355,Jul-2013,312.54,359,Dec-2010,Charged Off,3913.6000000000004,489.20000000000005,Dec-2017
9433, 36 months,25.5,B,< 1 year,OWN,122256.0,Not Verified,small_business,6.0,0,6,0,53446,75.4,25,340,Jul-2014,301.33,344,Dec-1986,Fully Paid,10847.949999999999,0.0,Dec-2017
4438, 60 months,9.84,C,10+ years,MORTGAGE,64276.0,Not Verified,debt_consolidation,30.23,0,26,0,14387,88.2,30,370,Sep-2017,85.06,374,Jun-1998,Late (31-120 days),5103.7,0.0,Dec-2017
38743, 36 months,19.41,A,5 years,OWN,187444.0,Verified,small_business,19.06,0,18,0,52321,51.2,58,380,May-2017,1237.62,384,Apr-2012,Late (31-120 days),44554.45,0.0,Dec-2017
14232, 36 months,24.73,C,10+ years,RENT,35263.0,Verified,small_business,28.21,0,20,0,10910,66.9,30,400,Feb-2012,454.63,404,Dec-1984,Charged Off,5692.8,711.6,Dec-2017
9710, 36 months,19.56,A,1 year,RENT,109040.0,Not Verified,small_business,16.8,0,7,0,11507,97.4,54,370,Nov-2014,310.18,374,Dec-1989,Fully Paid,11166.5,0.0,Dec-2017
27387, 36 months,11.11,G,10+ years,MORTGAGE,66253.0,Verified,car,25.21,1,6,0,41144,27.7,22,410,Oct-2015,874.86,414,Oct-1990,Fully Paid,31495.05,0.0,Dec-2017
13752, 60 months,27.86,F,5 years,MORTGAGE,40027.0,Verified,small_business,30.71,0,7,0,38311,40.4,57,420,Sep-2013,263.58,424,Jul-2004,Fully Paid,15814.8,0.0,Dec-2017
2533, 36 months,6.75,E,1 year,MORTGAGE,25726.0,Not Verified,credit_card,26.41,0,14,0,29279,28.5,6,360,Feb-2012,80.92,364,Aug-2002,Fully Paid,2912.95,0.0,Dec-2017
21506, 36 months,12.62,B,5 years,MORTGAGE,529520.0,Source Verified,car,26.76,1,17,0,11798,19.7,34,370,May-2016,687.0,374,Feb-1997,Fully Paid,24731.899999999998,0.0,Dec-2017
32228, 60 months,26.72,E,5 years,OWN,51049.0,Source Verified,small_business,26.41,0,3,1,14344,38.2,38,330,Apr-2014,617.7,334,May-2010,Fully Paid,37062.2,0.0,Dec-2017
4078, 36 months,7.37,C,5 years,OWN,70160.0,Source Verified,small_business,25.33,1,21,0,33411,74.1,14,395,Oct-2012,130.27,399,Feb-1993,Fully Paid,4689.7,0.0,Dec-2017
24359, 60 months,13.13,A,10+ years,MORTGAGE,62480.0,Source Verified,debt_consolidation,8.94,0,10,0,10655,10.3,12,330,Nov-2013,466.88,334,Feb-2000,Fully Paid,28012.85,0.0,Dec-2017
38530, 60 months,11.37,F,,RENT,114282.0,Not Verified,credit_card,33.42,0,10,0,36252,28.5,56,410,Nov-2014,738.49,414,Apr-2012,Fully Paid,44309.5,0.0,Dec-2017
33387, 60 months,10.9,D,10+ years,MORTGAGE,55187.0,Verified,small_business,31.2,0,10,0,675,81.4,52,335,Jun-2012,639.92,339,Jan-2008,Fully Paid,38395.049999999996,0.0,Dec-2017
7935, 36 months,23.85,D,10+ years,MORTGAGE,94722.0,Source Verified,debt_consolidation,0.0,1,10,0,9277,27.6,12,380,Mar-2015,253.48,384,Jan-2011,Fully Paid,9125.25,0.0,Dec-2017
14318, 36 months,15.31,G,,MORTGAGE,48482.0,Source Verified,debt_consolidation,24.7,0,17,0,16119,28.2,11,415,Sep-2016,457.38,419,Oct-1987,Fully Paid,16465.699999999997,0.0,Dec-2017
18808, 60 months,20.48,A,1 year,OWN,48841.0,Source Verified,credit_card,11.95,0,14,0,27411,29.5,7,340,Dec-2014,360.49,344,Jan-2002,Fully Paid,21629.199999999997,0.0,Dec-2017
13629, 36 months,14.12,B,,RENT,23932.0,Not Verified,car,22.97,1,20,0,34564,79.7,37,345,Jun-2015,435.37,349,Jun-1998,Fully Paid,15673.349999999999,0.0,Dec-2017
13502, 60 months,18.28,D,,MORTGAGE,41708.0,Not Verified,debt_consolidation,29.09,0,7,0,59461,18.1,51,375,Nov-2015,258.79,379,Mar-1998,Fully Paid,15527.3,0.0,Dec-2017
5600, 60 months,27.09,E,1 year,RENT,49468.0,Source Verified,debt_consolidation,0.0,1,28,0,35718,19.3,59,365,Jun-2012,107.33,369,May-2007,Fully Paid,6439.999999999999,0.0,Dec-2017
21253, 36 months,26.29,C,,RENT,123745.0,Not Verified,car,28.33,1,5,1,48207,59.1,31,330,Jun-2012,678.92,334,Jan-1997,Charged Off,8501.2,1062.65,Dec-2017
7124, 60 months,13.99,F,,OWN,56096.0,Not Verified,debt_consolidation,10.42,1,10,0,25939,56.5,56,370,Nov-2017,136.54,374,Dec-1996,Current,8192.599999999999,0.0,Dec-2017
26460, 36 months,14.59,A,,OWN,69296.0,Source Verified,small_business,17.58,0,14,0,49462,98.9,18,355,Sep-2013,845.25,359,Jan-1994,Fully Paid,30428.999999999996,0.0,Dec-2017
12353, 36 months,18.88,B,5 years,OWN,206836.0,Source Verified,debt_consolidation,19.25,1,2,0,5515,55.4,31,330,Aug-2012,394.61,334,Jul-2000,Charged Off,4941.200000000001,617.6500000000001,Dec-2017
18600, 60 months,26.56,A,5 years,OWN,24964.0,Not Verified,car,7.38,0,7,0,24807,60.0,27,370,Aug-2014,356.5,374,Nov-1995,Charged Off,7440.0,930.0,Dec-2017
13751, 36 months,12.05,F,< 1 year,MORTGAGE,99003.0,Not Verified,debt_consolidation,10.4,0,6,0,7797,35.4,30,395,Dec-2014,439.27,399,Apr-2002,Fully Paid,15813.65,0.0,Dec-2017
21775, 36 months,16.98,C,10+ years,RENT,30121.0,Source Verified,debt_consolidation,19.97,3,26,0,21,60.2,5,340,Aug-2014,695.59,344,May-1993,Charged Off,8710.0,1088.75,Dec-2017
17152, 60 months,16.4,D,1 year,RENT,45759.0,Verified,car,25.12,0,12,0,31590,72.9,38,335,Mar-2012,328.75,339,Aug-1987,Fully Paid,19724.8,0.0,Dec-2017
27923, 60 months,7.78,G,,RENT,124009.0,Not Verified,credit_card,17.96,0,6,0,43252,9.2,56,395,Jun-2015,535.19,399,Jul-1991,Fully Paid,32111.449999999997,0.0,Dec-2017
19043, 36 months,10.03,F,1 year,OWN,236063.0,Verified,credit_card,11.54,0,26,0,37362,53.6,20,415,Jun-2014,608.32,419,Dec-2009,Fully Paid,21899.449999999997,0.0,Dec-2017
27750, 36 months,6.22,D,10+ years,MORTGAGE,45833.0,Verified,credit_card,16.13,0,19,0,58394,74.1,37,405,Feb-2017,886.46,409,Jul-2006,Current,31912.499999999996,0.0,Dec-2017
37776, 36 months,26.19,F,,OWN,59432.0,Source Verified,car,21.76,0,7,0,27327,54.3,28,355,Dec-2014,1206.73,359,May-2006,Fully Paid,43442.399999999994,0.0,Dec-2017
12701, 60 months,10.88,E,< 1 year,MORTGAGE,45656.0,Verified,small_business,19.72,1,21,0,43093,92.3,27,385,Jul-2017,243.44,389,Nov-1988,Fully Paid,14606.15,0.0,Dec-2017
36730, 36 months,8.31,F,5 years,MORTGAGE,13886.0,Source Verified,small_business,24.54,1,17,0,3762,24.3,16,345,Feb-2017,1173.32,349,Jun-1993,Current,42239.5,0.0,Dec-2017
28217, 36 months,13.56,C,5 years,OWN,200408.0,Source Verified,small_business,12.4,0,14,0,42372,27.7,35,380,Aug-2013,901.38,384,Aug-2003,Fully Paid,32449.55,0.0,Dec-2017
4597, 60 months,10.34,E,10+ years,MORTGAGE,76920.0,Not Verified,car,5.44,1,24,0,36427,4.2,25,355,Jan-2016,88.11,359,Oct-1996,Fully Paid,5286.549999999999,0.0,Dec-2017
23796, 60 months,13.92,G,10+ years,RENT,145515.0,Source Verified,debt_consolidation,24.68,0,21,0,49988,64.2,37,360,Dec-2013,456.09,364,Aug-2003,Fully Paid,27365.399999999998,0.0,Dec-2017
7736, 36 months,13.39,E,< 1 year,MORTGAGE,53101.0,Not Verified,credit_card,21.0,1,28,0,20949,3.1,8,350,Feb-2014,247.12,354,May-1989,Fully Paid,8896.4,0.0,Dec-2017
35706, 36 months,11.73,G,,MORTGAGE,63759.0,Source Verified,debt_consolidation,30.88,0,13,0,13684,21.3,12,405,Feb-2015,1140.61,409,May-2007,Fully Paid,41061.899999999994,0.0,Dec-2017
22442, 36 months,7.92,G,1 year,OWN,43115.0,Not Verified,small_business,19.97,1,21,0,20508,54.8,15,420,Feb-2013,716.9,424,May-2009,Fully Paid,25808.3,0.0,Dec-2017
28098, 36 months,7.52,A,1 year,OWN,64908.0,Source Verified,small_business,25.26,0,10,0,27164,70.4,41,355,Mar-2016,897.58,359,May-2004,Fully Paid,32312.699999999997,0.0,Dec-2017
11910, 60 months,12.93,G,1 year,RENT,39414.0,Verified,debt_consolidation,14.16,1,5,0,59779,18.0,44,400,Apr-2012,228.27,404,Nov-1997,Fully Paid,13696.499999999998,0.0,Dec-2017
4574, 36 months,9.9,B,1 year,RENT,16361.0,Verified,debt_consolidation,23.89,0,8,0,50111,80.4,51,405,Aug-2014,146.11,409,Oct-2011,Fully Paid,5260.099999999999,0.0,Dec-2017
14067, 60 months,12.12,A,,MORTGAGE,46425.0,Source Verified,car,21.47,0,23,0,35141,89.0,32,360,Dec-2013,269.62,364,Dec-1986,Fully Paid,16177.05,0.0,Dec-2017
31124, 36 months,21.1,F,< 1 year,MORTGAGE,27119.0,Verified,debt_consolidation,21.79,0,10,0,22317,94.5,28,390,Sep-2013,994.24,394,Mar-1991,Fully Paid,35792.6,0.0,Dec-2017
39906, 36 months,7.25,G,5 years,MORTGAGE,25868.0,Source Verified,small_business,19.92,1,22,0,55853,99.6,53,330,May-2012,1274.77,334,Feb-1984,Fully Paid,45891.899999999994,0.0,Dec-2017
4571, 60 months,18.07,G,,OWN,35311.0,Source Verified,credit_card,19.51,1,20,0,5836,50.8,32,395,Mar-2012,87.61,399,Feb-1998,Fully Paid,5256.65,0.0,Dec-2017
38393, 36 months,27.26,F,10+ years,MORTGAGE,40534.0,Verified,small_business,17.98,0,3,0,30898,71.3,8,385,Jan-2013,1226.44,389,Oct-1997,Charged Off,15357.2,1919.65,Dec-2017
39335, 36 months,19.42,C,1 year,RENT,145311.0,Verified,car,9.1,1,13,0,20134,26.0,30,385,Aug-2014,1256.53,389,Oct-2011,Fully Paid,45235.25,0.0,Dec-2017
4379, 60 months,9.94,C,10+ years,MORTGAGE,31730.0,Not Verified,debt_consolidation,25.17,0,24,0,52063,32.3,24,395,Nov-2015,83.93,399,Oct-1999,Fully Paid,5035.849999999999,0.0,Dec-2017
27817, 36 months,19.39,C,5 years,RENT,88502.0,Not Verified,credit_card,3.99,1,11,0,44666,98.7,57,360,Jan-2013,888.6,364,Jul-1990,Fully Paid,31989.55,0.0,Dec-2017
26813, 36 months,21.07,D,,RENT,51544.0,Source Verified,car,23.81,0,28,0,29592,53.5,35,370,Mar-2013,856.53,374,Sep-1997,Fully Paid,30834.949999999997,0.0,Dec-2017
25939, 36 months,20.93,F,5 years,MORTGAGE,71080.0,Verified,credit_card,24.52,0,26,0,2033,67.9,30,355,Jul-2017,828.61,359,Oct-1991,Current,29829.85,0.0,Dec-2017
38203, 36 months,9.93,B,10+ years,MORTGAGE,95079.0,Source Verified,small_business,28.15,0,29,0,10453,30.4,52,400,Mar-2014,1220.37,404,Nov-1993,Fully Paid,43933.45,0.0,Dec-2017
17679, 36 months,21.72,E,1 year,OWN,33587.0,Verified,debt_consolidation,22.02,0,5,0,5398,32.8,49,400,Aug-2012,564.75,404,Aug-2002,Fully Paid,20330.85,0.0,Dec-2017
8653, 60 months,23.8,C,,OWN,75862.0,Source Verified,credit_card,6.4,0,20,0,30145,84.0,32,390,Jan-2012,165.85,394,Dec-2009,Fully Paid,9950.949999999999,0.0,Dec-2017
2742, 60 months,9.3,B,5 years,MORTGAGE,119711.0,Not Verified,small_business,12.61,3,28,0,10789,59.3,23,420,Feb-2017,52.56,424,Apr-1998,Late (31-120 days),3153.2999999999997,0.0,Dec-2017
23542, 60 months,16.61,D,< 1 year,MORTGAGE,54709.0,Verified,car,14.73,0,8,0,26705,98.6,18,410,Jun-2017,451.22,414,May-1989,Fully Paid,27073.3,0.0,Dec-2017
7093, 36 months,19.56,A,1 year,MORTGAGE,99110.0,Verified,car,22.14,0,24,0,52165,48.7,12,345,Oct-2016,226.58,349,Mar-1994,Late (31-120 days),8156.95,0.0,Dec-2017
18628, 36 months,12.47,E,10+ years,MORTGAGE,73735.0,Source Verified,credit_card,12.09,0,27,0,58047,43.2,29,385,Jan-2017,595.06,389,Jul-2003,Current,21422.199999999997,0.0,Dec-2017
8222, 60 months,8.57,F,,MORTGAGE,51077.0,Source Verified,debt_consolidation,14.91,0,11,0,14714,45.1,43,335,Jan-2015,157.59,339,Oct-2010,Fully Paid,9455.3,0.0,Dec-2017
7670, 60 months,11.54,F,,MORTGAGE,90029.0,Source Verified,car,17.75,1,28,0,20852,50.1,41,350,Jul-2012,147.01,354,Aug-1996,Fully Paid,8820.5,0.0,Dec-2017
14266, 36 months,21.08,E,< 1 year,OWN,12899.0,Source Verified,credit_card,18.32,0,2,0,11693,54.8,20,330,Jul-2012,455.72,334,May-1994,Fully Paid,16405.899999999998,0.0,Dec-2017
31038, 60 months,14.93,B,5 years,OWN,37426.0,Verified,small_business,21.41,0,21,0,36945,25.0,34,390,Feb-2016,594.89,394,Sep-1994,Fully Paid,35693.7,0.0,Dec-2017
17958, 60 months,11.04,G,10+ years,MORTGAGE,42698.0,Source Verified,credit_card,21.35,0,11,0,9953,80.1,42,350,Nov-2016,344.2,354,Nov-1995,Current,20651.699999999997,0.0,Dec-2017
34603, 36 months,17.6,F,,OWN,27838.0,Verified,credit_card,0.0,0,2,0,29727,71.2,19,335,Dec-2014,1105.37,339,May-2002,Fully Paid,39793.45,0.0,Dec-2017
35926, 36 months,24.79,B,1 year,RENT,34048.0,Not Verified,small_business,0.5,0,6,0,1701,2.4,40,330,Jan-2016,1147.64,334,Nov-2004,Fully Paid,41314.899999999994,0.0,Dec-2017
34680, 36 months,20.15,B,5 years,OWN,47436.0,Verified,debt_consolidation,16.86,0,13,0,1354,81.5,42,335,Dec-2016,1107.83,339,Jan-2013,Fully Paid,39882.0,0.0,Dec-2017
14650, 36 months,15.03,G,1 year,RENT,48649.0,Source Verified,car,21.46,0,9,0,51516,87.2,39,400,Mar-2017,467.99,404,Jun-2009,Fully Paid,16847.5,0.0,Dec-2017
20573, 36 months,11.1,G,10+ years,OWN,61259.0,Source Verified,credit_card,20.12,0,11,0,52998,48.8,6,375,Jan-2013,657.19,379,May-1999,Fully Paid,23658.949999999997,0.0,Dec-2017
3741, 36 months,6.52,D,< 1 year,RENT,81441.0,Verified,debt_consolidation,1.79,0,23,0,29929,27.3,28,365,Mar-2013,119.5,369,Nov-2001,Fully Paid,4302.15,0.0,Dec-2017
12114, 36 months,25.52,F,5 years,RENT,58823.0,Not Verified,small_business,10.62,0,6,0,15457,72.1,35,395,Jan-2013,386.98,399,Sep-1999,Fully Paid,13931.099999999999,0.0,Dec-2017
30676, 36 months,10.29,A,5 years,MORTGAGE,42397.0,Verified,car,28.14,0,12,0,37486,19.0,41,350,Feb-2014,979.93,354,Sep-1998,Fully Paid,35277.399999999994,0.0,Dec-2017
15819, 36 months,17.63,B,1 year,MORTGAGE,163210.0,Not Verified,credit_card,23.58,0,9,0,34793,41.6,49,420,Sep-2017,505.33,424,Nov-2009,Fully Paid,18191.85,0.0,Dec-2017
2618, 60 months,26.83,D,5 years,MORTGAGE,137187.0,Source Verified,small_business,8.91,0,18,0,11787,96.7,44,410,Jun-2016,50.18,414,Oct-2000,Late (31-120 days),1047.2,130.9,Dec-2017
17770, 36 months,16.85,C,1 year,OWN,73390.0,Verified,credit_card,15.9,0,23,0,8337,7.2,43,410,Apr-2013,567.65,414,May-2000,Fully Paid,20435.5,0.0,Dec-2017
37158, 36 months,21.24,F,10+ years,OWN,43831.0,Source Verified,debt_consolidation,16.87,1,4,0,909,10.4,51,360,Sep-2017,1186.99,364,Jul-1998,In Grace Period,42731.7,0.0,Dec-2017
22825, 36 months,6.93,B,1 year,MORTGAGE,49700.0,Not Verified,small_business,11.19,2,26,0,31732,63.5,13,360,Aug-2014,729.13,364,Oct-1997,Fully Paid,26248.749999999996,0.0,Dec-2017
12462, 36 months,20.63,B,1 year,RENT,111614.0,Not Verified,credit_card,23.99,1,23,0,57315,11.6,55,390,Aug-2016,398.09,394,Jul-2013,Fully Paid,14331.3,0.0,Dec-2017
27446, 36 months,13.19,E,,RENT,224150.0,Source Verified,small_business,19.03,1,17,0,24819,89.5,13,390,Jan-2013,876.75,394,Feb-1986,Fully Paid,31562.899999999998,0.0,Dec-2017
16630, 36 months,24.59,D,5 years,OWN,125673.0,Verified,car,29.06,1,4,0,20476,2.0,15,330,Apr-2016,531.24,334,Jan-1988,Fully Paid,19124.5,0.0,Dec-2017
20609, 60 months,10.47,F,< 1 year,RENT,58901.0,Source Verified,car,23.1,0,4,0,18901,37.8,10,340,Dec-2013,395.01,344,May-1992,Fully Paid,23700.35,0.0,Dec-2017
39886, 36 months,8.73,A,,OWN,52601.0,Source Verified,car,20.5,0,28,0,14410,72.1,15,355,Mar-2015,1274.14,359,Mar-2006,Fully Paid,45868.899999999994,0.0,Dec-2017
34186, 36 months,14.89,C,1 year,OWN,73452.0,Source Verified,car,23.72,0,10,0,23254,61.7,39,335,Dec-2013,1092.05,339,Jul-2005,Fully Paid,39313.899999999994,0.0,Dec-2017
13683, 60 months,15.46,D,,OWN,30567.0,Source Verified,credit_card,25.6,0,9,0,6506,80.2,20,420,Mar-2017,262.26,424,Nov-2014,Late (31-120 days),15735.449999999999,0.0,Dec-2017
23679, 60 months,19.03,G,< 1 year,RENT,52663.0,Source Verified,small_business,30.47,0,14,0,56920,30.6,38,375,Aug-2015,453.85,379,Dec-1998,Fully Paid,27230.85,0.0,Dec-2017
21741, 60 months,22.7,F,< 1 year,MORTGAGE,42054.0,Not Verified,small_business,23.87,2,8,0,4233,49.9,57,395,Jun-2015,416.7,399,Jan-1998,Charged Off,8696.4,1087.05,Dec-2017
36845, 60 months,23.36,D,10+ years,MORTGAGE,74480.0,Source Verified,debt_consolidation,16.43,0,22,0,45509,35.2,33,380,Mar-2015,706.2,384,Nov-1997,Charged Off,14738.0,1842.25,Dec-2017
34522, 36 months,21.6,F,1 year,OWN,47463.0,Source Verified,small_business,11.34,0,24,0,667,30.5,42,335,Jul-2012,1102.79,339,May-1983,Fully Paid,39700.299999999996,0.0,Dec-2017
34755, 36 months,13.62,F,5 years,RENT,74653.0,Source Verified,small_business,26.79,0,19,0,34031,37.9,5,350,Sep-2017,1110.23,354,Oct-2012,In Grace Period,39968.25,0.0,Dec-2017
27679, 36 months,16.42,F,10+ years,MORTGAGE,72581.0,Source Verified,credit_card,28.1,1,15,0,56799,47.2,59,355,Oct-2017,884.19,359,Apr-1991,Late (31-120 days),31830.85,0.0,Dec-2017
9894, 36 months,8.85,A,1 year,MORTGAGE,39977.0,Verified,small_business,16.26,1,14,0,4083,8.9,54,395,Nov-2016,316.06,399,Apr-1994,Fully Paid,11378.099999999999,0.0,Dec-2017
12201, 36 months,23.62,B,< 1 year,OWN,97455.0,Verified,debt_consolidation,27.63,0,29,0,38441,11.1,45,335,Nov-2015,389.75,339,Dec-1997,Fully Paid,14031.15,0.0,Dec-2017
10317, 60 months,8.39,C,< 1 year,RENT,68569.0,Not Verified,debt_consolidation,19.07,0,20,0,15195,77.4,50,380,Jun-2016,197.74,384,Sep-2008,Late (31-120 days),11864.55,0.0,Dec-2017
30618, 60 months,16.64,C,,OWN,63933.0,Source Verified,debt_consolidation,19.72,1,9,0,53617,98.3,7,335,Apr-2013,586.84,339,Apr-2002,Fully Paid,35210.7,0.0,Dec-2017
23490, 60 months,24.82,C,< 1 year,MORTGAGE,13845.0,Verified,car,24.17,1,20,0,43390,93.3,50,340,Oct-2013,450.22,344,Oct-1992,Charged Off,9396.0,1174.5,Dec-2017
21481, 36 months,21.4,C,5 years,MORTGAGE,74561.0,Verified,car,22.46,1,17,0,33251,24.8,5,380,Nov-2013,686.2,384,Jan-2004,Fully Paid,24703.149999999998,0.0,Dec-2017
29627, 36 months,25.56,G,1 year,RENT,130768.0,Verified,debt_consolidation,24.4,0,18,0,58754,45.8,15,370,Oct-2013,946.42,374,Apr-2000,Fully Paid,34071.049999999996,0.0,Dec-2017
2281, 36 months,14.06,B,5 years,MORTGAGE,83760.0,Verified,small_business,18.99,0,25,0,44801,53.5,44,415,May-2014,72.87,419,Apr-1996,Fully Paid,2623.1499999999996,0.0,Dec-2017
11677, 60 months,18.09,G,10+ years,OWN,54508.0,Not Verified,credit_card,14.9,0,3,0,52091,54.3,43,400,Sep-2014,223.81,404,Oct-1992,Fully Paid,13428.55,0.0,Dec-2017
30592, 36 months,8.05,D,5 years,OWN,65182.0,Verified,debt_consolidation,21.76,0,11,0,25212,13.1,6,345,Jan-2012,977.24,349,Jan-2001,Fully Paid,35180.799999999996,0.0,Dec-2017
37032, 36 months,18.15,G,,OWN,112045.0,Not Verified,car,17.15,0,21,0,20360,23.4,48,415,Oct-2013,1182.97,419,Apr-2009,Fully Paid,42586.799999999996,0.0,Dec-2017
32809, 36 months,16.58,B,,RENT,61787.0,Source Verified,debt_consolidation,11.34,0,29,0,51971,31.9,8,400,Sep-2014,1048.07,404,Nov-1994,Fully Paid,37730.35,0.0,Dec-2017
16752, 36 months,20.05,E,< 1 year,RENT,45223.0,Verified,debt_consolidation,18.49,1,22,0,1371,16.0,13,330,Feb-2013,535.13,334,Aug-1987,Fully Paid,19264.8,0.0,Dec-2017
7328, 36 months,24.62,E,,OWN,89165.0,Source Verified,credit_card,17.14,0,22,0,44276,98.2,36,400,Aug-2017,234.09,404,Jan-2012,Fully Paid,8427.199999999999,0.0,Dec-2017
15214, 36 months,19.71,F,10+ years,MORTGAGE,29755.0,Source Verified,small_business,27.19,0,12,0,9323,66.0,25,405,Mar-2013,486.0,409,Jun-1997,Fully Paid,17496.1,0.0,Dec-2017
16854, 60 months,8.6,F,,OWN,84793.0,Source Verified,small_business,8.99,0,9,0,22770,98.2,24,365,Sep-2017,323.03,369,Nov-1998,Late (31-120 days),19382.1,0.0,Dec-2017
32819, 36 months,9.14,B,< 1 year,MORTGAGE,66736.0,Source Verified,debt_consolidation,11.88,0,29,0,21441,23.6,10,330,Apr-2014,1048.38,334,Sep-2004,Fully Paid,37741.85,0.0,Dec-2017
19912, 36 months,16.44,C,5 years,MORTGAGE,49120.0,Source Verified,car,10.07,0,18,0,56250,67.2,41,335,Sep-2014,636.08,339,Apr-1993,Fully Paid,22898.8,0.0,Dec-2017
5851, 36 months,23.66,D,10+ years,RENT,79153.0,Verified,car,20.62,0,24,0,8506,20.2,55,380,Jan-2014,186.91,384,Jun-1999,Fully Paid,6728.65,0.0,Dec-2017
26427, 36 months,17.7,E,< 1 year,RENT,141452.0,Not Verified,credit_card,9.17,0,27,0,39298,54.2,41,340,May-2017,844.2,344,Aug-1990,In Grace Period,30391.05,0.0,Dec-2017
39848, 60 months,26.52,C,< 1 year,RENT,39565.0,Verified,credit_card,22.31,0,11,0,51681,97.2,55,365,Aug-2017,763.75,369,Jul-2013,Fully Paid,45825.2,0.0,Dec-2017
34498, 36 months,10.22,D,1 year,RENT,45683.0,Verified,small_business,26.86,0,20,0,11132,20.6,10,360,Jul-2014,1102.02,364,Oct-1994,Fully Paid,39672.7,0.0,Dec-2017
37617, 60 months,12.4,G,1 year,RENT,89384.0,Source Verified,debt_consolidation,5.78,0,22,0,26979,2.4,25,390,Aug-2015,720.99,394,May-1996,Fully Paid,43259.549999999996,0.0,Dec-2017
6581, 36 months,11.72,D,10+ years,MORTGAGE,268876.0,Source Verified,debt_consolidation,31.67,0,28,0,13109,90.5,40,355,Jun-2013,210.23,359,Apr-1987,Fully Paid,7568.15,0.0,Dec-2017
35413, 60 months,26.4,A,< 1 year,RENT,64443.0,Source Verified,credit_card,19.39,2,11,0,29890,8.6,20,415,Mar-2017,678.75,419,Aug-1998,Fully Paid,40724.95,0.0,Dec-2017
34583, 60 months,23.39,B,< 1 year,MORTGAGE,82840.0,Not Verified,small_business,18.36,0,12,0,33069,83.7,27,340,Feb-2013,662.84,344,Feb-1996,Fully Paid,39770.45,0.0,Dec-2017
20130, 36 months,24.65,A,< 1 year,OWN,179873.0,Not Verified,small_business,24.81,1,25,0,52136,8.8,7,395,Aug-2012,643.04,399,Feb-1999,Fully Paid,23149.5,0.0,Dec-2017
17716, 36 months,13.03,C,< 1 year,OWN,37785.0,Not Verified,small_business,11.53,0,13,0,31277,86.4,32,400,Jun-2013,565.93,404,Nov-2001,Fully Paid,20373.399999999998,0.0,Dec-2017
35492, 36 months,7.97,E,10+ years,RENT,21204.0,Verified,car,17.67,2,26,0,36126,0.1,53,395,Mar-2012,1133.77,399,Feb-1983,Fully Paid,40815.799999999996,0.0,Dec-2017
15670, 36 months,24.2,C,5 years,MORTGAGE,57593.0,Source Verified,credit_card,11.52,0,7,1,22369,83.0,23,410,Oct-2012,500.57,414,Nov-2005,Fully Paid,18020.5,0.0,Dec-2017
18449, 36 months,9.52,G,5 years,OWN,45217.0,Not Verified,credit_card,23.59,0,20,0,41008,34.9,7,360,Dec-2016,589.34,364,Feb-1989,Fully Paid,21216.35,0.0,Dec-2017
8344, 36 months,15.5,C,,MORTGAGE,25521.0,Verified,credit_card,12.28,1,16,1,4035,77.1,48,360,Mar-2014,266.54,364,Feb-1992,Charged Off,3337.6000000000004,417.20000000000005,Dec-2017
6574, 36 months,21.94,E,5 years,MORTGAGE,16432.0,Not Verified,small_business,19.25,0,17,0,27663,71.1,41,395,Aug-2014,210.0,399,Jan-2009,Fully Paid,7560.099999999999,0.0,Dec-2017
32583, 36 months,15.75,D,10+ years,MORTGAGE,48433.0,Source Verified,small_business,20.62,0,4,0,30616,53.5,49,420,May-2014,1040.85,424,Mar-2006,Fully Paid,37470.45,0.0,Dec-2017
34721, 36 months,6.78,A,10+ years,MORTGAGE,80416.0,Not Verified,credit_card,13.44,2,29,0,26448,75.4,16,340,Apr-2015,1109.14,344,Oct-1999,Fully Paid,39929.149999999994,0.0,Dec-2017
29930, 60 months,22.5,F,< 1 year,RENT,24313.0,Source Verified,debt_consolidation,24.35,1,19,0,49261,13.6,30,410,May-2014,573.66,414,Jan-1992,Charged Off,11972.0,1496.5,Dec-2017
23681, 36 months,10.54,E,< 1 year,MORTGAGE,64467.0,Verified,small_business,17.95,0,11,0,40989,32.1,28,330,Aug-2013,756.48,334,Sep-1985,Fully Paid,27233.149999999998,0.0,Dec-2017
1280, 36 months,20.07,B,1 year,MORTGAGE,84926.0,Not Verified,debt_consolidation,30.42,0,20,0,15307,8.1,39,420,Mar-2012,40.89,424,Jun-1994,Fully Paid,1472.0,0.0,Dec-2017
8634, 36 months,10.87,G,,RENT,29002.0,Not Verified,credit_card,18.42,0,18,0,20075,74.4,25,390,Aug-2014,275.81,394,May-1997,Fully Paid,9929.099999999999,0.0,Dec-2017
30065, 36 months,16.62,C,1 year,OWN,37200.0,Not Verified,car,13.83,0,9,0,29403,46.7,10,390,Dec-2012,960.41,394,Aug-2000,Fully Paid,34574.75,0.0,Dec-2017
10893, 36 months,16.99,D,,RENT,99121.0,Source Verified,car,12.67,0,24,0,17614,44.4,44,335,Oct-2012,347.97,339,Mar-2006,Fully Paid,12526.949999999999,0.0,Dec-2017
5750, 36 months,9.55,B,1 year,MORTGAGE,44440.0,Not Verified,car,19.85,0,2,0,42851,71.4,51,375,Oct-2013,183.68,379,Jun-2003,Fully Paid,6612.499999999999,0.0,Dec-2017
24179, 60 months,11.14,E,1 year,OWN,29246.0,Not Verified,credit_card,12.5,0,6,0,47468,93.3,11,330,Dec-2017,463.43,334,Oct-1998,Fully Paid,27805.85,0.0,Dec-2017
2609, 36 months,25.61,B,10+ years,OWN,58148.0,Not Verified,credit_card,21.42,0,6,0,34840,44.9,8,410,Jun-2015,83.34,414,Jul-2012,Fully Paid,3000.35,0.0,Dec-2017
12536, 36 months,8.92,C,5 years,RENT,53705.0,Verified,debt_consolidation,12.55,1,12,0,6556,12.3,4,350,Apr-2015,400.46,354,Jan-2008,Fully Paid,14416.4,0.0,Dec-2017
16113, 36 months,9.5,A,< 1 year,RENT,81460.0,Not Verified,small_business,14.65,0,11,0,7599,48.3,12,335,Dec-2012,514.72,339,Aug-1999,Fully Paid,18529.949999999997,0.0,Dec-2017
7938, 36 months,16.6,A,1 year,OWN,38750.0,Verified,debt_consolidation,11.08,0,7,0,23756,0.4,55,360,Aug-2012,253.58,364,Apr-1999,Fully Paid,9128.699999999999,0.0,Dec-2017
23711, 36 months,12.22,C,10+ years,MORTGAGE,77016.0,Verified,credit_card,11.98,0,13,0,24559,41.8,42,350,Feb-2012,757.43,354,Apr-2002,Fully Paid,27267.649999999998,0.0,Dec-2017
12732, 60 months,17.2,A,,OWN,31939.0,Verified,small_business,35.34,0,27,0,46586,7.0,23,380,Feb-2017,244.03,384,Dec-1990,Late (31-120 days),14641.8,0.0,Dec-2017
24182, 60 months,26.32,G,5 years,MORTGAGE,186055.0,Source Verified,debt_consolidation,24.91,0,5,0,22365,55.3,45,330,Jan-2017,463.49,334,Apr-1987,In Grace Period,27809.3,0.0,Dec-2017
4479, 36 months,23.26,D,,RENT,41813.0,Verified,small_business,11.96,0,14,0,20910,54.6,4,350,Jul-2014,143.08,354,Feb-2005,Fully Paid,5150.849999999999,0.0,Dec-2017
2171, 36 months,8.04,D,,RENT,14791.0,Not Verified,credit_card,17.42,0,8,0,35552,96.7,44,400,Mar-2016,69.35,404,Oct-1997,Fully Paid,2496.6499999999996,0.0,Dec-2017
27024, 36 months,25.14,A,1 year,MORTGAGE,47526.0,Source Verified,credit_card,15.42,0,3,0,2722,50.8,37,380,Oct-2015,863.27,384,Jul-2001,Fully Paid,31077.6,0.0,Dec-2017
9316, 36 months,10.89,C,1 year,OWN,36085.0,Not Verified,credit_card,19.61,0,22,0,19360,52.9,53,365,Aug-2014,297.59,369,Apr-2009,Fully Paid,10713.4,0.0,Dec-2017
28916, 36 months,14.6,A,10+ years,MORTGAGE,81737.0,Source Verified,small_business,16.44,3,7,0,46804,13.6,9,395,Dec-2012,923.71,399,Apr-2001,Fully Paid,33253.399999999994,0.0,Dec-2017
1407, 36 months,20.05,D,< 1 year,OWN,48322.0,Not Verified,small_business,14.16,0,28,0,3559,95.2,46,415,Jan-2012,44.95,419,Jan-1993,Fully Paid,1618.05,0.0,Dec-2017
10944, 36 months,22.24,F,< 1 year,MORTGAGE,41735.0,Source Verified,small_business,26.18,0,11,0,16416,51.9,38,415,May-2014,349.6,419,Mar-1995,Fully Paid,12585.599999999999,0.0,Dec-2017
4501, 36 months,20.42,E,< 1 year,RENT,55295.0,Not Verified,credit_card,15.38,0,26,0,18972,92.6,11,365,May-2013,143.78,369,Dec-1995,Fully Paid,5176.15,0.0,Dec-2017
32642, 36 months,15.0,C,,MORTGAGE,94406.0,Verified,car,14.06,0,8,0,40732,17.8,10,410,Dec-2014,1042.73,414,Sep-1989,Fully Paid,37538.299999999996,0.0,Dec-2017
12729, 36 months,23.86,A,10+ years,MORTGAGE,55128.0,Verified,credit_card,4.49,1,9,0,43604,2.8,48,420,Mar-2013,406.62,424,Nov-1996,Fully Paid,14638.349999999999,0.0,Dec-2017
36609, 36 months,21.4,A,10+ years,RENT,40325.0,Source Verified,debt_consolidation,14.14,0,13,0,58109,77.4,31,395,Dec-2014,1169.45,399,Oct-1996,Fully Paid,42100.35,0.0,Dec-2017
17590, 36 months,11.32,F,,MORTGAGE,85393.0,Verified,small_business,21.96,0,27,0,1784,33.9,31,355,Mar-2015,561.9,359,Sep-1992,Fully Paid,20228.5,0.0,Dec-2017
36520, 36 months,26.53,C,5 years,RENT,31976.0,Source Verified,credit_card,9.29,0,8,0,50422,9.2,13,400,Nov-2016,1166.61,404,Jul-1995,In Grace Period,41998.0,0.0,Dec-2017
33491, 60 months,19.68,G,5 years,OWN,29186.0,Verified,small_business,29.99,0,7,0,48439,80.1,27,405,May-2017,641.91,409,Jul-2001,Current,38514.649999999994,0.0,Dec-2017
26914, 36 months,25.03,D,,RENT,29328.0,Verified,small_business,17.04,1,7,0,2897,28.2,27,380,Dec-2014,859.75,384,Jan-2012,Fully Paid,30951.1,0.0,Dec-2017
15431, 36 months,20.3,B,< 1 year,MORTGAGE,99044.0,Verified,small_business,12.88,0,14,0,23130,38.1,51,330,Jan-2012,492.93,334,Aug-1996,Fully Paid,17745.649999999998,0.0,Dec-2017
18388, 60 months,16.73,D,5 years,MORTGAGE,40786.0,Source Verified,small_business,17.29,1,20,1,29463,63.8,49,410,Oct-2013,352.44,414,Nov-2009,Fully Paid,21146.199999999997,0.0,Dec-2017
34253, 36 months,16.36,B,10+ years,MORTGAGE,32660.0,Verified,credit_card,17.68,0,7,0,17936,68.3,27,400,May-2013,1094.19,404,Jun-2000,Fully Paid,39390.95,0.0,Dec-2017
3204, 36 months,21.11,A,5 years,MORTGAGE,102435.0,Verified,small_business,18.14,0,15,0,48052,85.2,27,335,Aug-2013,102.35,339,Jan-1990,Fully Paid,3684.6,0.0,Dec-2017
6674, 36 months,7.12,A,10+ years,OWN,88663.0,Source Verified,car,17.61,0,13,0,50636,78.2,34,410,May-2016,213.2,414,Sep-2008,Fully Paid,7675.099999999999,0.0,Dec-2017
39185, 36 months,21.34,B,,MORTGAGE,44469.0,Source Verified,credit_card,16.82,0,18,0,48220,73.8,4,355,Nov-2013,1251.74,359,May-2007,Fully Paid,45062.75,0.0,Dec-2017
3157, 36 months,21.2,G,10+ years,OWN,85143.0,Source Verified,car,9.82,0,4,0,23325,48.6,20,350,May-2015,100.85,354,Jul-2011,Fully Paid,3630.5499999999997,0.0,Dec-2017
32374, 36 months,18.28,D,5 years,MORTGAGE,75544.0,Not Verified,car,15.89,0,4,0,57533,25.6,28,345,Oct-2014,1034.17,349,Jul-1993,Charged Off,12949.6,1618.7,Dec-2017
13654, 60 months,19.69,E,< 1 year,OWN,81523.0,Source Verified,car,29.57,0,13,1,44539,20.1,56,340,Jul-2017,261.7,344,May-1997,In Grace Period,15702.099999999999,0.0,Dec-2017
10709, 36 months,16.54,A,5 years,MORTGAGE,40371.0,Source Verified,credit_card,6.72,0,19,0,20842,30.9,58,360,Aug-2013,342.09,364,Sep-2001,Charged Off,4283.6,535.45,Dec-2017
9779, 36 months,25.46,C,1 year,MORTGAGE,113699.0,Source Verified,car,15.43,0,26,0,16444,8.5,29,360,Jun-2015,312.38,364,Sep-2000,Fully Paid,11245.849999999999,0.0,Dec-2017
32199, 36 months,19.02,D,5 years,OWN,62067.0,Source Verified,car,36.59,0,25,0,5639,57.7,13,395,Mar-2012,1028.58,399,Aug-1983,Fully Paid,37028.85,0.0,Dec-2017
38036, 36 months,6.16,C,10+ years,OWN,31822.0,Source Verified,car,31.37,0,16,0,52138,71.3,36,375,Oct-2013,1215.04,379,Apr-1997,Fully Paid,43741.399999999994,0.0,Dec-2017
3250, 36 months,27.27,C,5 years,MORTGAGE,53893.0,Verified,debt_consolidation,20.69,0,7,0,859,34.7,5,410,Mar-2013,103.82,414,Aug-1998,Fully Paid,3737.4999999999995,0.0,Dec-2017
3968, 36 months,21.01,B,5 years,RENT,42239.0,Source Verified,small_business,7.34,0,5,0,56338,52.8,10,380,Oct-2012,126.76,384,Nov-2005,Fully Paid,4563.2,0.0,Dec-2017
39447, 60 months,7.81,E,,MORTGAGE,93075.0,Not Verified,credit_card,18.69,0,4,0,29196,17.7,57,370,Jun-2015,756.07,374,Jul-2007,Fully Paid,45364.049999999996,0.0,Dec-2017
33165, 36 months,16.92,G,5 years,OWN,53959.0,Verified,credit_card,19.23,1,3,1,54818,58.0,17,400,Apr-2017,1059.44,404,Apr-2010,Current,38139.75,0.0,Dec-2017
5796, 36 months,23.82,F,10+ years,RENT,49673.0,Not Verified,debt_consolidation,32.64,0,5,0,14656,5.1,15,415,Aug-2013,185.15,419,Sep-1986,Fully Paid,6665.4,0.0,Dec-2017
34888, 60 months,16.34,C,< 1 year,RENT,41814.0,Not Verified,car,16.29,0,25,0,20335,97.9,29,380,Sep-2013,668.69,384,Feb-1993,Fully Paid,40121.2,0.0,Dec-2017
5026, 36 months,13.2,C,10+ years,MORTGAGE,121461.0,Not Verified,credit_card,21.48,0,14,0,37341,60.1,41,420,Dec-2013,160.55,424,Oct-2010,Fully Paid,5779.9,0.0,Dec-2017
8100, 36 months,27.62,C,5 years,RENT,48299.0,Source Verified,car,8.75,2,19,0,1252,50.0,34,390,Jul-2014,258.75,394,Nov-1987,Fully Paid,9315.0,0.0,Dec-2017
33637, 36 months,12.34,G,< 1 year,MORTGAGE,62359.0,Not Verified,credit_card,12.35,0,19,0,47708,55.1,13,410,Jul-2013,1074.52,414,Dec-1996,Fully Paid,38682.549999999996,0.0,Dec-2017
39638, 60 months,18.41,E,,MORTGAGE,34561.0,Source Verified,debt_consolidation,36.83,1,6,0,4875,56.7,17,370,Oct-2016,759.73,374,Mar-2009,Current,15855.2,1981.9,Dec-2017
3700, 36 months,8.63,B,10+ years,OWN,61199.0,Verified,small_business,23.89,1,6,0,7904,41.3,57,410,Jul-2012,118.19,414,Jul-1989,Fully Paid,4255.0,0.0,Dec-2017
26532, 36 months,13.28,C,,OWN,65378.0,Source Verified,credit_card,17.62,0,27,0,57270,71.6,53,350,Feb-2013,847.55,354,Mar-2004,Fully Paid,30511.8,0.0,Dec-2017
13503, 60 months,16.0,D,10+ years,OWN,86023.0,Verified,small_business,16.64,0,19,0,29698,96.6,6,365,Jan-2013,258.81,369,Mar-1989,Fully Paid,15528.449999999999,0.0,Dec-2017
22667, 36 months,24.73,A,,MORTGAGE,93802.0,Not Verified,car,8.39,1,10,0,23562,73.5,42,390,Mar-2017,724.08,394,Jul-1997,In Grace Period,26067.05,0.0,Dec-2017
9600, 36 months,14.46,F,,RENT,18171.0,Not Verified,car,0.0,0,23,1,7046,78.8,44,340,Jul-2013,306.67,344,Apr-2000,Fully Paid,11040.0,0.0,Dec-2017
35672, 36 months,22.29,B,10+ years,OWN,43556.0,Source Verified,debt_consolidation,20.77,0,14,0,28554,23.7,24,330,Nov-2014,1139.52,334,Dec-1989,Fully Paid,41022.799999999996,0.0,Dec-2017
10526, 36 months,22.83,B,< 1 year,OWN,38901.0,Source Verified,small_business,15.18,0,11,0,52604,62.6,50,340,Jan-2017,336.25,344,May-2007,Current,12104.9,0.0,Dec-2017
15505, 60 months,20.13,F,1 year,MORTGAGE,69630.0,Verified,small_business,11.04,1,5,0,7626,24.2,28,355,Apr-2014,297.18,359,Jun-1992,Charged Off,6202.0,775.25,Dec-2017
15462, 60 months,26.34,A,1 year,MORTGAGE,70215.0,Not Verified,car,19.4,1,12,0,13559,41.0,30,390,Apr-2013,296.35,394,Mar-1999,Fully Paid,17781.3,0.0,Dec-2017
6409, 36 months,21.68,C,5 years,RENT,71144.0,Source Verified,credit_card,20.3,0,13,0,1259,57.5,33,395,Jan-2013,204.73,399,Feb-2002,Fully Paid,7370.349999999999,0.0,Dec-2017
24353, 36 months,16.49,C,1 year,RENT,19563.0,Source Verified,car,31.39,0,18,0,39974,47.9,21,335,Dec-2016,777.94,339,Mar-2008,Fully Paid,28005.949999999997,0.0,Dec-2017
38560, 60 months,18.61,C,< 1 year,OWN,73919.0,Not Verified,debt_consolidation,30.29,0,10,0,51656,63.5,23,390,May-2014,739.07,394,Sep-1984,Charged Off,15424.0,1928.0,Dec-2017
21482, 36 months,21.5,D,10+ years,OWN,48543.0,Not Verified,credit_card,6.24,0,13,1,46130,29.4,54,385,Jun-2016,686.23,389,Aug-2008,Fully Paid,24704.3,0.0,Dec-2017
29862, 36 months,20.93,E,,RENT,47784.0,Source Verified,small_business,17.8,0,12,0,48678,0.1,4,415,Oct-2012,953.92,419,Feb-1985,Fully Paid,34341.299999999996,0.0,Dec-2017
39352, 60 months,26.95,D,10+ years,RENT,84641.0,Not Verified,debt_consolidation,25.69,0,29,0,56279,92.7,28,335,Nov-2017,754.25,339,May-1990,Fully Paid,45254.799999999996,0.0,Dec-2017
25890, 36 months,26.07,A,5 years,MORTGAGE,31897.0,Not Verified,debt_consolidation,18.12,1,13,0,12918,86.2,14,415,Apr-2012,827.04,419,Nov-1986,Charged Off,10356.0,1294.5,Dec-2017
36012, 36 months,11.89,C,10+ years,RENT,35184.0,Source Verified,credit_card,33.02,0,26,0,42243,39.9,35,345,Jul-2016,1150.38,349,Jan-1992,Late (31-120 days),41413.799999999996,0.0,Dec-2017
30296, 36 months,24.76,G,5 years,RENT,17583.0,Verified,small_business,26.7,0,16,0,9594,24.3,45,340,May-2015,967.79,344,Apr-2001,Fully Paid,34840.399999999994,0.0,Dec-2017
16713, 60 months,18.44,B,1 year,OWN,199499.0,Verified,debt_consolidation,13.36,0,10,0,37513,64.1,42,380,Sep-2012,320.33,384,Nov-1985,Fully Paid,19219.949999999997,0.0,Dec-2017
9951, 36 months,10.01,B,< 1 year,RENT,37987.0,Source Verified,car,19.47,0,21,0,17464,72.1,47,405,Sep-2015,317.88,409,Jun-2010,Fully Paid,11443.65,0.0,Dec-2017
25815, 36 months,25.1,D,5 years,RENT,70734.0,Verified,debt_consolidation,15.07,0,5,0,46574,97.0,57,400,Aug-2017,824.65,404,Mar-2002,Charged Off,10326.0,1290.75,Dec-2017
18034, 36 months,27.18,D,,RENT,40472.0,Not Verified,credit_card,19.14,1,2,0,28552,23.4,51,330,Jun-2014,576.09,334,Jan-1994,Charged Off,7213.6,901.7,Dec-2017
30709, 36 months,20.09,B,5 years,OWN,25433.0,Source Verified,credit_card,22.35,0,5,0,4224,64.2,10,415,Jan-2017,980.98,419,Jan-1997,In Grace Period,35315.35,0.0,Dec-2017
15560, 36 months,17.64,D,5 years,MORTGAGE,70989.0,Verified,car,9.37,1,28,0,59816,92.2,25,340,Jun-2016,497.06,344,Dec-1999,In Grace Period,17894.0,0.0,Dec-2017
5175, 60 months,6.58,F,,RENT,32011.0,Not Verified,debt_consolidation,17.67,2,8,0,46271,80.2,32,385,Aug-2014,99.19,389,Jan-1988,Fully Paid,5951.249999999999,0.0,Dec-2017
34847, 36 months,16.01,D,< 1 year,OWN,25485.0,Verified,debt_consolidation,0.62,0,7,1,28300,75.7,34,375,Jul-2012,1113.17,379,Nov-1987,Fully Paid,40074.049999999996,0.0,Dec-2017
25179, 36 months,11.22,G,,MORTGAGE,31227.0,Verified,debt_consolidation,6.63,1,17,0,35686,70.1,8,410,Aug-2014,804.33,414,Feb-1990,Fully Paid,28955.85,0.0,Dec-2017
38136, 60 months,25.66,G,5 years,MORTGAGE,36426.0,Verified,credit_card,12.13,0,25,0,50869,81.2,34,410,Nov-2013,730.94,414,Sep-1986,Fully Paid,43856.399999999994,0.0,Dec-2017
29369, 36 months,20.2,C,1 year,OWN,25692.0,Source Verified,car,25.05,0,4,0,1844,45.0,57,345,Mar-2012,938.18,349,Sep-2001,Fully Paid,33774.35,0.0,Dec-2017
28588, 36 months,8.93,E,1 year,RENT,69833.0,Verified,debt_consolidation,13.52,1,21,0,44538,82.6,36,410,Dec-2016,913.23,414,Dec-1990,Late (31-120 days),32876.2,0.0,Dec-2017
27972, 36 months,17.34,A,,OWN,29811.0,Source Verified,small_business,35.55,0,23,0,55283,56.7,43,420,Apr-2013,893.55,424,Aug-1986,Fully Paid,32167.8,0.0,Dec-2017
2170, 60 months,25.87,F,,RENT,71434.0,Not Verified,credit_card,14.01,0,14,0,49394,36.0,4,420,Sep-2017,41.59,424,Sep-1992,In Grace Period,2495.5,0.0,Dec-2017
2223, 36 months,16.06,C,5 years,RENT,40918.0,Not Verified,debt_consolidation,6.53,1,4,0,29427,39.7,26,360,Apr-2016,71.01,364,Jan-1998,Fully Paid,2556.45,0.0,Dec-2017
18803, 36 months,8.01,A,10+ years,OWN,99094.0,Source Verified,car,19.58,0,20,0,11259,69.3,23,390,Sep-2016,600.65,394,Dec-1992,In Grace Period,21623.449999999997,0.0,Dec-2017
37878, 60 months,14.76,B,< 1 year,MORTGAGE,247248.0,Not Verified,debt_consolidation,9.59,0,21,0,16942,44.1,17,405,Aug-2012,725.99,409,Aug-1986,Fully Paid,43559.7,0.0,Dec-2017
12402, 36 months,11.9,C,5 years,OWN,44718.0,Not Verified,credit_card,18.16,0,14,0,46765,20.4,44,395,Feb-2013,396.17,399,Jan-1998,Fully Paid,14262.3,0.0,Dec-2017
1037, 36 months,8.0,E,1 year,MORTGAGE,78199.0,Not Verified,debt_consolidation,17.11,0,10,0,34602,33.7,23,375,Dec-2017,33.13,379,Feb-2001,In Grace Period,1192.55,0.0,Dec-2017
29607, 60 months,20.52,D,1 year,RENT,32824.0,Not Verified,car,7.92,0,29,0,49336,79.9,17,420,Mar-2015,567.47,424,Dec-2007,Fully Paid,34048.049999999996,0.0,Dec-2017
4731, 60 months,25.4,B,10+ years,MORTGAGE,112852.0,Not Verified,debt_consolidation,17.11,1,20,0,41531,59.6,25,350,Feb-2012,90.68,354,Feb-2005,Fully Paid,5440.65,0.0,Dec-2017
13867, 36 months,27.85,B,,MORTGAGE,18798.0,Not Verified,small_business,15.43,1,4,0,40545,13.6,56,410,Jul-2012,442.97,414,Aug-1992,Charged Off,5546.8,693.35,Dec-2017
9518, 60 months,7.88,E,5 years,OWN,37900.0,Verified,debt_consolidation,15.67,0,3,0,5635,60.8,58,380,Dec-2017,182.43,384,May-2005,Fully Paid,10945.699999999999,0.0,Dec-2017
10656, 36 months,21.65,B,< 1 year,RENT,46198.0,Verified,debt_consolidation,26.47,0,10,0,58993,23.7,52,360,Sep-2012,340.4,364,Mar-1989,Fully Paid,12254.4,0.0,Dec-2017
26550, 36 months,20.19,C,5 years,MORTGAGE,96738.0,Verified,credit_card,18.01,0,17,0,40193,8.4,44,380,Oct-2013,848.12,384,Feb-1997,Fully Paid,30532.499999999996,0.0,Dec-2017
25789, 60 months,15.84,B,,MORTGAGE,99453.0,Not Verified,debt_consolidation,21.6,0,16,0,23253,57.1,36,360,Oct-2012,494.29,364,Jun-2005,Fully Paid,29657.35,0.0,Dec-2017
20575, 60 months,18.14,D,1 year,OWN,73019.0,Verified,car,12.85,0,13,0,8917,8.6,18,365,Oct-2014,394.35,369,Oct-1991,Fully Paid,23661.249999999996,0.0,Dec-2017
8152, 60 months,15.29,D,,OWN,21504.0,Source Verified,debt_consolidation,22.5,0,14,0,16129,59.6,15,355,Jun-2015,156.25,359,Aug-1998,Fully Paid,9374.8,0.0,Dec-2017
1740, 60 months,26.13,F,5 years,MORTGAGE,43828.0,Not Verified,car,20.18,0,16,0,57263,46.9,54,400,Apr-2015,33.35,404,May-1989,Fully Paid,2000.9999999999998,0.0,Dec-2017
4697, 36 months,20.37,C,5 years,RENT,23800.0,Source Verified,debt_consolidation,13.56,0,25,0,37103,32.1,29,410,May-2016,150.04,414,Oct-1995,Charged Off,1878.8000000000002,234.85000000000002,Dec-2017
13064, 36 months,19.69,E,5 years,RENT,25986.0,Verified,small_business,28.2,0,18,0,43710,99.3,8,330,Sep-2013,417.32,334,May-1999,Fully Paid,15023.599999999999,0.0,Dec-2017
6092, 60 months,19.44,A,5 years,RENT,92217.0,Source Verified,small_business,15.22,0,24,0,23996,99.9,41,360,Jun-2013,116.76,364,Jul-1998,Fully Paid,7005.799999999999,0.0,Dec-2017
8740, 60 months,15.08,C,1 year,RENT,26898.0,Source Verified,credit_card,18.58,0,28,0,31159,6.5,5,395,Apr-2013,167.52,399,Aug-2006,Fully Paid,10051.0,0.0,Dec-2017
2151, 36 months,16.67,F,1 year,MORTGAGE,33737.0,Verified,credit_card,30.44,1,24,0,33420,51.5,5,350,Feb-2016,68.71,354,Sep-2010,Fully Paid,2473.6499999999996,0.0,Dec-2017
27873, 60 months,18.16,A,< 1 year,RENT,54570.0,Not Verified,small_business,20.86,0,20,0,46238,50.0,59,385,Apr-2012,534.23,389,Feb-1997,Fully Paid,32053.949999999997,0.0,Dec-2017
21454, 36 months,21.04,C,1 year,OWN,110011.0,Source Verified,small_business,31.52,1,4,0,56260,6.9,43,400,Nov-2014,685.34,404,May-2011,Fully Paid,24672.1,0.0,Dec-2017
34817, 60 months,15.71,E,5 years,MORTGAGE,107149.0,Verified,car,20.09,1,24,0,44740,42.1,15,345,Dec-2016,667.33,349,Apr-1995,Fully Paid,40039.549999999996,0.0,Dec-2017
4901, 36 months,14.6,E,< 1 year,OWN,90186.0,Verified,car,31.12,1,12,0,7871,44.6,50,410,May-2013,156.56,414,Apr-1987,Fully Paid,5636.15,0.0,Dec-2017
33887, 36 months,25.76,E,5 years,RENT,58210.0,Verified,debt_consolidation,3.56,0,16,0,3429,14.3,12,365,Oct-2017,1082.5,369,May-1999,Current,38970.049999999996,0.0,Dec-2017
17633, 60 months,19.32,B,1 year,OWN,61766.0,Not Verified,debt_consolidation,19.47,0,27,1,40654,2.7,56,340,Oct-2016,337.97,344,Aug-1995,Late (31-120 days),20277.949999999997,0.0,Dec-2017
6657, 36 months,20.0,A,< 1 year,MORTGAGE,316870.0,Verified,car,10.92,0,12,0,27667,9.0,38,380,Oct-2012,212.65,384,Oct-2002,Fully Paid,7655.549999999999,0.0,Dec-2017
22645, 36 months,24.83,F,1 year,RENT,185105.0,Source Verified,car,19.84,0,22,0,32416,74.3,45,390,Dec-2015,723.38,394,Sep-2004,Fully Paid,26041.749999999996,0.0,Dec-2017
14128, 36 months,17.38,D,10+ years,OWN,175600.0,Not Verified,debt_consolidation,8.2,0,13,0,21096,19.9,14,385,Feb-2017,451.31,389,Jul-1992,Fully Paid,16247.199999999999,0.0,Dec-2017
33419, 36 months,22.62,D,,OWN,40035.0,Source Verified,debt_consolidation,19.79,0,13,0,43671,47.7,52,365,Jan-2017,1067.55,369,Nov-1998,In Grace Period,38431.85,0.0,Dec-2017
6053, 36 months,25.14,B,5 years,OWN,94883.0,Verified,debt_consolidation,14.57,1,21,0,22249,60.6,15,370,Apr-2016,193.36,374,Jun-1995,Fully Paid,6960.95,0.0,Dec-2017
1633, 36 months,21.03,C,< 1 year,OWN,335969.0,Verified,debt_consolidation,7.25,1,13,0,16816,0.5,11,380,Nov-2017,52.17,384,Apr-1998,Fully Paid,1877.9499999999998,0.0,Dec-2017
34396, 36 months,20.87,E,,MORTGAGE,66077.0,Not Verified,small_business,16.97,0,7,0,1770,73.4,56,345,Jun-2016,1098.76,349,Dec-1987,Late (31-120 days),39555.399999999994,0.0,Dec-2017
9768, 60 months,18.68,G,,RENT,72051.0,Not Verified,credit_card,9.01,0,15,1,56708,85.6,25,360,Oct-2015,187.22,364,Sep-2003,Fully Paid,11233.199999999999,0.0,Dec-2017
35627, 36 months,25.51,B,1 year,OWN,68385.0,Verified,debt_consolidation,11.06,0,14,0,58750,40.5,19,400,Apr-2014,1138.08,404,Mar-1988,Fully Paid,40971.049999999996,0.0,Dec-2017
11390, 36 months,23.81,C,,OWN,56704.0,Source Verified,debt_consolidation,23.1,0,22,0,30724,86.5,35,385,Jul-2015,363.85,389,Apr-2007,Charged Off,4556.0,569.5,Dec-2017
30842, 36 months,10.15,A,,MORTGAGE,24193.0,Verified,debt_consolidation,23.44,0,18,0,48128,34.0,8,405,May-2012,985.23,409,Mar-2007,Fully Paid,35468.299999999996,0.0,Dec-2017
25200, 60 months,27.04,B,10+ years,RENT,22820.0,Not Verified,credit_card,30.89,1,27,0,9690,91.6,4,390,Oct-2013,483.0,394,Dec-2006,Charged Off,10080.0,1260.0,Dec-2017
27613, 60 months,13.35,E,,RENT,151591.0,Not Verified,small_business,20.94,1,27,0,11822,32.0,51,360,Feb-2016,529.25,364,Oct-1994,Fully Paid,31754.949999999997,0.0,Dec-2017
32144, 36 months,7.78,E,5 years,RENT,58628.0,Source Verified,small_business,13.36,0,20,0,23891,95.9,14,405,Sep-2014,1026.82,409,Jul-2006,Fully Paid,36965.6,0.0,Dec-2017
21543, 36 months,22.33,D,5 years,RENT,19762.0,Not Verified,small_business,11.4,0,2,0,48939,34.7,18,375,Oct-2017,688.18,379,Jul-1994,Fully Paid,24774.449999999997,0.0,Dec-2017
33653, 36 months,16.51,E,10+ years,RENT,45057.0,Source Verified,debt_consolidation,14.75,0,5,0,5341,54.7,23,395,Jan-2015,1075.03,399,Feb-2012,Fully Paid,38700.95,0.0,Dec-2017
36432, 36 months,10.95,D,< 1 year,MORTGAGE,52995.0,Not Verified,debt_consolidation,14.16,0,11,0,31730,53.3,5,330,Dec-2015,1163.8,334,Jul-2011,Fully Paid,41896.799999999996,0.0,Dec-2017
23774, 36 months,19.51,F,10+ years,OWN,76874.0,Verified,car,26.82,0,19,0,18785,95.7,49,385,Apr-2014,759.45,389,Aug-1984,Fully Paid,27340.1,0.0,Dec-2017
4538, 60 months,23.73,D,< 1 year,RENT,45575.0,Verified,debt_consolidation,18.99,1,13,1,10980,30.8,26,360,May-2013,86.98,364,Jun-1988,Fully Paid,5218.7,0.0,Dec-2017
14688, 36 months,16.9,D,1 year,OWN,112506.0,Verified,debt_consolidation,20.62,1,27,0,42729,99.1,59,330,Jun-2017,469.2,334,Feb-2004,Late (31-120 days),16891.199999999997,0.0,Dec-2017
33858, 60 months,19.02,D,5 years,OWN,40951.0,Verified,car,30.71,0,29,0,39310,91.4,18,410,Mar-2015,648.94,414,Oct-2010,Fully Paid,38936.7,0.0,Dec-2017
10198, 60 months,15.81,G,5 years,RENT,43779.0,Verified,small_business,17.6,0,11,0,36167,69.8,21,340,Nov-2012,195.46,344,May-2005,Fully Paid,11727.699999999999,0.0,Dec-2017
17215, 60 months,27.94,E,10+ years,MORTGAGE,69637.0,Verified,debt_consolidation,16.77,0,19,0,35708,29.1,57,345,Sep-2012,329.95,349,Jul-2002,Fully Paid,19797.25,0.0,Dec-2017
26494, 60 months,9.35,A,< 1 year,MORTGAGE,42248.0,Verified,credit_card,15.39,0,5,0,17466,79.3,5,335,Apr-2013,507.8,339,Dec-1993,Fully Paid,30468.1,0.0,Dec-2017
25831, 60 months,11.61,B,,MORTGAGE,52468.0,Source Verified,car,10.55,3,24,0,44635,34.4,51,360,Apr-2016,495.09,364,Nov-1991,Fully Paid,29705.649999999998,0.0,Dec-2017
20169, 60 months,18.42,C,5 years,MORTGAGE,46367.0,Source Verified,car,16.91,0,8,1,4421,63.8,49,380,May-2014,386.57,384,Jul-1992,Fully Paid,23194.35,0.0,Dec-2017
27581, 60 months,16.17,A,10+ years,OWN,10651.0,Not Verified,small_business,11.24,0,16,0,47302,0.5,27,400,Jan-2016,528.64,404,Oct-1992,Fully Paid,31718.149999999998,0.0,Dec-2017
24629, 36 months,22.82,C,,RENT,30564.0,Not Verified,car,22.65,1,20,0,17808,45.3,51,345,Jan-2014,786.76,349,Jun-1986,Charged Off,9851.6,1231.45,Dec-2017
17406, 60 months,15.55,D,,OWN,94139.0,Verified,small_business,2.83,0,21,0,56830,67.8,4,355,Sep-2014,333.62,359,Jul-2000,Fully Paid,20016.899999999998,0.0,Dec-2017
21928, 36 months,22.99,C,10+ years,MORTGAGE,14362.0,Source Verified,car,20.0,0,6,1,58395,43.5,40,385,Jul-2012,700.48,389,Dec-1992,Fully Paid,25217.199999999997,0.0,Dec-2017
6805, 36 months,16.78,F,10+ years,OWN,36366.0,Source Verified,car,12.73,1,11,0,48751,61.0,30,355,Jan-2012,217.38,359,Mar-1992,Fully Paid,7825.749999999999,0.0,Dec-2017
33069, 60 months,8.32,D,10+ years,OWN,208290.0,Not Verified,car,13.22,0,6,0,46682,88.2,59,405,Jun-2015,633.82,409,Sep-1993,Fully Paid,38029.35,0.0,Dec-2017
27747, 36 months,23.9,B,5 years,OWN,78645.0,Source Verified,small_business,24.66,0,24,0,4553,71.4,55,340,May-2012,886.36,344,Jun-1986,Fully Paid,31909.05,0.0,Dec-2017
16692, 36 months,9.39,A,5 years,RENT,59983.0,Not Verified,credit_card,22.5,2,26,0,8670,70.3,36,380,May-2015,533.22,384,Feb-1989,Fully Paid,19195.8,0.0,Dec-2017
20756, 60 months,7.18,B,5 years,MORTGAGE,62193.0,Not Verified,car,15.05,0,6,0,29399,78.2,33,360,Feb-2016,397.82,364,Jul-2005,Fully Paid,23869.399999999998,0.0,Dec-2017
3559, 60 months,23.55,F,5 years,OWN,33187.0,Verified,small_business,20.07,0,17,0,39147,35.4,30,380,Jun-2017,68.21,384,Aug-1992,Fully Paid,4092.85,0.0,Dec-2017
18578, 36 months,15.88,B,< 1 year,RENT,55921.0,Verified,debt_consolidation,23.36,0,23,0,18056,43.5,55,415,Feb-2016,593.46,419,Jun-2013,Fully Paid,21364.699999999997,0.0,Dec-2017
36239, 36 months,17.28,D,1 year,OWN,67073.0,Verified,debt_consolidation,11.31,2,6,0,30075,23.1,53,420,Nov-2013,1157.63,424,Aug-1986,Fully Paid,41674.85,0.0,Dec-2017
34699, 36 months,7.54,D,1 year,MORTGAGE,66526.0,Not Verified,credit_card,11.8,0,20,0,21885,71.0,58,410,Jun-2015,1108.44,414,Oct-2010,Fully Paid,39903.85,0.0,Dec-2017
23062, 36 months,12.85,D,< 1 year,MORTGAGE,86092.0,Source Verified,small_business,13.64,0,20,0,15573,20.1,50,335,Oct-2014,736.7,339,Sep-2004,Fully Paid,26521.3,0.0,Dec-2017
36080, 36 months,20.38,B,< 1 year,MORTGAGE,40677.0,Source Verified,car,9.47,0,25,1,45502,15.1,30,380,May-2013,1152.56,384,Nov-1995,Fully Paid,41492.0,0.0,Dec-2017
8893, 36 months,22.03,A,5 years,OWN,87552.0,Verified,credit_card,6.63,0,22,0,41099,51.0,40,340,Mar-2017,284.08,344,Mar-2005,Fully Paid,10226.949999999999,0.0,Dec-2017
9360, 36 months,10.43,A,< 1 year,RENT,88333.0,Source Verified,small_business,20.19,0,16,0,18614,7.4,28,375,Dec-2015,299.0,379,Apr-2000,Fully Paid,10764.0,0.0,Dec-2017
37860, 36 months,18.79,F,1 year,RENT,23151.0,Verified,debt_consolidation,23.29,0,10,0,49058,91.9,50,415,Jul-2013,1209.42,419,Sep-1987,Fully Paid,43539.0,0.0,Dec-2017
19244, 36 months,21.5,B,5 years,MORTGAGE,120815.0,Verified,car,17.65,1,22,0,16416,73.7,59,380,Aug-2012,614.74,384,Jul-2000,Fully Paid,22130.6,0.0,Dec-2017
29926, 36 months,11.9,E,5 years,OWN,230150.0,Verified,small_business,26.13,0,9,0,17534,26.3,47,395,Aug-2014,955.97,399,Sep-2007,Fully Paid,34414.899999999994,0.0,Dec-2017
7931, 36 months,13.4,A,5 years,OWN,74991.0,Source Verified,debt_consolidation,4.58,0,12,0,45054,40.6,27,395,Oct-2015,253.35,399,Nov-1993,Fully Paid,9120.65,0.0,Dec-2017
2651, 36 months,15.33,G,,MORTGAGE,71780.0,Source Verified,debt_consolidation,28.43,0,9,0,50483,55.7,23,365,Jun-2015,84.68,369,Jan-2001,Fully Paid,3048.6499999999996,0.0,Dec-2017
23525, 60 months,23.69,F,1 year,OWN,41437.0,Not Verified,small_business,34.61,1,3,0,16159,2.6,46,375,Jun-2015,450.9,379,Nov-1994,Fully Paid,27053.749999999996,0.0,Dec-2017
19826, 36 months,8.52,E,10+ years,RENT,121150.0,Verified,credit_card,12.44,0,21,0,52320,70.5,58,350,Mar-2015,633.33,354,Jan-2009,Fully Paid,22799.899999999998,0.0,Dec-2017
19048, 60 months,6.74,A,,OWN,76591.0,Not Verified,debt_consolidation,22.2,0,21,0,2894,42.8,57,365,Feb-2014,365.09,369,Dec-2011,Fully Paid,21905.199999999997,0.0,Dec-2017
38379, 36 months,25.49,F,,RENT,26975.0,Verified,car,22.59,0,10,0,35478,4.2,23,370,Oct-2012,1226.0,374,Oct-2009,Fully Paid,44135.85,0.0,Dec-2017
28278, 60 months,7.67,F,,OWN,39091.0,Not Verified,debt_consolidation,17.92,0,5,0,18776,86.0,44,370,Apr-2013,542.0,374,Dec-1991,Fully Paid,32519.699999999997,0.0,Dec-2017
21190, 60 months,22.82,G,1 year,RENT,63952.0,Verified,car,4.03,0,4,0,18221,65.0,56,415,Mar-2012,406.14,419,Dec-1991,Fully Paid,24368.499999999996,0.0,Dec-2017
36530, 60 months,10.11,E,5 years,RENT,96542.0,Not Verified,small_business,19.48,0,29,0,43524,56.0,50,410,May-2016,700.16,414,Mar-2010,Fully Paid,42009.5,0.0,Dec-2017
7746, 60 months,20.06,B,< 1 year,MORTGAGE,62188.0,Source Verified,debt_consolidation,14.52,0,9,0,12369,24.1,29,330,Sep-2015,148.46,334,Apr-1990,Fully Paid,8907.9,0.0,Dec-2017
18617, 36 months,24.39,A,5 years,RENT,139795.0,Source Verified,credit_card,25.03,0,15,0,29209,88.5,15,390,Jan-2013,594.71,394,Apr-2006,Fully Paid,21409.55,0.0,Dec-2017
19376, 60 months,6.42,A,1 year,MORTGAGE,144801.0,Not Verified,debt_consolidation,12.76,2,23,1,13440,63.3,54,345,Aug-2013,371.37,349,Aug-1984,Fully Paid,22282.399999999998,0.0,Dec-2017
38482, 60 months,21.68,C,10+ years,OWN,70296.0,Not Verified,car,34.83,0,26,0,17123,90.1,46,390,Dec-2012,737.57,394,Jun-1994,Charged Off,15392.800000000001,1924.1000000000001,Dec-2017
27732, 36 months,11.42,E,< 1 year,OWN,61229.0,Source Verified,credit_card,22.34,0,14,0,5058,92.4,23,350,Oct-2014,885.88,354,Jun-1987,Fully Paid,31891.8,0.0,Dec-2017
10586, 36 months,21.41,E,,RENT,37298.0,Source Verified,car,14.71,0,7,0,20853,8.0,46,385,Oct-2015,338.16,389,Aug-1991,Fully Paid,12173.9,0.0,Dec-2017
5811, 60 months,7.52,C,< 1 year,OWN,73245.0,Verified,credit_card,2.66,0,27,0,4408,81.4,51,370,Feb-2012,111.38,374,Oct-1998,Fully Paid,6682.65,0.0,Dec-2017
34168, 36 months,18.26,E,,MORTGAGE,24955.0,Source Verified,credit_card,12.74,0,5,0,26330,27.8,44,355,Dec-2015,1091.48,359,Dec-2008,Fully Paid,39293.2,0.0,Dec-2017
28879, 36 months,13.6,F,5 years,RENT,34041.0,Not Verified,car,22.74,0,6,0,47513,84.1,23,355,Oct-2012,922.52,359,Aug-2007,Charged Off,11551.6,1443.95,Dec-2017
25018, 60 months,24.14,B,1 year,MORTGAGE,78449.0,Verified,debt_consolidation,19.41,0,6,1,59463,15.3,45,330,Aug-2012,479.51,334,Nov-2006,Fully Paid,28770.699999999997,0.0,Dec-2017
35495, 36 months,21.61,D,1 year,MORTGAGE,104131.0,Source Verified,small_business,15.83,2,3,0,45075,20.7,13,410,Jan-2017,1133.87,414,Jan-1997,In Grace Period,14198.0,1774.75,Dec-2017
14788, 36 months,11.17,G,1 year,OWN,33777.0,Source Verified,debt_consolidation,18.59,0,9,0,29222,82.6,46,345,Jul-2013,472.39,349,Jan-1991,Fully Paid,17006.199999999997,0.0,Dec-2017
24998, 36 months,10.24,F,1 year,OWN,43437.0,Source Verified,debt_consolidation,16.41,0,14,0,40429,6.6,41,350,Jun-2017,798.55,354,Aug-2000,Fully Paid,28747.699999999997,0.0,Dec-2017
4716, 36 months,11.07,G,10+ years,OWN,29912.0,Verified,debt_consolidation,20.67,1,11,0,33276,100.0,53,395,Aug-2012,150.65,399,Feb-2006,Charged Off,1886.4,235.8,Dec-2017
36385, 60 months,25.37,A,< 1 year,MORTGAGE,40890.0,Verified,small_business,19.86,0,3,0,56476,34.4,42,350,Nov-2017,697.38,354,Jun-2014,Fully Paid,41842.75,0.0,Dec-2017
22372, 36 months,26.48,F,1 year,MORTGAGE,104539.0,Source Verified,car,10.53,1,14,0,17762,26.7,13,335,Jun-2017,714.66,339,Feb-2000,Current,25727.8,0.0,Dec-2017
8027, 36 months,7.32,A,10+ years,RENT,41013.0,Not Verified,car,19.35,0,21,0,35964,22.7,23,380,Aug-2012,256.42,384,Feb-1986,Fully Paid,9231.05,0.0,Dec-2017
35495, 36 months,27.07,D,5 years,OWN,72718.0,Source Verified,debt_consolidation,21.69,0,3,0,14569,10.9,42,410,Jan-2012,1133.87,414,May-2004,Fully Paid,40819.25,0.0,Dec-2017
12981, 60 months,15.87,E,1 year,MORTGAGE,39608.0,Not Verified,credit_card,14.7,1,7,1,45061,8.4,56,345,Dec-2016,248.8,349,Nov-1997,Fully Paid,14928.15,0.0,Dec-2017
21136, 36 months,23.42,D,10+ years,RENT,18442.0,Not Verified,credit_card,3.7,0,20,0,39776,19.9,38,375,Feb-2014,675.18,379,May-1994,Fully Paid,24306.399999999998,0.0,Dec-2017
38055, 36 months,16.8,E,10+ years,RENT,108431.0,Verified,small_business,17.91,0,21,0,57779,59.2,26,350,Jun-2013,1215.65,354,Feb-1996,Fully Paid,43763.25,0.0,Dec-2017
9560, 36 months,16.47,G,< 1 year,RENT,28853.0,Not Verified,car,22.85,1,10,1,16876,63.7,39,410,Dec-2012,305.39,414,Nov-1985,Fully Paid,10994.0,0.0,Dec-2017
2704, 36 months,27.75,A,5 years,MORTGAGE,43688.0,Verified,debt_consolidation,20.41,0,26,0,43548,65.4,59,405,Feb-2013,86.38,409,May-1995,Fully Paid,3109.6,0.0,Dec-2017
16897, 36 months,9.12,D,1 year,MORTGAGE,72118.0,Source Verified,small_business,16.29,0,3,0,39645,43.8,29,390,Oct-2014,539.77,394,Sep-1991,Fully Paid,19431.55,0.0,Dec-2017
10971, 36 months,24.5,A,< 1 year,MORTGAGE,38661.0,Not Verified,small_business,26.94,4,19,0,33017,9.0,47,405,Aug-2016,350.46,409,Jun-1999,In Grace Period,12616.65,0.0,Dec-2017
39400, 36 months,27.88,E,1 year,RENT,93846.0,Source Verified,debt_consolidation,5.19,0,23,0,9967,64.7,34,355,Jun-2017,1258.61,359,Jan-1994,In Grace Period,45310.0,0.0,Dec-2017
9554, 36 months,20.25,A,1 year,RENT,78732.0,Source Verified,small_business,15.15,0,5,0,36732,47.7,22,330,Jun-2013,305.2,334,Jun-2007,Fully Paid,10987.099999999999,0.0,Dec-2017
28211, 36 months,21.56,E,< 1 year,OWN,43731.0,Not Verified,small_business,22.41,0,27,0,10413,43.4,32,385,Mar-2016,901.18,389,Apr-1990,Fully Paid,32442.649999999998,0.0,Dec-2017
22758, 60 months,12.48,A,10+ years,MORTGAGE,55557.0,Verified,debt_consolidation,37.95,0,20,0,49442,59.5,21,385,Aug-2017,436.2,389,Jun-2011,In Grace Period,26171.699999999997,0.0,Dec-2017
35897, 36 months,27.33,F,1 year,MORTGAGE,40006.0,Verified,credit_card,15.77,1,15,0,27369,50.2,9,380,Feb-2014,1146.71,384,Jan-2004,Fully Paid,41281.549999999996,0.0,Dec-2017
6795, 36 months,10.18,E,5 years,MORTGAGE,73292.0,Source Verified,car,15.21,0,20,0,41915,60.2,27,330,Jun-2015,217.06,334,Apr-1991,Fully Paid,7814.249999999999,0.0,Dec-2017
1146, 60 months,7.63,A,5 years,OWN,33533.0,Source Verified,small_business,11.09,0,2,0,14241,34.3,54,360,Feb-2013,21.96,364,Jul-1992,Fully Paid,1317.8999999999999,0.0,Dec-2017
33913, 36 months,11.46,D,< 1 year,MORTGAGE,228856.0,Source Verified,small_business,23.52,0,23,0,5526,78.6,58,365,Mar-2017,1083.33,369,Dec-1999,Current,38999.95,0.0,Dec-2017
2606, 60 months,25.06,E,,RENT,271842.0,Not Verified,car,12.46,1,25,0,10208,84.4,49,370,Mar-2016,49.95,374,Jul-1994,Fully Paid,2996.8999999999996,0.0,Dec-2017
7267, 36 months,15.93,B,1 year,OWN,206783.0,Not Verified,debt_consolidation,29.85,0,26,0,25666,75.6,55,365,Dec-2015,232.14,369,Jul-1988,Fully Paid,8357.05,0.0,Dec-2017
23316, 60 months,10.91,A,5 years,MORTGAGE,25368.0,Source Verified,car,21.79,0,15,1,27014,58.5,47,345,Apr-2015,446.89,349,Oct-2002,Fully Paid,26813.399999999998,0.0,Dec-2017
36926, 36 months,20.14,E,1 year,RENT,62960.0,Not Verified,car,21.71,0,23,0,47104,36.9,15,390,Aug-2013,1179.58,394,Nov-1993,Fully Paid,42464.899999999994,0.0,Dec-2017
12802, 36 months,11.45,A,< 1 year,MORTGAGE,62549.0,Not Verified,small_business,22.96,0,12,0,47202,0.0,15,405,Apr-2016,408.95,409,Dec-2004,Fully Paid,14722.3,0.0,Dec-2017
10053, 36 months,16.67,C,< 1 year,RENT,110273.0,Verified,car,22.4,1,16,0,13921,57.8,18,355,Aug-2016,321.14,359,Feb-2001,Late (31-120 days),11560.949999999999,0.0,Dec-2017
32805, 36 months,10.42,E,1 year,RENT,64137.0,Source Verified,car,11.38,0,4,0,58670,17.0,16,375,Apr-2012,1047.94,379,Apr-1993,Fully Paid,37725.75,0.0,Dec-2017
36363, 36 months,12.6,C,1 year,RENT,184883.0,Not Verified,debt_consolidation,1.89,0,15,0,48393,25.1,54,370,Apr-2014,1161.6,374,Jun-2005,Fully Paid,41817.45,0.0,Dec-2017
26676, 36 months,10.33,F,10+ years,MORTGAGE,55651.0,Source Verified,small_business,11.13,1,18,0,39592,14.9,34,335,Jan-2013,852.15,339,Feb-1995,Fully Paid,30677.399999999998,0.0,Dec-2017
7850, 36 months,19.59,D,10+ years,MORTGAGE,86603.0,Not Verified,small_business,18.21,1,15,0,57703,8.5,9,335,Jun-2015,250.76,339,Jan-1994,Fully Paid,9027.5,0.0,Dec-2017
17076, 36 months,10.9,D,5 years,RENT,82244.0,Verified,small_business,16.73,0,4,0,42829,63.7,10,350,Dec-2013,545.48,354,May-1988,Fully Paid,19637.399999999998,0.0,Dec-2017
12786, 36 months,27.92,F,< 1 year,RENT,68659.0,Not Verified,credit_card,4.34,0,23,0,53959,45.1,46,345,Aug-2012,408.44,349,Oct-1987,Fully Paid,14703.9,0.0,Dec-2017
24321, 60 months,25.66,D,< 1 year,RENT,23027.0,Verified,debt_consolidation,23.52,0,12,0,49942,9.8,47,330,Oct-2014,466.15,334,Jan-2011,Fully Paid,27969.149999999998,0.0,Dec-2017
1643, 60 months,16.38,A,1 year,RENT,94410.0,Source Verified,car,15.98,1,14,0,44388,76.3,43,375,Nov-2012,31.49,379,Jan-2000,Fully Paid,1889.4499999999998,0.0,Dec-2017
32518, 36 months,23.84,A,5 years,MORTGAGE,47933.0,Not Verified,debt_consolidation,21.38,0,28,0,57092,91.9,52,330,Jun-2015,1038.77,334,Apr-1992,Fully Paid,37395.7,0.0,Dec-2017
31857, 60 months,17.6,F,1 year,OWN,31261.0,Verified,credit_card,6.27,0,20,0,47288,16.5,32,395,Apr-2016,610.59,399,Apr-2011,Fully Paid,36635.549999999996,0.0,Dec-2017
22736, 36 months,22.85,E,5 years,RENT,118291.0,Verified,credit_card,21.01,0,7,0,20662,29.1,10,375,May-2015,726.29,379,Sep-1999,Charged Off,9094.4,1136.8,Dec-2017
31134, 60 months,26.82,B,5 years,MORTGAGE,63441.0,Source Verified,car,25.24,0,9,1,17672,35.1,17,405,Nov-2014,596.73,409,Sep-2008,Fully Paid,35804.1,0.0,Dec-2017
3398, 36 months,20.05,B,5 years,MORTGAGE,257210.0,Source Verified,debt_consolidation,25.52,0,27,0,33022,25.0,50,410,Apr-2015,108.55,414,Jun-1996,Fully Paid,3907.7,0.0,Dec-2017
34057, 36 months,26.51,G,5 years,RENT,65221.0,Not Verified,debt_consolidation,15.98,0,24,0,39186,85.2,57,365,Jul-2015,1087.93,369,Mar-2003,Fully Paid,39165.549999999996,0.0,Dec-2017
15231, 36 months,9.78,D,5 years,OWN,60747.0,Not Verified,car,16.29,0,29,0,37295,15.3,37,365,May-2015,486.55,369,Dec-1994,Fully Paid,17515.649999999998,0.0,Dec-2017
7135, 36 months,23.13,D,1 year,MORTGAGE,60296.0,Source Verified,car,4.41,0,9,0,30159,19.7,50,380,Apr-2013,227.92,384,Apr-1994,Fully Paid,8205.25,0.0,Dec-2017
17898, 60 months,14.19,C,5 years,OWN,161407.0,Not Verified,debt_consolidation,28.49,0,21,0,33177,55.1,23,375,Jul-2014,343.04,379,Feb-1987,Fully Paid,20582.699999999997,0.0,Dec-2017
18739, 36 months,20.97,F,1 year,MORTGAGE,22751.0,Not Verified,credit_card,15.31,0,9,0,27292,54.7,30,355,Oct-2013,598.61,359,May-1990,Fully Paid,21549.85,0.0,Dec-2017
12755, 60 months,14.28,B,,RENT,33858.0,Verified,debt_consolidation,36.63,0,9,0,37840,0.9,56,420,Sep-2013,244.47,424,Oct-2000,Fully Paid,14668.249999999998,0.0,Dec-2017
10718, 60 months,9.71,A,,RENT,13449.0,Source Verified,small_business,23.6,0,10,0,4438,23.9,34,335,Jan-2013,205.43,339,Nov-1987,Fully Paid,12325.699999999999,0.0,Dec-2017
22933, 36 months,26.25,B,10+ years,OWN,57611.0,Source Verified,debt_consolidation,9.46,1,3,0,27176,90.4,33,415,Feb-2015,732.58,419,Dec-1999,Fully Paid,26372.949999999997,0.0,Dec-2017
4501, 60 months,8.5,B,< 1 year,RENT,32142.0,Not Verified,car,30.41,0,3,0,6291,9.6,25,390,Feb-2013,86.27,394,Mar-2002,Fully Paid,5176.15,0.0,Dec-2017
28483, 36 months,24.32,D,5 years,MORTGAGE,51122.0,Source Verified,car,16.4,0,2,0,30124,72.1,26,350,Sep-2012,909.87,354,Jul-1989,Fully Paid,32755.449999999997,0.0,Dec-2017
32777, 36 months,7.58,F,< 1 year,MORTGAGE,81388.0,Not Verified,debt_consolidation,14.45,0,15,0,42919,3.4,15,375,Dec-2017,1047.04,379,Aug-1994,In Grace Period,37693.549999999996,0.0,Dec-2017
25942, 36 months,27.9,A,5 years,MORTGAGE,36721.0,Source Verified,credit_card,27.47,1,9,0,17926,0.8,4,400,Jun-2016,828.7,404,Mar-2006,In Grace Period,29833.3,0.0,Dec-2017
19040, 36 months,15.91,E,10+ years,OWN,50431.0,Source Verified,debt_consolidation,16.09,1,28,1,39682,26.7,26,335,Jan-2012,608.22,339,Feb-1987,Fully Paid,21896.0,0.0,Dec-2017
13952, 36 months,17.82,G,1 year,RENT,40184.0,Not Verified,small_business,20.77,0,26,0,31709,22.3,23,335,Sep-2017,445.69,339,Nov-2003,Fully Paid,16044.8,0.0,Dec-2017
30528, 36 months,24.73,B,1 year,MORTGAGE,65766.0,Verified,car,16.73,0,11,0,51074,62.8,20,335,Jul-2014,975.2,339,Oct-1990,Fully Paid,35107.2,0.0,Dec-2017
32476, 60 months,16.69,F,< 1 year,RENT,40979.0,Source Verified,credit_card,25.77,0,15,0,1814,71.2,58,330,Apr-2012,622.46,334,Mar-1984,Fully Paid,37347.399999999994,0.0,Dec-2017
4086, 60 months,8.68,F,,MORTGAGE,179990.0,Not Verified,debt_consolidation,19.34,1,22,0,46541,30.7,50,415,Jan-2017,78.31,419,Feb-1997,Fully Paid,4698.9,0.0,Dec-2017
23364, 36 months,18.02,G,,MORTGAGE,40304.0,Source Verified,small_business,24.56,0,28,0,16947,67.4,4,375,Sep-2016,746.35,379,Aug-2001,Current,9345.6,1168.2,Dec-2017
12175, 60 months,26.38,E,< 1 year,RENT,52819.0,Source Verified,credit_card,0.14,1,16,0,47493,86.2,42,340,Jan-2014,233.35,344,Oct-2009,Fully Paid,14001.249999999998,0.0,Dec-2017
20166, 36 months,17.04,G,5 years,RENT,69029.0,Not Verified,credit_card,24.17,0,21,0,34007,5.7,33,415,May-2013,644.19,419,Dec-1990,Fully Paid,23190.899999999998,0.0,Dec-2017
10095, 36 months,7.41,D,1 year,OWN,46578.0,Verified,credit_card,18.45,0,26,0,45251,69.0,47,405,Sep-2014,322.48,409,Aug-2002,Fully Paid,11609.25,0.0,Dec-2017
8275, 36 months,17.46,E,< 1 year,RENT,53419.0,Not Verified,debt_consolidation,27.38,0,21,0,20660,25.3,39,385,Jan-2014,264.34,389,Aug-2005,Fully Paid,9516.25,0.0,Dec-2017
35627, 36 months,19.28,E,< 1 year,MORTGAGE,130446.0,Source Verified,credit_card,16.74,0,19,0,15307,22.7,56,375,Oct-2013,1138.08,379,Feb-1990,Charged Off,14250.800000000001,1781.3500000000001,Dec-2017
38083, 60 months,23.9,B,< 1 year,RENT,33510.0,Source Verified,credit_card,17.63,0,12,0,35321,51.8,34,380,Mar-2012,729.92,384,May-1983,Fully Paid,43795.45,0.0,Dec-2017
19931, 60 months,19.4,D,10+ years,MORTGAGE,41385.0,Verified,debt_consolidation,4.76,0,13,0,47179,83.8,16,345,Sep-2016,382.01,349,Sep-1992,Charged Off,7972.400000000001,996.5500000000001,Dec-2017
6488, 36 months,26.55,A,1 year,RENT,295636.0,Source Verified,credit_card,14.14,0,21,1,20589,78.1,18,400,Oct-2017,207.26,404,Sep-2006,In Grace Period,7461.2,0.0,Dec-2017
13633, 36 months,10.22,A,5 years,OWN,81454.0,Verified,credit_card,14.98,0,4,0,45605,2.3,15,365,Apr-2014,435.5,369,Nov-2011,Fully Paid,15677.949999999999,0.0,Dec-2017
13715, 36 months,22.5,D,1 year,MORTGAGE,34158.0,Source Verified,debt_consolidation,26.47,0,11,0,814,53.4,27,385,May-2015,438.12,389,May-2005,Fully Paid,15772.249999999998,0.0,Dec-2017
20403, 36 months,25.4,C,1 year,OWN,85740.0,Not Verified,debt_consolidation,13.52,0,15,0,47382,85.9,30,385,Sep-2014,651.76,389,Jan-2006,Fully Paid,23463.449999999997,0.0,Dec-2017
26181, 36 months,10.94,A,,OWN,23754.0,Verified,debt_consolidation,26.21,0,10,0,1421,57.9,7,355,Jun-2012,836.34,359,Apr-2000,Fully Paid,30108.149999999998,0.0,Dec-2017
14069, 60 months,24.36,B,10+ years,MORTGAGE,27581.0,Not Verified,credit_card,21.12,0,21,0,27856,67.4,16,420,Jun-2013,269.66,424,Aug-1985,Fully Paid,16179.349999999999,0.0,Dec-2017
29486, 36 months,20.29,C,5 years,RENT,76564.0,Not Verified,small_business,23.78,0,13,0,18309,31.8,16,370,Dec-2013,941.91,374,Sep-2010,Fully Paid,33908.899999999994,0.0,Dec-2017
2232, 36 months,26.13,G,,RENT,44515.0,Not Verified,debt_consolidation,27.82,1,24,0,5936,43.5,10,345,Jun-2014,71.3,349,Mar-2010,Fully Paid,2566.7999999999997,0.0,Dec-2017
5872, 36 months,13.32,A,5 years,RENT,101404.0,Not Verified,credit_card,9.02,0,22,0,12700,84.5,29,330,Nov-2017,187.58,334,Dec-1995,Late (31-120 days),6752.799999999999,0.0,Dec-2017
37282, 60 months,8.74,D,1 year,OWN,59921.0,Source Verified,small_business,13.14,0,14,0,22948,90.7,38,385,Nov-2015,714.57,389,May-2010,Fully Paid,42874.299999999996,0.0,Dec-2017
36867, 36 months,23.59,C,< 1 year,OWN,87086.0,Verified,car,10.99,1,15,0,1296,15.4,31,375,May-2012,1177.7,379,May-2008,Fully Paid,42397.049999999996,0.0,Dec-2017
29509, 36 months,21.25,D,,OWN,103713.0,Source Verified,debt_consolidation,7.38,0,19,0,10843,83.5,43,395,Sep-2016,942.65,399,Sep-1993,In Grace Period,33935.35,0.0,Dec-2017
38772, 60 months,13.26,D,1 year,MORTGAGE,56081.0,Verified,small_business,6.55,0,21,0,16659,13.2,43,405,Jul-2017,743.13,409,Sep-2006,In Grace Period,44587.799999999996,0.0,Dec-2017
36191, 36 months,23.45,C,5 years,OWN,65383.0,Verified,car,16.49,0,7,0,9354,48.7,42,360,Jan-2014,1156.1,364,Feb-2003,Fully Paid,41619.649999999994,0.0,Dec-2017
34169, 36 months,6.95,G,,RENT,43570.0,Verified,car,2.98,1,17,0,9772,10.0,36,345,Sep-2013,1091.51,349,Jul-2002,Fully Paid,39294.35,0.0,Dec-2017
11792, 36 months,26.19,G,10+ years,OWN,93596.0,Source Verified,debt_consolidation,19.62,1,21,0,48131,6.5,26,405,Jan-2012,376.69,409,Nov-1988,Fully Paid,13560.8,0.0,Dec-2017
25772, 36 months,19.43,G,,RENT,58135.0,Not Verified,credit_card,23.87,1,19,0,47673,47.1,42,335,Jun-2012,823.27,339,Jun-1992,Charged Off,10308.800000000001,1288.6000000000001,Dec-2017
37403, 36 months,20.38,C,10+ years,RENT,61271.0,Verified,car,16.68,0,26,0,45272,99.5,42,350,Jun-2015,1194.82,354,May-1993,Fully Paid,43013.45,0.0,Dec-2017
22236, 60 months,26.38,D,,OWN,67811.0,Not Verified,debt_consolidation,29.74,0,8,0,36320,99.4,12,390,Sep-2015,426.19,394,Feb-1989,Charged Off,8894.4,1111.8,Dec-2017
27867, 36 months,25.73,A,,MORTGAGE,139724.0,Source Verified,small_business,25.73,1,27,0,19930,1.6,47,350,Jun-2013,890.2,354,Jul-2005,Fully Paid,32047.05,0.0,Dec-2017
38315, 36 months,24.45,C,,RENT,74166.0,Source Verified,credit_card,5.66,1,11,1,30180,34.6,33,415,May-2017,1223.95,419,Jul-2014,Fully Paid,44062.25,0.0,Dec-2017
37143, 36 months,25.06,A,,MORTGAGE,169926.0,Verified,credit_card,13.58,0,15,0,20403,14.3,33,385,Jun-2016,1186.51,389,Feb-2003,Fully Paid,42714.45,0.0,Dec-2017
28257, 36 months,22.74,G,5 years,RENT,21237.0,Not Verified,credit_card,34.57,0,10,0,38093,11.7,25,415,Mar-2014,902.65,419,Apr-2000,Fully Paid,32495.55,0.0,Dec-2017
39641, 36 months,13.82,F,,MORTGAGE,186530.0,Verified,small_business,13.73,1,20,0,4186,63.8,37,400,Sep-2015,1266.31,404,Aug-1995,Fully Paid,45587.149999999994,0.0,Dec-2017
35612, 36 months,15.64,E,< 1 year,OWN,33531.0,Verified,credit_card,20.98,0,7,0,33861,79.4,58,345,Jan-2014,1137.61,349,Feb-2002,Fully Paid,40953.799999999996,0.0,Dec-2017
19085, 36 months,19.54,D,5 years,OWN,41684.0,Not Verified,debt_consolidation,16.85,0,26,0,44097,48.3,49,335,Apr-2012,609.66,339,Feb-1989,Fully Paid,21947.75,0.0,Dec-2017
28314, 36 months,26.46,F,10+ years,OWN,41515.0,Source Verified,small_business,22.31,1,12,0,19984,75.1,45,340,Jul-2013,904.47,344,Jun-2003,Fully Paid,32561.1,0.0,Dec-2017
28269, 60 months,22.71,E,< 1 year,MORTGAGE,35887.0,Not Verified,debt_consolidation,19.57,1,3,0,4664,42.0,54,420,May-2015,541.82,424,May-1990,Fully Paid,32509.35,0.0,Dec-2017
1587, 60 months,8.03,G,5 years,RENT,40470.0,Not Verified,car,20.45,0,20,0,27479,15.6,47,420,Nov-2013,30.42,424,Jan-1997,Fully Paid,1825.05,0.0,Dec-2017
1993, 60 months,19.32,C,1 year,MORTGAGE,29045.0,Not Verified,debt_consolidation,7.73,0,16,0,15158,81.8,42,395,Nov-2014,38.2,399,Jun-2007,Fully Paid,2291.95,0.0,Dec-2017
10299, 60 months,19.66,D,< 1 year,OWN,25344.0,Verified,car,31.89,0,6,0,37464,89.5,52,395,May-2012,197.4,399,Sep-1996,Fully Paid,11843.849999999999,0.0,Dec-2017
26934, 60 months,7.04,B,< 1 year,OWN,60742.0,Verified,car,7.0,1,20,0,29386,1.5,27,355,Mar-2017,516.23,359,Jun-1989,Current,30974.1,0.0,Dec-2017
25467, 36 months,6.73,A,10+ years,RENT,47374.0,Source Verified,small_business,17.86,0,11,0,26920,73.1,40,370,Jan-2015,813.53,374,Oct-1993,Fully Paid,29287.05,0.0,Dec-2017
19515, 60 months,17.2,C,10+ years,RENT,62024.0,Not Verified,debt_consolidation,25.65,0,26,0,4397,71.9,7,390,Mar-2017,374.04,394,Apr-2000,Current,22442.25,0.0,Dec-2017
33716, 60 months,11.55,E,1 year,MORTGAGE,61295.0,Source Verified,credit_card,29.45,1,28,0,5708,14.7,45,340,Jan-2014,646.22,344,Oct-1984,Fully Paid,38773.399999999994,0.0,Dec-2017
21486, 60 months,21.06,D,,MORTGAGE,108809.0,Verified,car,16.64,0,5,0,36647,70.2,53,395,Oct-2015,411.82,399,Apr-2009,Fully Paid,24708.899999999998,0.0,Dec-2017
29120, 60 months,24.98,B,< 1 year,MORTGAGE,33292.0,Not Verified,credit_card,8.21,1,19,0,26107,95.6,48,420,Dec-2012,558.13,424,Aug-2002,Fully Paid,33488.0,0.0,Dec-2017
23077, 60 months,21.27,A,< 1 year,MORTGAGE,28608.0,Verified,debt_consolidation,16.37,0,11,0,53459,95.2,26,380,Apr-2017,442.31,384,Jul-1990,Fully Paid,26538.55,0.0,Dec-2017
23546, 36 months,15.69,D,10+ years,MORTGAGE,13695.0,Source Verified,credit_card,9.96,0,10,0,34919,8.4,27,345,Apr-2016,752.16,349,Dec-2003,Fully Paid,27077.899999999998,0.0,Dec-2017
18948, 36 months,7.97,E,5 years,OWN,38355.0,Verified,credit_card,22.91,0,22,0,18203,100.0,51,335,Jul-2017,605.28,339,Jun-2010,Current,21790.199999999997,0.0,Dec-2017
5515, 60 months,27.44,B,,MORTGAGE,47182.0,Not Verified,car,18.24,1,7,0,32742,55.6,45,410,May-2017,105.7,414,Dec-1988,Late (31-120 days),2206.0,275.75,Dec-2017
14099, 36 months,9.17,C,10+ years,OWN,170207.0,Not Verified,car,18.91,0,24,0,31465,12.6,16,370,Sep-2013,450.38,374,Jul-2005,Fully Paid,16213.849999999999,0.0,Dec-2017
22796, 60 months,19.44,F,< 1 year,MORTGAGE,51787.0,Not Verified,debt_consolidation,29.16,0,10,0,24096,35.2,21,395,Nov-2016,436.92,399,Nov-2001,Current,26215.399999999998,0.0,Dec-2017
24477, 36 months,22.75,C,,MORTGAGE,79479.0,Not Verified,small_business,23.55,0,29,0,22527,51.3,38,355,Sep-2013,781.9,359,Jan-2007,Fully Paid,28148.55,0.0,Dec-2017
14423, 60 months,15.94,G,10+ years,RENT,134099.0,Not Verified,car,16.47,1,20,0,7889,71.4,26,405,Oct-2012,276.44,409,Jul-2006,Fully Paid,16586.449999999997,0.0,Dec-2017
24731, 36 months,18.59,A,,RENT,110394.0,Verified,debt_consolidation,10.77,0,7,0,22188,83.3,53,355,Aug-2014,790.02,359,May-2000,Fully Paid,28440.649999999998,0.0,Dec-2017
22557, 36 months,6.35,B,10+ years,OWN,73321.0,Verified,debt_consolidation,18.18,0,19,1,17338,95.7,8,340,Jun-2017,720.57,344,Dec-2011,Current,25940.55,0.0,Dec-2017
8260, 60 months,11.2,G,< 1 year,MORTGAGE,151306.0,Not Verified,car,9.98,0,27,0,48195,28.6,12,335,Feb-2017,158.32,339,Mar-2010,Late (31-120 days),9499.0,0.0,Dec-2017
21671, 36 months,16.85,C,5 years,OWN,64348.0,Verified,small_business,12.13,0,16,0,13766,23.8,19,340,Jun-2014,692.27,344,Nov-1995,Fully Paid,24921.649999999998,0.0,Dec-2017
4282, 36 months,20.86,C,,RENT,220735.0,Verified,car,6.58,0,12,0,10834,67.9,30,345,Jan-2017,136.79,349,Feb-1996,Fully Paid,4924.299999999999,0.0,Dec-2017
31648, 60 months,13.77,A,5 years,RENT,61668.0,Source Verified,debt_consolidation,24.19,0,28,0,4024,54.7,33,340,Jun-2017,606.59,344,Sep-2005,Late (31-120 days),36395.2,0.0,Dec-2017
36091, 36 months,26.23,E,1 year,RENT,32152.0,Verified,debt_consolidation,16.24,0,3,0,12180,62.5,13,355,Feb-2017,1152.91,359,Feb-1999,Late (31-120 days),14436.400000000001,1804.5500000000002,Dec-2017
34550, 36 months,22.93,A,5 years,MORTGAGE,91477.0,Source Verified,car,28.29,0,11,0,31477,43.8,29,385,Jul-2012,1103.68,389,Apr-1991,Fully Paid,39732.5,0.0,Dec-2017
14898, 36 months,14.93,F,10+ years,OWN,33241.0,Not Verified,car,18.07,0,20,0,5500,7.3,59,400,Aug-2013,475.91,404,Jan-1987,Fully Paid,17132.699999999997,0.0,Dec-2017
1054, 36 months,12.92,G,,MORTGAGE,41277.0,Source Verified,debt_consolidation,35.72,1,29,0,26926,22.8,11,385,Nov-2017,33.67,389,Sep-1994,Fully Paid,1212.1,0.0,Dec-2017
20645, 36 months,6.7,D,10+ years,RENT,48835.0,Verified,small_business,24.15,0,14,0,41749,53.6,39,400,Apr-2017,659.49,404,Dec-1996,Fully Paid,23741.749999999996,0.0,Dec-2017
19060, 60 months,20.38,E,1 year,MORTGAGE,80381.0,Verified,debt_consolidation,18.08,0,7,1,34532,32.8,21,335,Jul-2012,365.32,339,Aug-1986,Fully Paid,21919.0,0.0,Dec-2017
19019, 60 months,11.47,F,10+ years,OWN,181248.0,Not Verified,credit_card,15.12,0,6,0,45467,23.7,4,345,Feb-2012,364.53,349,Nov-1998,Fully Paid,21871.85,0.0,Dec-2017
27686, 60 months,26.3,C,,RENT,41726.0,Source Verified,debt_consolidation,12.84,0,21,0,8003,60.9,46,345,Jun-2016,530.65,349,Jun-2007,Fully Paid,31838.899999999998,0.0,Dec-2017
2271, 36 months,16.66,F,< 1 year,OWN,98823.0,Not Verified,small_business,7.01,1,29,0,18536,17.6,5,360,Jul-2014,72.55,364,Oct-1993,Fully Paid,2611.6499999999996,0.0,Dec-2017
14837, 36 months,13.91,D,10+ years,RENT,61604.0,Not Verified,car,16.86,0,16,1,24748,16.1,6,410,Apr-2016,473.96,414,Jun-2010,Fully Paid,17062.55,0.0,Dec-2017
25286, 36 months,8.82,A,5 years,RENT,136653.0,Source Verified,car,0.0,0,28,1,8760,17.7,58,385,May-2017,807.75,389,Aug-1996,Fully Paid,29078.899999999998,0.0,Dec-2017
31843, 36 months,26.41,B,5 years,MORTGAGE,42025.0,Source Verified,debt_consolidation,19.89,1,11,0,57610,32.3,58,355,Jul-2016,1017.21,359,Oct-2007,Fully Paid,36619.45,0.0,Dec-2017
16096, 36 months,16.4,A,10+ years,MORTGAGE,83537.0,Source Verified,credit_card,4.95,0,23,0,27622,29.2,29,340,Jul-2014,514.18,344,May-1988,Fully Paid,18510.399999999998,0.0,Dec-2017
1279, 36 months,20.5,C,< 1 year,RENT,149289.0,Verified,car,7.57,0,6,0,44646,62.5,44,350,Jun-2013,40.86,354,Dec-1998,Fully Paid,1470.85,0.0,Dec-2017
8987, 60 months,15.02,B,5 years,OWN,41498.0,Not Verified,small_business,12.97,0,6,1,27473,30.9,55,410,Jan-2017,172.25,414,Mar-1994,In Grace Period,10335.05,0.0,Dec-2017
7429, 60 months,15.97,A,10+ years,MORTGAGE,29122.0,Source Verified,car,13.32,0,27,0,36780,19.4,9,400,Jun-2016,142.39,404,Nov-1999,In Grace Period,8543.349999999999,0.0,Dec-2017
22502, 60 months,7.09,F,,RENT,26484.0,Verified,debt_consolidation,11.18,0,9,0,27319,54.2,15,330,Jan-2014,431.29,334,Jul-1984,Fully Paid,25877.3,0.0,Dec-2017
22202, 36 months,27.55,C,1 year,MORTGAGE,44511.0,Verified,car,11.4,0,5,0,10000,98.1,6,395,Jan-2015,709.23,399,Jul-2009,Fully Paid,25532.3,0.0,Dec-2017
1009, 60 months,11.26,F,5 years,MORTGAGE,22350.0,Verified,car,14.49,1,16,0,54499,17.6,15,355,Aug-2012,19.34,359,May-1989,Fully Paid,1160.35,0.0,Dec-2017
3383, 60 months,26.76,E,,RENT,42490.0,Source Verified,small_business,17.14,0,3,0,32361,82.4,35,345,Apr-2012,64.84,349,Mar-1990,Fully Paid,3890.45,0.0,Dec-2017
9511, 36 months,20.91,B,,MORTGAGE,80404.0,Not Verified,credit_card,18.2,0,26,0,48710,76.8,31,335,Jul-2014,303.82,339,Dec-1990,Fully Paid,10937.65,0.0,Dec-2017
27130, 36 months,24.14,G,1 year,MORTGAGE,52003.0,Not Verified,small_business,23.14,0,2,0,5554,61.4,16,385,Aug-2012,866.65,389,Apr-1987,Fully Paid,31199.499999999996,0.0,Dec-2017
13058, 36 months,21.94,A,5 years,MORTGAGE,107787.0,Not Verified,small_business,19.58,0,27,0,35924,32.7,31,390,Jan-2016,417.13,394,Dec-1993,Fully Paid,15016.699999999999,0.0,Dec-2017
36973, 36 months,18.45,C,< 1 year,RENT,23687.0,Verified,small_business,21.5,1,7,0,54549,47.8,16,350,Sep-2013,1181.08,354,Mar-1990,Fully Paid,42518.95,0.0,Dec-2017
2386, 60 months,6.68,B,1 year,RENT,92022.0,Source Verified,car,15.03,1,13,0,22723,53.7,7,345,Dec-2017,45.73,349,Feb-2001,Current,2743.8999999999996,0.0,Dec-2017
33537, 60 months,17.25,F,10+ years,MORTGAGE,21422.0,Source Verified,debt_consolidation,8.08,0,9,0,44327,0.1,51,360,Jan-2017,642.79,364,May-1994,Charged Off,13414.800000000001,1676.8500000000001,Dec-2017
14001, 36 months,16.33,B,,MORTGAGE,30434.0,Not Verified,car,13.65,0,3,0,26411,93.5,31,355,Nov-2013,447.25,359,May-2005,Fully Paid,16101.15,0.0,Dec-2017
28302, 36 months,8.42,C,< 1 year,OWN,116903.0,Source Verified,small_business,24.91,0,22,0,5575,92.5,7,335,Jul-2014,904.09,339,Oct-1995,Fully Paid,32547.3,0.0,Dec-2017
34739, 36 months,17.34,A,< 1 year,MORTGAGE,79602.0,Verified,credit_card,10.68,0,22,0,56065,23.8,8,380,May-2017,1109.72,384,Jul-1996,Late (31-120 days),39949.85,0.0,Dec-2017
36633, 36 months,16.14,B,5 years,RENT,23536.0,Verified,small_business,22.58,1,19,0,48801,32.9,5,405,Aug-2013,1170.22,409,Sep-1998,Fully Paid,42127.95,0.0,Dec-2017
10130, 60 months,23.57,C,1 year,OWN,26263.0,Not Verified,small_business,13.66,2,8,0,58314,95.0,9,330,Sep-2017,194.16,334,Mar-2012,Late (31-120 days),11649.5,0.0,Dec-2017
29187, 36 months,10.23,B,1 year,OWN,54076.0,Verified,car,20.05,2,21,0,22611,6.4,32,370,Mar-2015,932.36,374,Mar-2013,Fully Paid,33565.049999999996,0.0,Dec-2017
1740, 36 months,13.9,C,,OWN,72978.0,Not Verified,car,18.74,0,29,0,33736,51.5,6,375,Jun-2012,55.58,379,Aug-2008,Fully Paid,2000.9999999999998,0.0,Dec-2017
28220, 60 months,17.56,B,1 year,OWN,189365.0,Not Verified,small_business,17.85,0,20,0,1626,94.8,27,365,Dec-2013,540.88,369,Aug-1998,Fully Paid,32452.999999999996,0.0,Dec-2017
18391, 60 months,20.63,B,10+ years,RENT,50971.0,Verified,car,9.99,0,24,0,4785,94.9,25,385,Dec-2012,352.49,389,Aug-1986,Fully Paid,21149.649999999998,0.0,Dec-2017
1134, 36 months,21.95,D,1 year,MORTGAGE,14614.0,Verified,debt_consolidation,6.93,0,2,0,34953,75.8,47,330,Nov-2013,36.22,334,Mar-1995,Fully Paid,1304.1,0.0,Dec-2017
8479, 60 months,14.73,E,,OWN,58726.0,Source Verified,car,25.35,0,7,0,21379,6.2,32,420,May-2016,162.51,424,Sep-2007,Fully Paid,9750.849999999999,0.0,Dec-2017
8420, 36 months,20.58,A,5 years,MORTGAGE,48845.0,Source Verified,car,31.01,1,24,0,56948,47.6,13,370,Mar-2013,268.97,374,Sep-1995,Fully Paid,9683.0,0.0,Dec-2017
38410, 36 months,23.23,E,5 years,MORTGAGE,31891.0,Source Verified,small_business,10.95,0,25,0,13009,72.9,39,385,Jul-2014,1226.99,389,Nov-1993,Fully Paid,44171.5,0.0,Dec-2017
27316, 36 months,26.28,C,,OWN,35291.0,Verified,car,14.48,2,25,0,26758,94.8,29,395,Feb-2014,872.59,399,Dec-2007,Fully Paid,31413.399999999998,0.0,Dec-2017
15889, 60 months,8.87,B,1 year,MORTGAGE,58181.0,Source Verified,credit_card,9.65,0,5,0,54632,71.4,39,330,Dec-2017,304.54,334,Oct-1995,Late (31-120 days),18272.35,0.0,Dec-2017
31683, 60 months,22.88,G,1 year,MORTGAGE,92988.0,Verified,small_business,9.57,0,4,0,9285,61.1,19,370,Dec-2012,607.26,374,Oct-2010,Charged Off,12673.2,1584.15,Dec-2017
25941, 36 months,19.5,E,< 1 year,MORTGAGE,59439.0,Source Verified,small_business,19.25,0,26,0,40843,14.9,6,420,Mar-2013,828.67,424,May-2005,Fully Paid,29832.149999999998,0.0,Dec-2017
38713, 36 months,8.21,G,< 1 year,MORTGAGE,67552.0,Source Verified,debt_consolidation,15.82,1,28,0,44696,6.5,29,415,Jun-2015,1236.67,419,May-1997,Fully Paid,44519.95,0.0,Dec-2017
33741, 36 months,21.93,C,1 year,OWN,65809.0,Not Verified,small_business,8.72,0,14,0,25545,47.2,39,345,Mar-2013,1077.84,349,Apr-2003,Fully Paid,38802.149999999994,0.0,Dec-2017
31419, 60 months,8.33,F,,OWN,31763.0,Source Verified,small_business,25.09,0,18,0,8640,2.4,39,360,Apr-2014,602.2,364,Mar-2009,Fully Paid,36131.85,0.0,Dec-2017
7143, 60 months,9.6,F,10+ years,RENT,68056.0,Not Verified,credit_card,30.94,0,16,0,23130,33.6,51,405,Dec-2012,136.91,409,May-1986,Fully Paid,8214.449999999999,0.0,Dec-2017
11435, 60 months,24.1,C,5 years,RENT,36959.0,Verified,car,15.5,0,10,0,13886,35.2,51,340,Mar-2012,219.17,344,Sep-1991,Fully Paid,13150.249999999998,0.0,Dec-2017
27474, 60 months,16.86,E,,MORTGAGE,322235.0,Source Verified,debt_consolidation,25.88,1,16,0,52534,15.6,10,365,Oct-2015,526.58,369,Nov-2009,Fully Paid,31595.1,0.0,Dec-2017
14899, 36 months,19.34,E,1 year,MORTGAGE,145323.0,Source Verified,credit_card,13.49,0,18,0,33945,53.4,59,385,Apr-2013,475.94,389,Oct-2002,Fully Paid,17133.85,0.0,Dec-2017
38284, 60 months,21.61,F,10+ years,OWN,77533.0,Source Verified,credit_card,7.27,0,2,0,42257,45.0,31,335,Jan-2013,733.78,339,Jan-1994,Fully Paid,44026.6,0.0,Dec-2017
32106, 60 months,21.99,E,1 year,MORTGAGE,52128.0,Verified,car,17.48,0,27,0,4308,67.6,54,420,Nov-2014,615.36,424,Oct-1985,Fully Paid,36921.899999999994,0.0,Dec-2017
38279, 36 months,18.76,F,< 1 year,OWN,204130.0,Verified,small_business,3.57,0,13,0,17101,67.6,14,410,Nov-2014,1222.8,414,May-1990,Fully Paid,44020.85,0.0,Dec-2017
21804, 60 months,26.33,A,10+ years,MORTGAGE,84999.0,Verified,debt_consolidation,15.75,0,8,0,46788,34.9,5,370,Aug-2013,417.91,374,Nov-1987,Fully Paid,25074.6,0.0,Dec-2017
1934, 36 months,27.31,F,< 1 year,OWN,145842.0,Not Verified,small_business,18.91,0,24,0,15632,56.6,42,375,Jul-2013,61.78,379,Sep-2009,Fully Paid,2224.1,0.0,Dec-2017
10361, 36 months,24.6,D,5 years,MORTGAGE,81892.0,Verified,credit_card,17.37,0,22,0,9532,57.0,28,400,Apr-2017,330.98,404,Apr-2006,Current,4144.400000000001,518.0500000000001,Dec-2017
13763, 36 months,15.16,C,5 years,RENT,82469.0,Not Verified,credit_card,14.99,1,18,0,33624,0.4,58,380,May-2017,439.65,384,Aug-1990,In Grace Period,15827.449999999999,0.0,Dec-2017
13947, 60 months,22.88,D,5 years,MORTGAGE,76334.0,Not Verified,debt_consolidation,25.59,0,4,0,23472,39.7,54,375,May-2012,267.32,379,Jun-2007,Fully Paid,16039.05,0.0,Dec-2017
35946, 36 months,24.02,E,5 years,RENT,36590.0,Source Verified,debt_consolidation,14.12,1,26,0,3091,94.1,49,360,Oct-2012,1148.27,364,Apr-2007,Fully Paid,41337.899999999994,0.0,Dec-2017
14438, 36 months,26.55,E,,OWN,32645.0,Source Verified,debt_consolidation,20.19,0,13,0,45191,5.1,53,340,Nov-2015,461.21,344,Aug-1988,Fully Paid,16603.699999999997,0.0,Dec-2017
34718, 36 months,12.28,F,< 1 year,MORTGAGE,48788.0,Verified,car,20.13,0,23,0,32802,37.5,9,335,Mar-2017,1109.05,339,Jan-1995,Fully Paid,39925.7,0.0,Dec-2017
19402, 36 months,26.14,F,,RENT,161955.0,Source Verified,debt_consolidation,9.88,0,10,0,51154,1.4,14,365,Feb-2017,619.79,369,Apr-1997,Fully Paid,22312.3,0.0,Dec-2017
10589, 36 months,16.26,G,10+ years,MORTGAGE,27988.0,Not Verified,car,15.71,0,3,0,56507,46.7,28,420,Aug-2017,338.26,424,Feb-1996,Fully Paid,12177.349999999999,0.0,Dec-2017
39436, 36 months,19.69,F,,OWN,94216.0,Source Verified,small_business,16.54,1,22,0,571,9.7,12,360,Jul-2017,1259.76,364,Mar-2009,Late (31-120 days),45351.399999999994,0.0,Dec-2017
31414, 36 months,9.74,E,1 year,RENT,78373.0,Not Verified,debt_consolidation,15.18,0,12,0,16544,78.9,15,330,Sep-2015,1003.5,334,Jun-2000,Fully Paid,36126.1,0.0,Dec-2017
15483, 60 months,21.83,A,< 1 year,RENT,44743.0,Not Verified,credit_card,13.33,0,29,0,27603,52.0,4,415,Nov-2014,296.76,419,Nov-1989,Fully Paid,17805.449999999997,0.0,Dec-2017
24586, 36 months,16.91,F,1 year,MORTGAGE,123773.0,Verified,small_business,4.46,0,27,0,41052,92.4,35,415,Oct-2012,785.39,419,Oct-1991,Fully Paid,28273.899999999998,0.0,Dec-2017
11523, 36 months,18.76,G,,MORTGAGE,118498.0,Verified,debt_consolidation,20.72,0,7,0,59873,75.8,36,345,Jun-2014,368.1,349,Mar-2004,Fully Paid,13251.449999999999,0.0,Dec-2017
27707, 36 months,14.63,A,10+ years,OWN,65739.0,Not Verified,small_business,7.91,0,29,0,58965,85.6,29,420,Sep-2013,885.08,424,Jun-1985,Fully Paid,31863.05,0.0,Dec-2017
16283, 36 months,16.86,F,10+ years,MORTGAGE,32306.0,Verified,debt_consolidation,27.89,0,26,1,26829,76.5,42,380,Mar-2012,520.15,384,Mar-1997,Fully Paid,18725.449999999997,0.0,Dec-2017
2390, 60 months,21.62,B,1 year,OWN,59341.0,Source Verified,car,10.49,0,22,0,48834,35.7,57,355,Jul-2013,45.81,359,Mar-1994,Fully Paid,2748.5,0.0,Dec-2017
32612, 36 months,15.38,C,< 1 year,RENT,66276.0,Not Verified,credit_card,21.55,0,2,0,55467,22.9,54,360,Oct-2014,1041.77,364,Feb-1986,Fully Paid,37503.799999999996,0.0,Dec-2017
15154, 36 months,24.52,F,,OWN,36312.0,Source Verified,credit_card,25.79,1,20,1,10234,52.9,51,345,Oct-2013,484.09,349,Oct-1988,Fully Paid,17427.1,0.0,Dec-2017
4012, 60 months,24.04,A,< 1 year,OWN,42974.0,Not Verified,car,18.88,1,4,0,42141,46.4,24,375,Nov-2015,76.9,379,Apr-2011,Fully Paid,4613.799999999999,0.0,Dec-2017
15228, 36 months,15.49,C,< 1 year,OWN,35796.0,Verified,car,22.2,0,29,0,17677,60.2,57,385,Feb-2014,486.45,389,Oct-1993,Fully Paid,17512.199999999997,0.0,Dec-2017
30372, 60 months,26.91,A,,MORTGAGE,94207.0,Not Verified,small_business,37.91,1,28,0,32122,36.9,20,385,Jan-2014,582.13,389,Feb-1992,Fully Paid,34927.799999999996,0.0,Dec-2017
31767, 36 months,17.93,A,5 years,OWN,41319.0,Source Verified,debt_consolidation,11.24,0,6,0,2667,78.9,28,375,Aug-2017,1014.78,379,Nov-2014,Current,12706.800000000001,1588.3500000000001,Dec-2017
35944, 36 months,6.22,E,,OWN,56252.0,Source Verified,car,7.57,0,28,0,3570,32.0,43,420,Dec-2012,1148.21,424,Oct-1998,Fully Paid,41335.6,0.0,Dec-2017
22082, 36 months,8.18,B,5 years,RENT,25932.0,Not Verified,car,24.25,0,10,0,2847,42.5,52,370,Aug-2013,705.4,374,Jun-1999,Fully Paid,25394.3,0.0,Dec-2017
13761, 60 months,21.91,E,,MORTGAGE,46664.0,Not Verified,debt_consolidation,14.04,0,16,0,5565,69.2,47,415,Oct-2014,263.75,419,Mar-1999,Fully Paid,15825.15,0.0,Dec-2017
4542, 36 months,24.42,D,1 year,OWN,316045.0,Verified,car,12.34,0,12,0,9178,88.3,44,380,Dec-2017,145.09,384,Feb-1996,Fully Paid,5223.299999999999,0.0,Dec-2017
38060, 36 months,7.02,A,,OWN,31370.0,Not Verified,debt_consolidation,22.48,1,7,0,10083,68.1,43,410,Dec-2012,1215.81,414,Sep-1986,Fully Paid,43769.0,0.0,Dec-2017
17689, 60 months,13.54,D,1 year,OWN,172348.0,Verified,credit_card,12.68,0,22,1,49686,65.0,48,340,Apr-2014,339.04,344,Mar-2011,Fully Paid,20342.35,0.0,Dec-2017
35935, 36 months,6.51,B,< 1 year,OWN,61020.0,Source Verified,small_business,10.08,0,24,0,16764,69.3,52,415,May-2015,1147.92,419,Oct-1999,Fully Paid,41325.25,0.0,Dec-2017
4012, 60 months,26.49,B,5 years,RENT,135914.0,Source Verified,debt_consolidation,29.71,0,17,0,13322,19.4,12,385,Jun-2012,76.9,389,Sep-1998,Fully Paid,4613.799999999999,0.0,Dec-2017
38988, 36 months,25.3,C,< 1 year,RENT,125600.0,Verified,car,24.73,0,2,0,34555,14.8,42,390,Sep-2014,1245.45,394,Sep-2002,Fully Paid,44836.2,0.0,Dec-2017
31556, 36 months,19.07,F,,MORTGAGE,46806.0,Not Verified,car,24.17,0,23,0,24429,42.5,35,350,May-2014,1008.04,354,Apr-1999,Fully Paid,36289.399999999994,0.0,Dec-2017
38489, 36 months,9.94,C,10+ years,OWN,42395.0,Not Verified,small_business,9.76,0,11,0,57837,2.6,39,335,Dec-2017,1229.51,339,Sep-2015,Fully Paid,44262.35,0.0,Dec-2017
35098, 36 months,17.63,F,5 years,RENT,88462.0,Not Verified,debt_consolidation,21.45,0,5,0,43360,2.1,58,390,Jun-2015,1121.19,394,Jun-1996,Fully Paid,40362.7,0.0,Dec-2017
13358, 60 months,27.56,A,10+ years,MORTGAGE,126157.0,Verified,debt_consolidation,32.11,1,4,0,42247,28.1,36,335,Dec-2012,256.03,339,Aug-2001,Fully Paid,15361.699999999999,0.0,Dec-2017
3022, 36 months,19.8,A,1 year,OWN,36832.0,Source Verified,small_business,19.21,1,10,1,7677,69.2,24,405,May-2015,96.54,409,Jan-1999,Fully Paid,3475.2999999999997,0.0,Dec-2017
37591, 36 months,10.43,G,5 years,MORTGAGE,89048.0,Source Verified,small_business,22.66,0,8,0,14390,43.2,56,355,Oct-2015,1200.82,359,Jul-1987,Fully Paid,43229.649999999994,0.0,Dec-2017
12045, 60 months,16.98,D,1 year,MORTGAGE,55661.0,Not Verified,car,0.0,1,23,1,16217,43.4,37,390,Mar-2017,230.86,394,Aug-2003,Fully Paid,13851.749999999998,0.0,Dec-2017
9247, 36 months,16.94,D,10+ years,RENT,137537.0,Verified,car,27.04,1,8,0,17939,33.5,25,405,Mar-2013,295.39,409,Sep-2003,Fully Paid,10634.05,0.0,Dec-2017
34190, 36 months,9.29,B,5 years,MORTGAGE,63613.0,Source Verified,credit_card,20.59,0,21,0,38168,38.5,30,395,Jan-2013,1092.18,399,Aug-2001,Fully Paid,39318.5,0.0,Dec-2017
25283, 36 months,13.71,F,10+ years,MORTGAGE,117776.0,Verified,car,9.88,2,2,0,43671,62.7,53,390,Jul-2014,807.65,394,Sep-2000,Fully Paid,29075.449999999997,0.0,Dec-2017
23217, 60 months,19.96,C,,OWN,56109.0,Not Verified,debt_consolidation,4.16,0,20,0,13200,13.9,30,370,May-2012,444.99,374,Jun-2002,Fully Paid,26699.55,0.0,Dec-2017
24336, 36 months,7.3,A,,RENT,32010.0,Verified,credit_card,22.21,0,15,0,30662,84.2,50,405,Jun-2016,777.4,409,Nov-2012,Late (31-120 days),27986.399999999998,0.0,Dec-2017
36006, 36 months,21.05,B,10+ years,MORTGAGE,88907.0,Source Verified,credit_card,17.43,0,26,0,24405,65.7,28,380,Jun-2017,1150.19,384,Dec-1996,In Grace Period,14402.400000000001,1800.3000000000002,Dec-2017
11889, 36 months,14.66,C,5 years,RENT,55046.0,Verified,debt_consolidation,22.58,0,25,1,23218,20.2,45,400,Dec-2014,379.79,404,Aug-2008,Fully Paid,13672.349999999999,0.0,Dec-2017
4747, 36 months,9.04,C,,RENT,31700.0,Verified,debt_consolidation,22.16,2,29,0,4881,16.3,50,410,Dec-2015,151.64,414,Oct-2003,Fully Paid,5459.049999999999,0.0,Dec-2017
33250, 60 months,20.65,C,5 years,RENT,51083.0,Verified,car,14.95,0,12,0,53243,52.9,41,400,Feb-2014,637.29,404,Jan-1991,Fully Paid,38237.5,0.0,Dec-2017
8758, 60 months,23.1,G,10+ years,MORTGAGE,22121.0,Verified,credit_card,10.55,0,23,0,22374,14.7,9,340,Sep-2017,167.86,344,Jul-1996,Current,10071.699999999999,0.0,Dec-2017
3898, 60 months,15.74,E,,MORTGAGE,205393.0,Source Verified,credit_card,25.0,1,20,0,19068,77.8,21,330,May-2017,74.71,334,Jan-2013,Late (31-120 days),4482.7,0.0,Dec-2017
17802, 36 months,18.16,D,,MORTGAGE,20938.0,Not Verified,car,27.1,0,27,0,17029,84.6,14,385,Feb-2015,568.67,389,Jul-1998,Fully Paid,20472.3,0.0,Dec-2017
36911, 36 months,12.42,C,1 year,RENT,35577.0,Verified,debt_consolidation,28.47,0,22,0,13868,53.9,17,340,Mar-2017,1179.1,344,Mar-2001,Current,42447.649999999994,0.0,Dec-2017
29570, 36 months,14.33,D,< 1 year,OWN,114181.0,Not Verified,car,23.25,1,17,0,22949,43.4,46,335,Apr-2012,944.6,339,Oct-1986,Fully Paid,34005.5,0.0,Dec-2017
4804, 60 months,20.17,F,,RENT,51008.0,Verified,small_business,29.35,1,5,0,26302,65.3,25,350,Apr-2014,92.08,354,Jan-2012,Charged Off,1921.6000000000001,240.20000000000002,Dec-2017
38287, 60 months,9.37,A,10+ years,OWN,76852.0,Source Verified,debt_consolidation,21.66,1,3,0,44447,58.8,11,350,Apr-2014,733.83,354,May-2007,Fully Paid,44030.049999999996,0.0,Dec-2017
37244, 36 months,24.99,D,5 years,MORTGAGE,26103.0,Source Verified,credit_card,23.33,0,19,0,43479,39.1,54,370,Jul-2012,1189.74,374,Apr-1993,Charged Off,14897.6,1862.2,Dec-2017
23803, 36 months,23.53,B,1 year,MORTGAGE,163827.0,Not Verified,small_business,14.62,0,5,0,55205,18.6,15,375,Sep-2016,760.37,379,Jan-2005,Fully Paid,27373.449999999997,0.0,Dec-2017
3788, 36 months,7.6,A,10+ years,RENT,113751.0,Verified,debt_consolidation,29.62,2,12,0,20809,41.3,25,405,Jan-2014,121.01,409,Dec-2011,Fully Paid,4356.2,0.0,Dec-2017
18835, 36 months,7.22,C,1 year,OWN,177712.0,Verified,car,21.51,1,29,0,32226,99.7,47,410,Feb-2012,601.67,414,Mar-1986,Fully Paid,21660.25,0.0,Dec-2017
29583, 60 months,7.17,D,,RENT,73464.0,Verified,small_business,28.33,0,11,0,35635,4.1,16,420,Feb-2013,567.01,424,Mar-1996,Fully Paid,34020.45,0.0,Dec-2017
11290, 36 months,6.44,B,10+ years,MORTGAGE,31991.0,Not Verified,car,32.95,0,7,0,23750,95.1,43,345,Dec-2016,360.65,349,Jan-2003,In Grace Period,12983.499999999998,0.0,Dec-2017
6767, 36 months,7.56,E,< 1 year,MORTGAGE,38852.0,Verified,small_business,24.21,0,16,0,2309,49.7,31,380,Jun-2016,216.17,384,May-1999,Fully Paid,7782.049999999999,0.0,Dec-2017
30863, 36 months,19.99,D,< 1 year,RENT,41070.0,Not Verified,small_business,28.18,0,5,0,53337,70.0,29,340,Oct-2014,985.9,344,Feb-1993,Fully Paid,35492.45,0.0,Dec-2017
5829, 36 months,25.59,F,5 years,MORTGAGE,84399.0,Verified,credit_card,1.89,0,14,0,43623,82.2,36,400,Oct-2015,186.2,404,Jul-2002,Fully Paid,6703.349999999999,0.0,Dec-2017
37184, 36 months,14.01,G,1 year,RENT,47546.0,Not Verified,debt_consolidation,32.27,0,19,0,54319,74.7,19,380,Oct-2015,1187.82,384,Mar-1995,Fully Paid,42761.6,0.0,Dec-2017
14575, 36 months,22.27,B,< 1 year,RENT,41854.0,Not Verified,small_business,19.59,0,10,1,9632,1.1,27,380,Jan-2015,465.59,384,Nov-2010,Fully Paid,16761.25,0.0,Dec-2017
22027, 60 months,12.96,G,10+ years,RENT,99175.0,Source Verified,small_business,25.6,0,15,0,26669,23.2,31,345,Jul-2016,422.18,349,Jul-2010,Fully Paid,25331.05,0.0,Dec-2017
5387, 60 months,9.14,C,< 1 year,OWN,31000.0,Verified,debt_consolidation,0.0,0,27,0,13966,38.6,9,355,Feb-2012,103.25,359,Dec-2001,Fully Paid,6195.049999999999,0.0,Dec-2017
8244, 36 months,13.5,A,1 year,OWN,48962.0,Verified,debt_consolidation,20.02,1,5,0,52595,41.6,49,370,Oct-2016,263.35,374,Aug-2002,Current,3297.6000000000004,412.20000000000005,Dec-2017
2236, 60 months,24.39,A,,RENT,47695.0,Verified,small_business,16.93,0,10,0,21361,54.6,59,365,Oct-2017,42.86,369,Sep-1988,Fully Paid,2571.3999999999996,0.0,Dec-2017
39625, 60 months,9.61,C,1 year,RENT,41331.0,Source Verified,debt_consolidation,12.97,0,5,0,3658,15.1,53,415,Mar-2015,759.48,419,Dec-1991,Fully Paid,45568.75,0.0,Dec-2017
5017, 36 months,21.12,E,5 years,OWN,32745.0,Source Verified,car,14.78,0,14,0,50604,99.7,48,395,Jan-2012,160.27,399,Oct-1997,Fully Paid,5769.549999999999,0.0,Dec-2017
39389, 60 months,13.4,D,1 year,RENT,53359.0,Source Verified,credit_card,18.63,0,13,0,8124,28.5,38,385,Oct-2016,754.96,389,Dec-1987,Fully Paid,45297.35,0.0,Dec-2017
4264, 60 months,12.75,A,10+ years,OWN,63973.0,Source Verified,credit_card,20.48,1,5,0,26121,18.6,55,375,Mar-2015,81.73,379,Apr-2011,Fully Paid,4903.599999999999,0.0,Dec-2017
19849, 60 months,14.34,G,10+ years,OWN,52729.0,Not Verified,credit_card,3.67,0,8,1,48665,65.4,18,390,Jun-2012,380.44,394,Aug-1983,Fully Paid,22826.35,0.0,Dec-2017
37261, 36 months,17.53,B,5 years,OWN,56411.0,Source Verified,debt_consolidation,28.92,0,6,0,40369,20.2,37,395,Aug-2014,1190.28,399,Nov-1989,Fully Paid,42850.149999999994,0.0,Dec-2017
30089, 60 months,15.0,A,,MORTGAGE,57212.0,Source Verified,small_business,20.29,0,4,0,8788,11.5,52,400,May-2012,576.71,404,Jul-1985,Fully Paid,34602.35,0.0,Dec-2017
37868, 36 months,21.59,A,1 year,RENT,64975.0,Verified,debt_consolidation,1.27,1,16,0,45596,40.9,39,385,Jul-2013,1209.67,389,Feb-1997,Fully Paid,43548.2,0.0,Dec-2017
5669, 36 months,16.9,D,< 1 year,MORTGAGE,39135.0,Source Verified,debt_consolidation,19.29,0,5,0,30510,58.7,42,340,Aug-2015,181.09,344,Jun-1991,Fully Paid,6519.349999999999,0.0,Dec-2017
10007, 36 months,22.14,F,5 years,OWN,43158.0,Source Verified,credit_card,8.63,0,21,0,24414,20.4,28,395,May-2017,319.67,399,Sep-2012,Fully Paid,11508.05,0.0,Dec-2017
28800, 36 months,13.12,B,< 1 year,MORTGAGE,112100.0,Source Verified,credit_card,6.62,0,9,0,50901,92.3,57,345,Dec-2017,920.0,349,Nov-1988,Current,33120.0,0.0,Dec-2017
26484, 60 months,17.59,E,5 years,RENT,91749.0,Source Verified,small_business,15.2,1,25,0,24777,82.3,11,380,Jan-2014,507.61,384,Mar-2009,Fully Paid,30456.6,0.0,Dec-2017
9065, 60 months,22.82,E,,RENT,49638.0,Verified,debt_consolidation,18.92,1,22,0,17358,34.4,19,370,Jan-2014,173.75,374,Jun-2006,Fully Paid,10424.75,0.0,Dec-2017
3978, 36 months,17.6,B,5 years,MORTGAGE,23155.0,Source Verified,car,19.54,0,26,0,44031,52.0,46,405,May-2015,127.07,409,Aug-1986,Fully Paid,4574.7,0.0,Dec-2017
33419, 60 months,15.6,G,5 years,RENT,88735.0,Not Verified,car,26.93,0,11,0,18975,32.0,46,385,May-2016,640.53,389,Mar-2013,Fully Paid,38431.85,0.0,Dec-2017
18673, 36 months,25.11,B,< 1 year,RENT,63035.0,Not Verified,car,31.34,2,19,0,43377,27.3,39,400,Oct-2012,596.5,404,May-2004,Fully Paid,21473.949999999997,0.0,Dec-2017
3080, 60 months,19.53,F,1 year,OWN,14966.0,Verified,debt_consolidation,21.65,0,25,1,55931,77.1,9,395,Apr-2014,59.03,399,Mar-1999,Fully Paid,3541.9999999999995,0.0,Dec-2017
24846, 36 months,20.9,G,1 year,OWN,54315.0,Verified,car,21.7,0,7,0,34314,98.7,4,365,Apr-2012,793.69,369,Oct-1991,Fully Paid,28572.899999999998,0.0,Dec-2017
25844, 36 months,20.11,B,1 year,OWN,100495.0,Not Verified,credit_card,16.86,0,23,0,33066,72.2,12,355,Feb-2016,825.57,359,Apr-2008,Fully Paid,29720.6,0.0,Dec-2017
32195, 36 months,19.27,E,,MORTGAGE,202516.0,Source Verified,car,8.19,0,21,0,37322,37.6,33,350,Jan-2017,1028.45,354,Feb-1996,Current,37024.25,0.0,Dec-2017
13015, 36 months,20.73,D,,OWN,55315.0,Source Verified,car,23.97,0,25,0,43029,26.7,46,370,Aug-2015,415.76,374,Aug-2003,Fully Paid,14967.249999999998,0.0,Dec-2017
35690, 60 months,9.88,C,< 1 year,OWN,59189.0,Not Verified,small_business,18.66,0,9,0,25459,61.6,39,365,Oct-2012,684.06,369,May-1984,Fully Paid,41043.5,0.0,Dec-2017
31043, 36 months,24.53,F,10+ years,RENT,41089.0,Not Verified,small_business,25.13,1,18,0,59886,61.8,13,365,Aug-2014,991.65,369,Jul-1989,Fully Paid,35699.45,0.0,Dec-2017
4299, 36 months,27.82,A,< 1 year,RENT,86279.0,Verified,credit_card,26.85,2,28,0,11998,85.9,8,365,Oct-2012,137.33,369,Jul-1992,Charged Off,1719.6000000000001,214.95000000000002,Dec-2017
35304, 36 months,18.0,F,1 year,RENT,84673.0,Source Verified,credit_card,29.98,0,7,0,56217,29.4,9,380,Dec-2015,1127.77,384,Dec-1985,Fully Paid,40599.6,0.0,Dec-2017
21889, 60 months,21.82,C,1 year,MORTGAGE,26102.0,Verified,debt_consolidation,37.91,0,11,0,27681,38.3,45,420,Dec-2015,419.54,424,Mar-1990,Fully Paid,25172.35,0.0,Dec-2017
22895, 36 months,16.26,B,10+ years,MORTGAGE,46545.0,Verified,debt_consolidation,29.52,0,7,0,45895,99.8,16,385,Mar-2014,731.37,389,Dec-1986,Fully Paid,26329.249999999996,0.0,Dec-2017
32547, 36 months,14.09,G,< 1 year,RENT,43429.0,Source Verified,credit_card,8.41,1,8,0,15338,87.4,48,360,Apr-2013,1039.7,364,Nov-1988,Fully Paid,37429.049999999996,0.0,Dec-2017
21534, 36 months,19.42,F,< 1 year,OWN,131485.0,Verified,debt_consolidation,16.41,0,27,0,54722,16.0,49,390,Aug-2012,687.89,394,Jun-2004,Fully Paid,24764.1,0.0,Dec-2017
11048, 36 months,11.46,F,1 year,OWN,95117.0,Source Verified,credit_card,21.93,0,15,0,23645,0.0,21,415,Sep-2016,352.92,419,Sep-1998,Fully Paid,12705.199999999999,0.0,Dec-2017
24330, 36 months,20.85,B,5 years,RENT,48519.0,Verified,small_business,16.35,0,9,0,48563,49.2,59,395,May-2013,777.21,399,Dec-2003,Fully Paid,27979.499999999996,0.0,Dec-2017
9568, 60 months,25.67,C,10+ years,RENT,77414.0,Source Verified,credit_card,27.28,0,17,0,24803,44.4,50,380,Jun-2012,183.39,384,Apr-1992,Fully Paid,11003.199999999999,0.0,Dec-2017
34190, 36 months,23.63,G,10+ years,OWN,113157.0,Not Verified,credit_card,25.67,0,22,0,46420,72.2,15,330,Jan-2017,1092.18,334,Jan-2015,Fully Paid,39318.5,0.0,Dec-2017
38992, 36 months,17.45,A,1 year,OWN,39476.0,Not Verified,car,23.98,1,8,0,57844,22.7,38,370,Mar-2012,1245.58,374,Nov-1982,Fully Paid,44840.799999999996,0.0,Dec-2017
24370, 60 months,17.22,G,5 years,OWN,44086.0,Not Verified,debt_consolidation,18.73,0,6,0,10019,17.0,51,335,Apr-2015,467.09,339,Dec-2000,Fully Paid,28025.499999999996,0.0,Dec-2017
28181, 60 months,25.2,A,,MORTGAGE,103613.0,Source Verified,car,15.65,0,18,0,39213,49.6,34,335,Apr-2014,540.14,339,Sep-1991,Fully Paid,32408.149999999998,0.0,Dec-2017
33768, 36 months,22.43,A,5 years,RENT,96969.0,Verified,credit_card,18.02,0,26,0,59222,50.5,5,385,Dec-2014,1078.7,389,Jul-2001,Fully Paid,38833.2,0.0,Dec-2017
7290, 60 months,27.93,G,< 1 year,RENT,48239.0,Not Verified,small_business,0.0,0,10,0,14435,73.2,11,370,Mar-2017,139.72,374,Aug-2000,Fully Paid,8383.5,0.0,Dec-2017
23723, 60 months,16.36,D,,MORTGAGE,64464.0,Verified,debt_consolidation,24.04,2,18,0,6525,98.4,44,355,Jul-2016,454.69,359,Dec-1988,Fully Paid,27281.449999999997,0.0,Dec-2017
8927, 60 months,8.98,C,10+ years,RENT,49770.0,Source Verified,small_business,15.17,0,6,0,17507,13.2,56,380,Oct-2012,171.1,384,Nov-2007,Fully Paid,10266.05,0.0,Dec-2017
17768, 36 months,24.61,A,5 years,RENT,41295.0,Verified,credit_card,5.96,0,20,0,27999,47.6,55,405,Apr-2015,567.59,409,Jan-1994,Fully Paid,20433.199999999997,0.0,Dec-2017
24262, 36 months,14.14,B,10+ years,RENT,102831.0,Source Verified,small_business,10.78,0,26,0,57849,92.0,49,340,Jan-2012,775.04,344,Aug-1991,Fully Paid,27901.3,0.0,Dec-2017
18854, 36 months,27.43,E,1 year,MORTGAGE,32586.0,Not Verified,car,18.68,0,6,0,14819,87.4,28,415,Sep-2012,602.28,419,Mar-2007,Fully Paid,21682.1,0.0,Dec-2017
31537, 60 months,8.78,F,10+ years,MORTGAGE,146693.0,Source Verified,car,8.68,0,14,0,44130,58.7,27,335,Nov-2014,604.46,339,Aug-2012,Fully Paid,36267.549999999996,0.0,Dec-2017
33955, 36 months,13.83,D,1 year,RENT,68493.0,Not Verified,car,27.19,0,5,0,27202,82.4,59,370,May-2014,1084.67,374,Jul-1986,Fully Paid,39048.25,0.0,Dec-2017
38176, 60 months,19.53,C,< 1 year,RENT,70553.0,Verified,debt_consolidation,14.09,0,9,0,26893,32.9,11,330,Sep-2014,731.71,334,Nov-1996,Fully Paid,43902.399999999994,0.0,Dec-2017
38886, 36 months,22.2,D,,RENT,43522.0,Source Verified,car,27.9,2,24,1,10869,82.6,5,370,Jan-2015,1242.19,374,Jan-2007,Fully Paid,44718.899999999994,0.0,Dec-2017
22759, 36 months,15.92,D,1 year,OWN,54402.0,Verified,small_business,16.85,0,27,0,5724,1.1,26,415,Aug-2014,727.02,419,Jan-2003,Fully Paid,26172.85,0.0,Dec-2017
27647, 60 months,27.71,D,10+ years,RENT,27301.0,Source Verified,debt_consolidation,22.23,1,7,0,41256,39.5,54,420,Dec-2012,529.9,424,Apr-2006,Charged Off,11058.800000000001,1382.3500000000001,Dec-2017
10583, 36 months,26.12,D,10+ years,MORTGAGE,34686.0,Not Verified,small_business,23.24,0,12,1,2840,82.4,6,360,May-2013,338.07,364,Jul-1993,Fully Paid,12170.449999999999,0.0,Dec-2017
5036, 36 months,14.32,G,5 years,RENT,74881.0,Not Verified,debt_consolidation,21.25,0,16,0,55190,31.7,50,395,Nov-2012,160.87,399,Feb-1994,Fully Paid,5791.4,0.0,Dec-2017
10820, 36 months,18.22,D,5 years,MORTGAGE,125403.0,Source Verified,small_business,10.99,1,6,0,31062,43.4,57,400,Apr-2016,345.64,404,Nov-2000,Fully Paid,12442.999999999998,0.0,Dec-2017
2023, 36 months,9.3,G,1 year,OWN,55062.0,Source Verified,car,12.3,0,3,0,35989,78.4,29,350,Nov-2016,64.62,354,Jul-1993,Fully Paid,2326.45,0.0,Dec-2017
39580, 36 months,6.34,G,5 years,RENT,40875.0,Not Verified,car,28.73,1,8,1,9057,38.0,39,330,Feb-2017,1264.36,334,Jan-2001,Current,45517.0,0.0,Dec-2017
9103, 36 months,23.04,A,< 1 year,MORTGAGE,51491.0,Source Verified,small_business,3.58,0,2,0,8117,38.9,33,405,Nov-2015,290.79,409,Aug-1999,Fully Paid,10468.449999999999,0.0,Dec-2017
36101, 36 months,20.69,G,1 year,MORTGAGE,79495.0,Source Verified,small_business,9.21,1,9,0,57910,59.3,39,360,Sep-2014,1153.23,364,Mar-1997,Fully Paid,41516.149999999994,0.0,Dec-2017
10197, 60 months,20.44,E,10+ years,RENT,43453.0,Verified,credit_card,14.53,0,16,1,25548,75.3,59,370,Sep-2013,195.44,374,Dec-2000,Fully Paid,11726.55,0.0,Dec-2017
22805, 36 months,15.85,A,10+ years,RENT,97499.0,Not Verified,small_business,28.08,1,26,0,4489,77.0,21,345,Jul-2017,728.49,349,Aug-2001,Fully Paid,26225.749999999996,0.0,Dec-2017
31189, 36 months,21.82,C,1 year,RENT,85923.0,Source Verified,car,13.99,1,8,0,8242,20.1,49,415,Nov-2013,996.32,419,Aug-2001,Fully Paid,35867.35,0.0,Dec-2017
20248, 36 months,27.28,E,,RENT,56794.0,Verified,car,11.26,0,13,0,21530,14.7,47,350,Apr-2016,646.81,354,Jan-1988,Fully Paid,23285.199999999997,0.0,Dec-2017
34895, 36 months,12.52,E,10+ years,OWN,104083.0,Source Verified,car,11.65,2,8,0,50854,48.3,48,405,May-2014,1114.7,409,Jul-2010,Fully Paid,40129.25,0.0,Dec-2017
8531, 36 months,20.45,G,10+ years,OWN,40153.0,Source Verified,credit_card,19.45,0,13,0,52116,64.1,55,365,Jun-2012,272.52,369,Jul-1990,Fully Paid,9810.65,0.0,Dec-2017
26216, 36 months,22.3,B,< 1 year,MORTGAGE,13394.0,Verified,credit_card,12.35,0,14,0,13867,44.3,39,410,Aug-2012,837.46,414,Jun-1990,Fully Paid,30148.399999999998,0.0,Dec-2017
18774, 36 months,16.21,G,5 years,MORTGAGE,42249.0,Not Verified,car,13.69,0,11,0,22604,74.6,21,390,Aug-2017,599.72,394,Mar-2008,Current,21590.1,0.0,Dec-2017
15562, 36 months,20.16,E,10+ years,OWN,72870.0,Source Verified,small_business,10.39,2,13,1,9587,20.0,26,415,Aug-2017,497.12,419,Mar-2004,Fully Paid,17896.3,0.0,Dec-2017
28979, 60 months,9.4,D,1 year,RENT,38689.0,Not Verified,small_business,17.28,0,4,0,52031,57.2,58,390,May-2014,555.43,394,May-2001,Fully Paid,33325.85,0.0,Dec-2017
19598, 60 months,16.33,G,5 years,OWN,27532.0,Verified,debt_consolidation,6.17,1,8,0,23865,19.4,31,370,Nov-2016,375.63,374,Sep-2005,Fully Paid,22537.699999999997,0.0,Dec-2017
9651, 60 months,21.44,A,,MORTGAGE,71701.0,Not Verified,credit_card,16.82,0,24,0,32926,22.4,13,375,Oct-2015,184.98,379,Nov-2006,Fully Paid,11098.65,0.0,Dec-2017
38722, 36 months,13.86,G,10+ years,RENT,27047.0,Not Verified,credit_card,3.08,0,10,0,4254,78.8,6,385,Sep-2013,1236.95,389,Jun-1997,Fully Paid,44530.299999999996,0.0,Dec-2017
14594, 36 months,22.0,F,1 year,RENT,73610.0,Verified,debt_consolidation,5.97,0,26,1,48948,25.2,16,335,Jan-2013,466.2,339,Nov-2004,Fully Paid,16783.1,0.0,Dec-2017
34870, 36 months,23.51,D,5 years,RENT,86840.0,Verified,credit_card,32.86,1,17,0,27616,67.0,29,390,Oct-2016,1113.9,394,Jan-1991,Fully Paid,40100.5,0.0,Dec-2017
14151, 36 months,15.55,G,,MORTGAGE,82339.0,Not Verified,small_business,21.84,0,20,0,33035,51.0,45,390,Feb-2015,452.05,394,Apr-2008,Fully Paid,16273.65,0.0,Dec-2017
22586, 60 months,23.38,B,1 year,OWN,50109.0,Not Verified,debt_consolidation,0.0,1,17,0,38366,46.9,40,410,Nov-2014,432.9,414,Jun-1987,Charged Off,9034.4,1129.3,Dec-2017
3252, 36 months,24.56,A,< 1 year,MORTGAGE,49318.0,Verified,car,11.13,0,27,0,16498,87.7,24,375,Apr-2013,103.88,379,Mar-2010,Fully Paid,3739.7999999999997,0.0,Dec-2017
33140, 36 months,25.33,E,1 year,MORTGAGE,35068.0,Verified,car,24.9,0,14,0,39933,73.9,25,390,Dec-2016,1058.64,394,Jan-2002,Fully Paid,38111.0,0.0,Dec-2017
26691, 60 months,7.64,F,1 year,RENT,40047.0,Not Verified,credit_card,2.65,2,12,0,49130,66.6,54,335,Dec-2015,511.58,339,May-2000,Fully Paid,30694.649999999998,0.0,Dec-2017
7400, 36 months,16.09,D,10+ years,OWN,48170.0,Verified,credit_card,7.96,0,9,0,56400,39.4,23,370,Jun-2014,236.39,374,Feb-1985,Fully Paid,8510.0,0.0,Dec-2017
9598, 60 months,8.03,B,5 years,MORTGAGE,70321.0,Verified,debt_consolidation,16.34,1,25,0,41882,25.4,4,410,Oct-2013,183.96,414,Mar-2006,Fully Paid,11037.699999999999,0.0,Dec-2017
15971, 60 months,14.49,G,,MORTGAGE,31530.0,Verified,credit_card,13.17,0,25,0,7216,32.9,36,365,Nov-2014,306.11,369,Jul-1998,Fully Paid,18366.649999999998,0.0,Dec-2017
36364, 36 months,26.24,D,< 1 year,MORTGAGE,94298.0,Not Verified,small_business,18.77,0,5,0,41104,60.1,33,345,Dec-2017,1161.63,349,Feb-1990,Late (31-120 days),41818.6,0.0,Dec-2017
9665, 36 months,20.96,G,5 years,OWN,160264.0,Verified,credit_card,15.15,0,16,0,53678,44.3,44,360,Oct-2012,308.74,364,Sep-1999,Fully Paid,11114.75,0.0,Dec-2017
39528, 36 months,10.73,D,10+ years,OWN,45314.0,Verified,car,15.55,0,11,0,3208,94.7,57,390,Aug-2012,1262.7,394,Sep-2009,Fully Paid,45457.2,0.0,Dec-2017
37789, 36 months,16.06,C,10+ years,MORTGAGE,117778.0,Verified,small_business,17.39,2,28,0,18945,6.3,31,395,Feb-2012,1207.15,399,Nov-1987,Fully Paid,43457.35,0.0,Dec-2017
2827, 36 months,12.83,D,10+ years,OWN,56998.0,Verified,debt_consolidation,9.41,0,11,0,50749,79.1,42,410,May-2015,90.31,414,Oct-1990,Fully Paid,3251.0499999999997,0.0,Dec-2017
1005, 36 months,23.04,E,,RENT,87359.0,Not Verified,debt_consolidation,25.09,0,16,0,33159,67.4,39,410,Jun-2015,32.1,414,Apr-2000,Fully Paid,1155.75,0.0,Dec-2017
32561, 36 months,18.61,F,< 1 year,RENT,139898.0,Source Verified,debt_consolidation,9.37,0,22,0,17901,6.9,55,345,Feb-2013,1040.14,349,Mar-2004,Fully Paid,37445.149999999994,0.0,Dec-2017
7583, 36 months,7.03,D,,OWN,39824.0,Source Verified,car,28.16,1,16,0,2743,15.2,12,405,Sep-2015,242.23,409,Jan-2007,Fully Paid,8720.449999999999,0.0,Dec-2017
12277, 36 months,8.29,D,5 years,RENT,39912.0,Source Verified,car,14.58,1,5,0,25720,74.6,15,360,Oct-2013,392.18,364,Jun-2002,Fully Paid,14118.55,0.0,Dec-2017
35055, 36 months,27.59,A,,RENT,121977.0,Verified,car,24.89,0,10,0,56073,41.0,23,380,Jun-2017,1119.81,384,Nov-2004,Fully Paid,40313.25,0.0,Dec-2017
21015, 36 months,14.27,F,1 year,RENT,31355.0,Verified,credit_card,0.0,1,20,0,51642,47.4,49,415,Feb-2017,671.31,419,Mar-1997,Fully Paid,24167.249999999996,0.0,Dec-2017
20877, 36 months,22.8,C,1 year,OWN,55403.0,Source Verified,small_business,26.47,0,27,0,57350,39.3,41,415,Sep-2015,666.9,419,Jan-2006,Fully Paid,24008.55,0.0,Dec-2017
28821, 36 months,16.39,C,< 1 year,OWN,32584.0,Verified,car,13.32,0,4,0,49516,85.1,23,350,Jan-2015,920.67,354,Oct-1992,Fully Paid,33144.149999999994,0.0,Dec-2017
10881, 36 months,8.77,F,,RENT,13211.0,Not Verified,credit_card,16.48,1,16,0,45762,97.8,43,355,Jan-2013,347.59,359,Feb-2005,Fully Paid,12513.15,0.0,Dec-2017
28057, 60 months,17.59,A,5 years,OWN,53590.0,Source Verified,credit_card,25.42,0,2,0,9408,20.8,44,420,Jul-2012,537.76,424,Jan-1985,Fully Paid,32265.55,0.0,Dec-2017
10238, 36 months,15.98,G,1 year,RENT,98066.0,Not Verified,small_business,16.04,0,3,0,17621,43.4,57,390,Dec-2016,327.05,394,Dec-1998,Fully Paid,11773.699999999999,0.0,Dec-2017
26481, 60 months,18.15,D,5 years,MORTGAGE,81156.0,Verified,small_business,18.99,1,7,0,37290,95.3,55,370,May-2016,507.55,374,Feb-1987,Fully Paid,30453.149999999998,0.0,Dec-2017
32860, 36 months,18.1,C,,RENT,45137.0,Not Verified,car,12.42,0,18,0,4097,52.0,25,340,Apr-2017,1049.69,344,May-2012,In Grace Period,37789.0,0.0,Dec-2017
10460, 36 months,7.28,G,,RENT,73608.0,Source Verified,car,19.74,0,13,0,28630,1.2,15,395,Aug-2014,334.14,399,Jan-1993,Fully Paid,12028.999999999998,0.0,Dec-2017
22255, 36 months,23.01,E,< 1 year,OWN,59842.0,Source Verified,car,28.81,0,18,0,33311,74.4,26,375,Apr-2015,710.92,379,Oct-1988,Fully Paid,25593.249999999996,0.0,Dec-2017
2398, 36 months,12.38,C,5 years,OWN,23961.0,Not Verified,car,27.93,0,18,1,14671,76.5,35,410,Jun-2012,76.6,414,Jul-2007,Fully Paid,2757.7,0.0,Dec-2017
3628, 60 months,8.23,D,< 1 year,OWN,22060.0,Not Verified,car,13.89,0,4,0,20640,64.2,44,355,Jun-2015,69.54,359,Nov-2006,Fully Paid,4172.2,0.0,Dec-2017
33632, 36 months,10.92,F,1 year,MORTGAGE,145332.0,Verified,car,24.39,0,17,0,48621,22.1,30,405,Nov-2014,1074.36,409,Oct-1999,Fully Paid,38676.799999999996,0.0,Dec-2017
23039, 36 months,26.27,G,< 1 year,RENT,31597.0,Not Verified,small_business,23.63,0,20,0,20067,73.3,10,390,Feb-2013,735.97,394,Feb-2001,Fully Paid,26494.85,0.0,Dec-2017
15981, 36 months,23.28,A,,OWN,84287.0,Not Verified,small_business,27.07,1,6,0,55184,92.3,26,350,Sep-2014,510.5,354,Feb-1986,Fully Paid,18378.149999999998,0.0,Dec-2017
19051, 36 months,18.89,F,1 year,RENT,76633.0,Verified,credit_card,18.96,4,9,0,45883,94.2,35,355,Jun-2016,608.57,359,Nov-1990,Fully Paid,21908.649999999998,0.0,Dec-2017
34771, 36 months,26.3,A,10+ years,RENT,13000.0,Not Verified,debt_consolidation,19.55,1,27,0,53627,33.2,48,375,Jul-2015,1110.74,379,Dec-2009,Fully Paid,39986.649999999994,0.0,Dec-2017
29075, 36 months,24.74,C,1 year,RENT,72413.0,Source Verified,credit_card,25.34,0,11,0,10491,84.4,28,340,Feb-2013,928.78,344,Aug-2000,Fully Paid,33436.25,0.0,Dec-2017
27984, 60 months,11.07,C,,RENT,74324.0,Not Verified,car,17.74,0,20,0,33644,14.3,26,345,Aug-2014,536.36,349,Aug-1984,Fully Paid,32181.6,0.0,Dec-2017
19616, 36 months,26.92,D,10+ years,RENT,58649.0,Not Verified,car,18.23,0,24,0,23289,29.7,12,360,Feb-2017,626.62,364,Jan-2014,Current,22558.399999999998,0.0,Dec-2017
14199, 36 months,13.03,A,,RENT,110438.0,Source Verified,car,17.2,0,15,0,16335,27.2,40,400,Aug-2015,453.58,404,Dec-2006,Fully Paid,16328.849999999999,0.0,Dec-2017
26845, 60 months,14.41,D,< 1 year,RENT,31167.0,Source Verified,credit_card,21.05,1,20,0,1016,78.2,14,330,Aug-2015,514.53,334,Mar-2004,Fully Paid,30871.749999999996,0.0,Dec-2017
13475, 36 months,12.23,E,< 1 year,MORTGAGE,101242.0,Not Verified,car,15.69,0,6,0,10066,83.4,16,370,Mar-2016,430.45,374,May-2003,Fully Paid,15496.249999999998,0.0,Dec-2017
26240, 60 months,26.37,F,,OWN,77530.0,Source Verified,credit_card,2.74,0,11,0,57056,77.7,43,420,Sep-2012,502.93,424,Aug-1985,Fully Paid,30175.999999999996,0.0,Dec-2017
17433, 36 months,22.54,B,10+ years,RENT,63624.0,Verified,car,17.08,2,6,1,46077,12.3,59,405,Dec-2017,556.89,409,Nov-2004,Fully Paid,20047.949999999997,0.0,Dec-2017
28829, 36 months,25.28,B,5 years,MORTGAGE,65820.0,Source Verified,small_business,4.02,0,9,0,47910,39.9,47,375,Nov-2017,920.93,379,Oct-1991,Current,33153.35,0.0,Dec-2017
25065, 36 months,10.49,B,10+ years,RENT,114950.0,Source Verified,small_business,18.59,1,2,0,11991,59.8,38,380,May-2015,800.69,384,Sep-2010,Fully Paid,28824.749999999996,0.0,Dec-2017
12522, 60 months,9.53,F,5 years,MORTGAGE,20550.0,Not Verified,credit_card,14.24,0,5,1,29479,57.0,28,395,Jul-2012,240.0,399,Sep-1998,Fully Paid,14400.3,0.0,Dec-2017
22626, 36 months,24.0,G,< 1 year,OWN,62764.0,Not Verified,debt_consolidation,11.15,0,8,0,4505,62.9,54,345,Aug-2014,722.78,349,Sep-2005,Fully Paid,26019.899999999998,0.0,Dec-2017
20245, 36 months,13.36,E,5 years,MORTGAGE,27193.0,Source Verified,car,20.96,0,19,0,42520,20.1,44,365,Apr-2013,646.72,369,Oct-1987,Fully Paid,23281.75,0.0,Dec-2017
31044, 60 months,21.0,A,1 year,MORTGAGE,64669.0,Not Verified,credit_card,3.41,0,20,0,38102,41.6,25,335,Apr-2016,595.01,339,Oct-2011,Fully Paid,35700.6,0.0,Dec-2017
34471, 60 months,8.9,B,5 years,MORTGAGE,70484.0,Source Verified,car,19.27,0,2,1,49983,61.3,19,420,Dec-2017,660.69,424,Nov-2002,Fully Paid,39641.649999999994,0.0,Dec-2017
31942, 36 months,7.39,F,5 years,MORTGAGE,93056.0,Source Verified,credit_card,12.98,0,29,0,19401,16.0,7,335,Jun-2017,1020.37,339,Feb-2005,Fully Paid,36733.299999999996,0.0,Dec-2017
23170, 36 months,20.24,E,< 1 year,MORTGAGE,61475.0,Verified,credit_card,30.48,1,10,0,2922,15.0,7,415,Aug-2016,740.15,419,Jan-1987,Fully Paid,26645.499999999996,0.0,Dec-2017
13490, 60 months,27.61,C,< 1 year,MORTGAGE,32084.0,Source Verified,credit_card,10.02,1,29,0,57188,36.8,9,360,Feb-2012,258.56,364,Apr-2008,Fully Paid,15513.499999999998,0.0,Dec-2017
13364, 36 months,26.22,B,< 1 year,OWN,47657.0,Not Verified,car,18.16,0,25,0,10872,87.4,33,335,Mar-2017,426.91,339,Feb-2008,In Grace Period,15368.599999999999,0.0,Dec-2017
11692, 36 months,21.6,G,< 1 year,OWN,96998.0,Source Verified,small_business,18.25,0,22,0,41568,23.2,27,355,Mar-2012,373.49,359,Nov-1982,Fully Paid,13445.8,0.0,Dec-2017
21690, 60 months,6.79,A,10+ years,RENT,76912.0,Not Verified,credit_card,18.66,0,2,0,14975,29.9,5,350,Feb-2015,415.72,354,Jan-2002,Fully Paid,24943.499999999996,0.0,Dec-2017
21019, 60 months,11.59,B,5 years,MORTGAGE,55177.0,Verified,car,7.15,0,28,0,6941,13.9,41,400,Nov-2017,402.86,404,May-2007,Current,24171.85,0.0,Dec-2017
7141, 36 months,24.19,A,< 1 year,MORTGAGE,21980.0,Source Verified,debt_consolidation,10.85,0,10,0,49543,12.8,39,330,Jan-2017,228.12,334,Dec-1987,Current,8212.15,0.0,Dec-2017
9192, 60 months,25.7,B,5 years,OWN,34397.0,Not Verified,car,18.17,0,23,0,19105,76.3,52,410,Apr-2015,176.18,414,Apr-2001,Fully Paid,10570.8,0.0,Dec-2017
22103, 60 months,24.65,C,,RENT,76177.0,Verified,credit_card,5.5,0,22,0,11212,53.6,45,415,Dec-2016,423.64,419,Feb-1991,In Grace Period,25418.449999999997,0.0,Dec-2017
20318, 36 months,13.81,B,5 years,RENT,33919.0,Verified,car,9.26,0,24,0,9354,74.8,34,400,Apr-2012,649.05,404,Dec-1986,Fully Paid,23365.699999999997,0.0,Dec-2017
1027, 36 months,16.29,D,10+ years,MORTGAGE,72666.0,Source Verified,small_business,21.01,0,21,0,59616,82.1,32,395,Apr-2014,32.81,399,Oct-2002,Fully Paid,1181.05,0.0,Dec-2017
22408, 36 months,25.85,F,< 1 year,RENT,99577.0,Verified,small_business,10.34,0,24,0,13257,38.9,57,345,Dec-2015,715.81,349,May-2010,Fully Paid,25769.199999999997,0.0,Dec-2017
39492, 60 months,17.82,C,1 year,RENT,85131.0,Source Verified,small_business,7.29,0,17,0,11034,10.1,29,355,Feb-2014,756.93,359,Apr-2010,Fully Paid,45415.799999999996,0.0,Dec-2017
9222, 36 months,15.48,B,1 year,RENT,71534.0,Not Verified,credit_card,13.15,0,21,0,54398,30.4,35,400,Jul-2012,294.59,404,May-2006,Fully Paid,10605.3,0.0,Dec-2017
21243, 60 months,13.25,E,1 year,MORTGAGE,77104.0,Source Verified,small_business,10.96,0,13,0,11480,9.2,41,345,Nov-2014,407.16,349,Apr-1985,Fully Paid,24429.449999999997,0.0,Dec-2017
23958, 60 months,20.55,B,1 year,RENT,28410.0,Verified,small_business,8.22,0,19,0,15657,35.1,31,380,Aug-2012,459.2,384,Nov-1999,Charged Off,9583.2,1197.9,Dec-2017
14130, 36 months,18.07,B,,RENT,35760.0,Source Verified,small_business,17.9,0,5,0,4691,80.2,54,335,Sep-2014,451.37,339,Feb-2006,Fully Paid,16249.499999999998,0.0,Dec-2017
26012, 60 months,8.96,A,1 year,RENT,17397.0,Not Verified,small_business,20.4,0,4,0,47936,20.3,13,400,May-2014,498.56,404,Nov-1992,Fully Paid,29913.8,0.0,Dec-2017
35893, 36 months,13.33,B,< 1 year,OWN,37488.0,Source Verified,credit_card,13.15,0,26,1,15181,2.7,18,345,Jan-2016,1146.58,349,Dec-2005,Fully Paid,41276.95,0.0,Dec-2017
5434, 60 months,16.62,D,,MORTGAGE,105485.0,Source Verified,debt_consolidation,20.58,0,17,1,50341,24.2,49,385,Dec-2015,104.15,389,May-1987,Fully Paid,6249.099999999999,0.0,Dec-2017
15853, 36 months,14.89,E,5 years,MORTGAGE,26966.0,Source Verified,debt_consolidation,23.51,0,29,0,54603,90.8,45,385,Jan-2016,506.42,389,Aug-2007,Fully Paid,18230.949999999997,0.0,Dec-2017
33181, 36 months,25.69,A,10+ years,MORTGAGE,76880.0,Source Verified,car,26.91,0,16,0,52374,8.4,19,375,Dec-2016,1059.95,379,Jun-2002,Fully Paid,38158.149999999994,0.0,Dec-2017
3598, 36 months,8.24,F,5 years,OWN,50147.0,Verified,credit_card,16.9,0,17,0,24663,79.6,12,410,Sep-2014,114.94,414,Jul-1997,Fully Paid,4137.7,0.0,Dec-2017
19307, 36 months,23.13,F,5 years,RENT,181946.0,Not Verified,credit_card,14.24,1,5,0,17605,9.5,40,420,Feb-2017,616.75,424,Apr-2004,In Grace Period,22203.05,0.0,Dec-2017
32421, 60 months,19.5,B,1 year,OWN,49324.0,Verified,debt_consolidation,6.66,0,4,0,38816,13.1,14,330,Apr-2012,621.4,334,May-1982,Fully Paid,37284.149999999994,0.0,Dec-2017
15104, 36 months,14.94,B,5 years,MORTGAGE,28408.0,Not Verified,debt_consolidation,19.61,0,14,0,51369,11.9,59,380,Apr-2014,482.49,384,Jan-1998,Fully Paid,17369.6,0.0,Dec-2017
15727, 36 months,20.33,F,5 years,RENT,146860.0,Source Verified,small_business,18.22,0,26,0,19838,37.0,57,350,Jan-2014,502.39,354,Sep-1993,Fully Paid,18086.05,0.0,Dec-2017
22767, 36 months,11.96,D,10+ years,MORTGAGE,69693.0,Source Verified,car,22.07,0,23,0,10749,57.9,26,350,Nov-2017,727.28,354,May-1989,Fully Paid,26182.05,0.0,Dec-2017
30118, 36 months,24.66,C,10+ years,MORTGAGE,97556.0,Source Verified,small_business,17.05,0,14,0,48978,74.1,8,380,Mar-2012,962.1,384,Aug-1996,Fully Paid,34635.7,0.0,Dec-2017
5500, 36 months,22.27,D,5 years,OWN,54743.0,Source Verified,small_business,29.18,0,9,1,59132,75.6,10,370,Nov-2012,175.69,374,May-2008,Fully Paid,6324.999999999999,0.0,Dec-2017
35670, 36 months,27.0,C,,MORTGAGE,32880.0,Verified,debt_consolidation,13.28,0,29,1,41286,47.0,4,390,Feb-2015,1139.46,394,Jun-1990,Fully Paid,41020.5,0.0,Dec-2017
20445, 36 months,24.06,C,1 year,RENT,115263.0,Verified,small_business,9.59,1,22,0,9831,27.2,21,355,Jan-2016,653.1,359,Oct-2009,Fully Paid,23511.75,0.0,Dec-2017
27366, 36 months,7.22,F,< 1 year,OWN,30746.0,Verified,small_business,16.54,1,28,0,43415,66.8,33,355,Apr-2012,874.19,359,Jan-2002,Fully Paid,31470.899999999998,0.0,Dec-2017
5171, 36 months,11.54,D,1 year,RENT,117145.0,Verified,small_business,30.16,0,28,0,47811,76.1,25,395,May-2013,165.18,399,May-1989,Fully Paid,5946.65,0.0,Dec-2017
11762, 60 months,20.49,E,< 1 year,OWN,73216.0,Not Verified,small_business,0.08,0,15,0,58922,1.1,21,400,Mar-2012,225.44,404,Apr-1993,Fully Paid,13526.3,0.0,Dec-2017
4910, 36 months,12.54,C,< 1 year,RENT,175086.0,Source Verified,credit_card,30.36,0,19,0,55382,41.7,53,410,Mar-2016,156.85,414,Mar-1991,Fully Paid,5646.5,0.0,Dec-2017
25116, 36 months,16.33,A,< 1 year,RENT,52444.0,Verified,small_business,18.95,0,29,0,29481,81.7,4,330,May-2014,802.32,334,Nov-2003,Fully Paid,28883.399999999998,0.0,Dec-2017
35920, 36 months,6.79,B,< 1 year,MORTGAGE,39582.0,Verified,debt_consolidation,17.58,0,6,0,49545,19.1,10,335,Oct-2014,1147.44,339,Oct-2002,Fully Paid,41308.0,0.0,Dec-2017
39460, 36 months,10.76,B,< 1 year,MORTGAGE,40144.0,Not Verified,small_business,13.36,0,22,0,37759,44.1,14,405,Mar-2016,1260.53,409,Jan-2012,Fully Paid,45379.0,0.0,Dec-2017
23928, 36 months,21.49,G,1 year,RENT,40624.0,Not Verified,small_business,22.57,0,6,0,52772,88.5,58,410,Mar-2012,764.37,414,Feb-1997,Fully Paid,27517.199999999997,0.0,Dec-2017
6684, 36 months,14.79,D,5 years,OWN,64514.0,Verified,debt_consolidation,27.65,0,27,0,25682,44.4,46,395,Oct-2014,213.52,399,Feb-2001,Fully Paid,7686.599999999999,0.0,Dec-2017
29877, 60 months,23.25,F,1 year,OWN,61885.0,Source Verified,credit_card,26.91,0,27,0,35495,53.2,51,355,Apr-2012,572.64,359,Nov-2004,Fully Paid,34358.549999999996,0.0,Dec-2017
27674, 60 months,17.88,C,10+ years,MORTGAGE,27441.0,Verified,car,28.43,2,11,0,50679,63.3,16,350,May-2015,530.42,354,Aug-1992,Fully Paid,31825.1,0.0,Dec-2017
6824, 36 months,24.2,F,5 years,OWN,41349.0,Not Verified,car,19.28,0,5,1,55096,14.2,52,410,Oct-2013,217.99,414,Mar-2009,Fully Paid,7847.599999999999,0.0,Dec-2017
30905, 36 months,7.32,D,,RENT,58462.0,Source Verified,small_business,3.64,0,18,0,16853,2.9,36,415,Jan-2015,987.24,419,Jun-1993,Fully Paid,35540.75,0.0,Dec-2017
3243, 36 months,27.1,E,5 years,MORTGAGE,27272.0,Source Verified,credit_card,24.02,0,24,0,30162,75.9,36,390,Aug-2012,103.6,394,May-2001,Fully Paid,3729.45,0.0,Dec-2017
28725, 60 months,7.97,G,< 1 year,RENT,26121.0,Source Verified,debt_consolidation,11.32,1,22,0,47885,8.5,27,360,Oct-2012,550.56,364,Jun-1986,Fully Paid,33033.75,0.0,Dec-2017
18993, 60 months,18.24,E,5 years,OWN,74838.0,Source Verified,small_business,13.55,0,7,0,56621,43.3,23,360,Feb-2016,364.03,364,Jan-2001,Fully Paid,21841.949999999997,0.0,Dec-2017
23938, 36 months,7.2,G,,OWN,38697.0,Verified,debt_consolidation,22.3,0,2,0,34037,74.7,58,340,May-2017,764.69,344,Jan-1999,Fully Paid,27528.699999999997,0.0,Dec-2017
13084, 60 months,26.22,G,5 years,MORTGAGE,60589.0,Source Verified,small_business,28.63,0,14,0,44491,26.6,48,365,Oct-2014,250.78,369,Apr-1991,Charged Off,5233.6,654.2,Dec-2017
5144, 36 months,7.38,F,10+ years,MORTGAGE,39844.0,Not Verified,debt_consolidation,13.08,0,22,0,44387,77.0,6,330,Jan-2013,164.32,334,Jul-1991,Fully Paid,5915.599999999999,0.0,Dec-2017
4277, 60 months,8.74,F,1 year,RENT,64009.0,Not Verified,debt_consolidation,17.21,0,20,0,34728,95.8,38,370,Nov-2015,81.98,374,Aug-2008,Fully Paid,4918.549999999999,0.0,Dec-2017
25192, 60 months,19.19,B,1 year,OWN,13469.0,Source Verified,credit_card,15.13,0,11,0,30164,40.4,26,385,Oct-2017,482.85,389,Apr-1997,Late (31-120 days),10076.800000000001,1259.6000000000001,Dec-2017
7788, 60 months,23.5,G,,RENT,41964.0,Not Verified,car,16.32,1,13,0,25951,51.3,31,360,Dec-2015,149.27,364,Jun-1998,Fully Paid,8956.199999999999,0.0,Dec-2017
13780, 60 months,12.85,E,,OWN,100119.0,Verified,credit_card,5.83,0,9,0,4020,87.9,34,360,Mar-2012,264.12,364,Dec-2007,Fully Paid,15846.999999999998,0.0,Dec-2017
24052, 36 months,7.51,D,5 years,OWN,115876.0,Not Verified,debt_consolidation,17.58,0,14,1,46329,15.0,45,330,Apr-2012,768.33,334,Mar-2009,Fully Paid,27659.8,0.0,Dec-2017
25925, 36 months,15.58,E,10+ years,OWN,59151.0,Source Verified,car,12.22,0,15,0,51332,0.7,36,340,Jul-2015,828.16,344,Oct-1991,Fully Paid,29813.749999999996,0.0,Dec-2017
4026, 36 months,19.88,F,,OWN,45332.0,Source Verified,credit_card,13.05,0,15,0,40771,1.0,34,370,Jun-2014,128.61,374,Feb-1996,Fully Paid,4629.9,0.0,Dec-2017
25596, 36 months,21.66,D,< 1 year,OWN,52933.0,Not Verified,credit_card,10.29,0,27,1,33742,4.2,49,360,Feb-2013,817.65,364,May-1988,Fully Paid,29435.399999999998,0.0,Dec-2017
37756, 36 months,22.5,A,5 years,MORTGAGE,88968.0,Verified,credit_card,7.9,0,8,3,49876,81.3,45,400,Feb-2016,1206.09,404,May-2009,Fully Paid,43419.399999999994,0.0,Dec-2017
23200, 60 months,14.31,G,10+ years,RENT,20704.0,Source Verified,debt_consolidation,23.17,0,23,0,36005,32.1,43,370,Mar-2012,444.67,374,Aug-1993,Fully Paid,26679.999999999996,0.0,Dec-2017
1423, 36 months,12.06,D,,RENT,58400.0,Verified,debt_consolidation,14.39,1,5,0,30117,11.2,9,330,May-2017,45.46,334,Feb-1992,In Grace Period,1636.4499999999998,0.0,Dec-2017
32428, 36 months,25.65,G,,OWN,154346.0,Not Verified,small_business,11.25,0,14,0,56032,87.5,9,405,Feb-2012,1035.89,409,Nov-1994,Fully Paid,37292.2,0.0,Dec-2017
15308, 36 months,7.33,C,1 year,RENT,20704.0,Source Verified,credit_card,14.49,0,9,0,31094,2.0,14,395,Sep-2017,489.01,399,Oct-1995,Fully Paid,17604.199999999997,0.0,Dec-2017
5776, 36 months,17.19,C,,RENT,45335.0,Verified,car,15.94,0,5,0,20226,99.0,43,350,Nov-2016,184.51,354,Nov-1996,In Grace Period,6642.4,0.0,Dec-2017
16923, 36 months,26.61,G,10+ years,RENT,53919.0,Source Verified,credit_card,28.89,0,28,0,2834,63.6,42,410,Apr-2014,540.6,414,Mar-1997,Fully Paid,19461.449999999997,0.0,Dec-2017
25042, 36 months,25.9,C,5 years,RENT,46500.0,Not Verified,debt_consolidation,0.0,0,24,0,54747,31.9,14,380,Nov-2012,799.95,384,Feb-2004,Fully Paid,28798.3,0.0,Dec-2017
8601, 36 months,13.62,D,< 1 year,RENT,83807.0,Source Verified,car,9.89,0,28,0,9852,78.9,46,350,Jun-2015,274.75,354,Apr-2010,Fully Paid,9891.15,0.0,Dec-2017
10726, 36 months,9.22,A,,MORTGAGE,29313.0,Source Verified,small_business,31.41,0,4,0,33431,99.7,57,330,Dec-2016,342.64,334,Dec-2009,Fully Paid,12334.9,0.0,Dec-2017
28667, 36 months,10.55,C,< 1 year,MORTGAGE,78042.0,Not Verified,small_business,11.24,0,25,0,21372,46.4,48,360,Aug-2017,915.75,364,Sep-2006,Current,32967.049999999996,0.0,Dec-2017
21362, 36 months,20.58,C,,OWN,55925.0,Source Verified,debt_consolidation,28.47,0,10,0,29487,87.1,20,400,Sep-2012,682.4,404,May-1989,Fully Paid,24566.3,0.0,Dec-2017
38130, 36 months,13.92,C,< 1 year,OWN,51213.0,Verified,car,20.58,0,4,0,9284,87.6,19,390,Apr-2012,1218.04,394,Jan-2003,Fully Paid,43849.5,0.0,Dec-2017
39615, 36 months,27.07,B,10+ years,MORTGAGE,31899.0,Not Verified,debt_consolidation,5.18,0,27,0,26733,99.7,43,400,Nov-2017,1265.48,404,Mar-2012,Current,15846.0,1980.75,Dec-2017
13808, 36 months,7.99,A,,OWN,59015.0,Verified,car,17.24,0,12,0,59251,30.3,59,380,Nov-2017,441.09,384,Jun-2005,Fully Paid,15879.199999999999,0.0,Dec-2017
8031, 60 months,23.03,A,5 years,OWN,55174.0,Not Verified,debt_consolidation,21.78,0,4,0,29516,9.1,26,345,Jan-2014,153.93,349,Nov-1995,Fully Paid,9235.65,0.0,Dec-2017
4110, 36 months,21.42,A,,RENT,82968.0,Not Verified,credit_card,21.59,1,11,0,7511,16.7,51,345,Sep-2014,131.29,349,Feb-2003,Charged Off,1644.0,205.5,Dec-2017
38970, 36 months,9.83,B,1 year,OWN,48603.0,Not Verified,small_business,18.28,0,7,0,45492,95.6,30,380,May-2013,1244.88,384,Dec-1986,Fully Paid,44815.5,0.0,Dec-2017
12605, 60 months,11.64,B,,MORTGAGE,26671.0,Not Verified,car,16.88,0,8,0,53936,72.7,14,410,Feb-2017,241.6,414,Apr-1998,Fully Paid,14495.749999999998,0.0,Dec-2017
7534, 36 months,10.03,F,< 1 year,MORTGAGE,14467.0,Not Verified,small_business,17.9,0,14,0,43542,55.4,7,335,Nov-2014,240.67,339,Apr-2004,Fully Paid,8664.099999999999,0.0,Dec-2017
6072, 60 months,25.79,F,10+ years,RENT,288528.0,Not Verified,car,5.54,1,17,0,38213,86.8,37,385,Jan-2013,116.38,389,Feb-1990,Fully Paid,6982.799999999999,0.0,Dec-2017
13691, 36 months,13.27,G,5 years,OWN,70165.0,Source Verified,car,16.61,2,29,0,17766,46.6,35,355,May-2013,437.35,359,May-2009,Fully Paid,15744.65,0.0,Dec-2017
34078, 36 months,25.28,E,,MORTGAGE,60348.0,Not Verified,small_business,8.03,1,17,0,9561,63.2,37,390,Aug-2017,1088.6,394,Jan-2009,Fully Paid,39189.7,0.0,Dec-2017
27847, 36 months,20.88,C,< 1 year,MORTGAGE,32655.0,Not Verified,debt_consolidation,17.09,1,25,0,18891,87.9,49,380,Jun-2013,889.56,384,Jul-2001,Fully Paid,32024.05,0.0,Dec-2017
12170, 60 months,17.1,F,< 1 year,MORTGAGE,72179.0,Not Verified,car,5.32,0,17,0,199,54.0,49,340,Aug-2016,233.26,344,May-2011,Current,13995.499999999998,0.0,Dec-2017
19390, 60 months,6.59,C,1 year,MORTGAGE,44851.0,Not Verified,small_business,10.13,0,19,0,58387,13.0,16,340,Jul-2015,371.64,344,Oct-1992,Fully Paid,22298.5,0.0,Dec-2017
24445, 36 months,22.05,A,10+ years,RENT,77759.0,Verified,credit_card,27.13,1,26,1,55514,9.2,11,365,Nov-2015,780.88,369,May-2002,Fully Paid,28111.749999999996,0.0,Dec-2017
17944, 36 months,13.77,G,,OWN,104072.0,Verified,credit_card,17.5,0,4,0,38871,13.5,54,395,Jun-2017,573.21,399,Jan-2001,In Grace Period,20635.6,0.0,Dec-2017
10978, 36 months,9.75,B,10+ years,OWN,77480.0,Verified,debt_consolidation,11.51,2,15,0,13930,91.2,5,345,Jan-2013,350.69,349,May-1993,Fully Paid,12624.699999999999,0.0,Dec-2017
1165, 36 months,20.4,E,,MORTGAGE,57900.0,Source Verified,small_business,15.81,0,23,0,2690,15.1,39,335,Dec-2017,37.22,339,May-2006,Fully Paid,1339.75,0.0,Dec-2017
2476, 36 months,10.38,A,5 years,OWN,30495.0,Source Verified,car,0.0,0,19,1,25826,37.9,31,385,Aug-2014,79.09,389,Jun-1991,Fully Paid,2847.3999999999996,0.0,Dec-2017
10931, 36 months,25.18,C,10+ years,RENT,22713.0,Not Verified,credit_card,3.04,0,25,0,19788,70.2,44,420,Jun-2012,349.18,424,Apr-1991,Fully Paid,12570.65,0.0,Dec-2017
21339, 36 months,9.57,D,5 years,MORTGAGE,110875.0,Source Verified,debt_consolidation,16.59,0,4,0,18855,10.6,25,420,Jul-2015,681.66,424,Jul-2001,Fully Paid,24539.85,0.0,Dec-2017
15638, 36 months,26.76,C,5 years,MORTGAGE,30029.0,Verified,small_business,25.58,0,27,0,25008,27.2,32,355,Oct-2014,499.55,359,Oct-1998,Fully Paid,17983.699999999997,0.0,Dec-2017
30595, 36 months,18.22,F,,MORTGAGE,14049.0,Source Verified,car,17.11,0,5,0,45036,78.4,11,350,May-2014,977.34,354,Dec-2002,Fully Paid,35184.25,0.0,Dec-2017
26668, 36 months,11.25,A,10+ years,OWN,142938.0,Verified,debt_consolidation,10.96,0,9,0,41248,0.5,27,375,Mar-2013,851.89,379,Mar-1987,Fully Paid,30668.199999999997,0.0,Dec-2017
33875, 36 months,12.72,A,,RENT,66391.0,Verified,car,45.11,0,6,0,18074,92.6,5,370,May-2017,1082.12,374,May-1999,In Grace Period,38956.25,0.0,Dec-2017
34010, 36 months,17.02,A,,RENT,68797.0,Source Verified,credit_card,17.58,0,14,0,33625,31.4,6,340,Apr-2012,1086.43,344,Feb-2009,Fully Paid,39111.5,0.0,Dec-2017
12700, 36 months,19.76,B,,OWN,95936.0,Verified,credit_card,18.84,0,9,1,33089,63.2,9,420,Apr-2015,405.69,424,Feb-2003,Fully Paid,14604.999999999998,0.0,Dec-2017
4857, 36 months,18.75,C,5 years,MORTGAGE,114500.0,Source Verified,credit_card,13.85,0,17,0,18283,38.7,30,420,Mar-2013,155.15,424,Jul-1992,Fully Paid,5585.549999999999,0.0,Dec-2017
3853, 36 months,27.86,G,5 years,RENT,133991.0,Not Verified,car,18.31,0,7,0,2374,31.7,44,330,Jul-2012,123.08,334,May-1994,Fully Paid,4430.95,0.0,Dec-2017
7201, 60 months,14.8,B,< 1 year,MORTGAGE,18279.0,Not Verified,credit_card,13.99,1,7,0,50671,94.0,45,350,Jun-2013,138.02,354,Feb-2005,Fully Paid,8281.15,0.0,Dec-2017
11263, 36 months,18.06,B,10+ years,OWN,215065.0,Source Verified,debt_consolidation,23.66,0,9,1,34935,51.4,42,360,Mar-2017,359.79,364,Jul-2011,In Grace Period,12952.449999999999,0.0,Dec-2017
10345, 36 months,17.72,F,,RENT,39882.0,Not Verified,credit_card,11.92,0,27,0,56487,23.7,30,355,Apr-2016,330.47,359,Jun-1988,Fully Paid,11896.749999999998,0.0,Dec-2017
19810, 36 months,7.25,D,5 years,OWN,46122.0,Not Verified,debt_consolidation,19.94,0,12,0,54028,96.1,55,345,Nov-2013,632.82,349,May-1991,Fully Paid,22781.5,0.0,Dec-2017
11729, 36 months,23.01,A,,MORTGAGE,151006.0,Verified,car,21.05,0,27,0,57916,97.0,33,370,Aug-2017,374.68,374,Jan-2004,Current,13488.349999999999,0.0,Dec-2017
35965, 36 months,16.92,B,1 year,MORTGAGE,76511.0,Source Verified,car,23.22,1,19,0,7405,81.6,4,390,Jan-2013,1148.88,394,Feb-2007,Fully Paid,41359.75,0.0,Dec-2017
26859, 36 months,24.88,D,,RENT,80824.0,Not Verified,car,24.45,0,17,0,53200,68.1,54,405,Jul-2014,858.0,409,Jul-1984,Fully Paid,30887.85,0.0,Dec-2017
33309, 36 months,18.15,C,5 years,MORTGAGE,154210.0,Source Verified,debt_consolidation,10.02,0,7,0,18930,58.7,7,420,Nov-2015,1064.04,424,Jul-1990,Fully Paid,38305.35,0.0,Dec-2017
9454, 36 months,27.48,B,,RENT,41556.0,Verified,credit_card,10.3,0,17,0,35028,50.2,47,420,Jun-2012,302.0,424,Mar-2010,Fully Paid,10872.099999999999,0.0,Dec-2017
8148, 60 months,19.2,F,,MORTGAGE,80285.0,Not Verified,small_business,15.2,0,27,0,18034,35.1,42,340,Nov-2016,156.17,344,Aug-1997,Fully Paid,9370.199999999999,0.0,Dec-2017
35548, 60 months,6.1,D,10+ years,RENT,84129.0,Source Verified,car,3.28,1,19,0,58415,23.4,32,335,Nov-2013,681.34,339,Mar-1997,Fully Paid,40880.2,0.0,Dec-2017
22358, 36 months,7.49,A,10+ years,RENT,150487.0,Not Verified,credit_card,10.71,0,4,0,3988,39.4,10,375,Sep-2013,714.21,379,Jul-1994,Fully Paid,25711.699999999997,0.0,Dec-2017
33311, 36 months,26.77,E,< 1 year,MORTGAGE,97538.0,Source Verified,car,10.82,1,12,0,42733,30.8,53,395,May-2014,1064.1,399,Jul-2009,Fully Paid,38307.649999999994,0.0,Dec-2017
22788, 60 months,15.55,E,,OWN,67788.0,Not Verified,debt_consolidation,24.62,0,23,0,37558,67.8,4,330,Dec-2014,436.77,334,Jul-2010,Fully Paid,26206.199999999997,0.0,Dec-2017
15189, 60 months,27.05,E,10+ years,RENT,77152.0,Verified,small_business,21.92,0,4,0,32561,23.8,19,345,Jan-2015,291.12,349,Apr-1988,Fully Paid,17467.35,0.0,Dec-2017
15957, 36 months,13.97,E,< 1 year,OWN,64134.0,Verified,debt_consolidation,16.78,0,14,0,108,4.4,16,350,Oct-2017,509.74,354,Aug-1994,Fully Paid,18350.55,0.0,Dec-2017
10798, 60 months,18.26,A,10+ years,MORTGAGE,49229.0,Verified,debt_consolidation,7.82,0,24,0,29908,19.5,24,380,Jan-2012,206.96,384,Aug-2003,Charged Off,4319.2,539.9,Dec-2017
23610, 60 months,17.73,G,,MORTGAGE,97526.0,Not Verified,car,20.27,0,8,0,38854,37.5,29,350,Aug-2014,452.52,354,Aug-1993,Fully Paid,27151.499999999996,0.0,Dec-2017
23139, 36 months,26.06,F,10+ years,OWN,28926.0,Not Verified,credit_card,10.86,0,3,0,33507,14.3,9,360,Nov-2015,739.16,364,Sep-2005,Fully Paid,26609.85,0.0,Dec-2017
37329, 60 months,7.58,G,10+ years,RENT,56632.0,Verified,car,17.98,0,17,0,14575,45.2,44,410,Mar-2014,715.47,414,Jun-1986,Fully Paid,42928.35,0.0,Dec-2017
22134, 36 months,17.81,G,5 years,RENT,38505.0,Verified,debt_consolidation,10.34,0,16,0,33599,22.3,18,380,Nov-2013,707.06,384,Oct-1995,Fully Paid,25454.1,0.0,Dec-2017
5172, 36 months,27.21,D,,RENT,42273.0,Source Verified,credit_card,14.9,0,21,1,17522,21.2,15,375,Apr-2015,165.22,379,Dec-1989,Fully Paid,5947.799999999999,0.0,Dec-2017
28822, 36 months,22.48,E,< 1 year,OWN,56891.0,Source Verified,credit_card,7.47,2,14,1,12694,37.9,17,335,Mar-2015,920.7,339,Oct-2003,Fully Paid,33145.299999999996,0.0,Dec-2017
37623, 36 months,9.17,B,5 years,OWN,117366.0,Not Verified,car,15.61,0,25,0,43628,27.4,22,390,Mar-2016,1201.85,394,Dec-2002,Fully Paid,43266.45,0.0,Dec-2017
9337, 36 months,7.18,A,10+ years,RENT,64215.0,Verified,small_business,15.33,0,3,0,36221,11.7,5,360,Jan-2015,298.27,364,Aug-2012,Fully Paid,10737.55,0.0,Dec-2017
21942, 36 months,6.51,C,1 year,MORTGAGE,44102.0,Not Verified,small_business,10.31,0,9,0,59461,53.1,43,355,Nov-2015,700.92,359,Jan-2000,Fully Paid,25233.3,0.0,Dec-2017
15474, 60 months,16.98,F,5 years,MORTGAGE,142080.0,Source Verified,car,16.63,0,6,1,57739,68.1,44,405,Dec-2012,296.58,409,Sep-1995,Fully Paid,17795.1,0.0,Dec-2017
29228, 36 months,16.51,E,1 year,RENT,34193.0,Verified,car,13.06,0,24,0,7057,35.2,27,390,Mar-2012,933.67,394,Mar-1997,Fully Paid,33612.2,0.0,Dec-2017
38267, 36 months,21.49,B,10+ years,OWN,78866.0,Verified,credit_card,16.4,0,6,0,25833,87.1,59,365,Feb-2013,1222.42,369,Mar-1997,Fully Paid,44007.049999999996,0.0,Dec-2017
14694, 36 months,27.7,D,1 year,RENT,200677.0,Source Verified,car,2.78,0,16,0,41688,48.3,6,390,Aug-2017,469.39,394,Apr-2010,Fully Paid,16898.1,0.0,Dec-2017
6895, 36 months,8.05,A,10+ years,OWN,163313.0,Verified,small_business,20.35,2,12,0,16986,54.1,9,390,Jan-2017,220.26,394,May-2009,Current,7929.249999999999,0.0,Dec-2017
2899, 36 months,15.04,E,,OWN,101397.0,Source Verified,credit_card,18.66,0,13,0,1918,42.9,45,335,Oct-2014,92.61,339,Aug-1994,Fully Paid,3333.85,0.0,Dec-2017
22447, 36 months,13.78,B,,RENT,68587.0,Not Verified,credit_card,14.1,0,2,0,19351,90.4,7,365,Feb-2017,717.06,369,Apr-1996,Late (31-120 days),25814.05,0.0,Dec-2017
8912, 36 months,20.38,C,,MORTGAGE,68516.0,Not Verified,debt_consolidation,14.31,0,2,0,2515,79.2,23,350,Mar-2016,284.69,354,Jan-1992,Charged Off,3564.8,445.6,Dec-2017
38487, 36 months,26.05,C,10+ years,OWN,31004.0,Not Verified,car,14.34,0,15,0,21722,74.0,30,390,May-2014,1229.45,394,Oct-1992,Fully Paid,44260.049999999996,0.0,Dec-2017
8214, 36 months,15.26,A,< 1 year,RENT,117201.0,Not Verified,small_business,17.46,1,7,0,15175,54.5,29,375,Aug-2015,262.39,379,Sep-1985,Fully Paid,9446.099999999999,0.0,Dec-2017
25669, 60 months,24.63,C,1 year,MORTGAGE,29371.0,Source Verified,credit_card,27.54,0,26,0,17422,81.5,15,405,Aug-2012,491.99,409,Apr-2007,Fully Paid,29519.35,0.0,Dec-2017
19936, 60 months,25.34,F,5 years,MORTGAGE,34436.0,Verified,debt_consolidation,12.31,1,3,0,59331,70.6,37,375,Dec-2012,382.11,379,Aug-1993,Fully Paid,22926.399999999998,0.0,Dec-2017
5409, 36 months,17.01,G,5 years,RENT,115135.0,Verified,car,10.55,0,16,0,58443,34.5,33,420,Jun-2012,172.79,424,Mar-2007,Fully Paid,6220.349999999999,0.0,Dec-2017
19859, 60 months,18.37,B,< 1 year,RENT,48382.0,Source Verified,credit_card,19.86,0,10,0,24720,4.3,28,365,Dec-2017,380.63,369,Nov-2009,Late (31-120 days),22837.85,0.0,Dec-2017
13268, 36 months,16.43,C,10+ years,OWN,45652.0,Source Verified,credit_card,8.61,0,10,0,37691,92.9,25,355,Jan-2012,423.84,359,May-2000,Fully Paid,15258.199999999999,0.0,Dec-2017
25017, 36 months,6.11,F,10+ years,MORTGAGE,33346.0,Verified,small_business,0.87,1,2,0,47710,50.5,5,340,Sep-2016,799.15,344,Feb-2006,Current,28769.55,0.0,Dec-2017
27690, 36 months,17.03,B,< 1 year,RENT,58157.0,Verified,small_business,12.31,0,12,0,794,25.5,34,350,Jan-2017,884.54,354,Aug-1988,In Grace Period,31843.499999999996,0.0,Dec-2017
22149, 36 months,24.09,B,,MORTGAGE,104165.0,Verified,debt_consolidation,29.24,0,25,1,55210,77.8,47,335,Jan-2016,707.54,339,Jun-1994,Fully Paid,25471.35,0.0,Dec-2017
36952, 36 months,26.16,G,1 year,OWN,101979.0,Source Verified,debt_consolidation,18.2,1,16,1,46889,67.4,45,410,Jun-2015,1180.41,414,Nov-1997,Fully Paid,42494.799999999996,0.0,Dec-2017
36018, 36 months,19.06,B,,RENT,110624.0,Source Verified,small_business,22.2,0,5,0,39416,84.8,30,390,Aug-2013,1150.57,394,May-1989,Fully Paid,41420.7,0.0,Dec-2017
15084, 60 months,27.09,E,,RENT,52605.0,Not Verified,small_business,17.6,0,18,0,27581,63.3,21,345,Dec-2014,289.11,349,May-2011,Fully Paid,17346.6,0.0,Dec-2017
33132, 36 months,11.1,E,1 year,RENT,64413.0,Source Verified,small_business,4.42,0,24,0,14251,5.6,50,400,Feb-2013,1058.38,404,Jan-1993,Fully Paid,38101.799999999996,0.0,Dec-2017
8859, 60 months,24.31,D,,RENT,13300.0,Not Verified,small_business,23.18,0,26,0,18861,17.8,7,385,Aug-2012,169.8,389,May-1986,Fully Paid,10187.849999999999,0.0,Dec-2017
33543, 36 months,24.06,E,,RENT,84161.0,Not Verified,credit_card,16.03,0,8,0,14191,83.3,39,335,Jul-2012,1071.51,339,Jul-2002,Fully Paid,38574.45,0.0,Dec-2017
19197, 60 months,25.47,D,1 year,MORTGAGE,105898.0,Verified,car,14.17,0,16,1,1250,81.7,7,395,Aug-2017,367.94,399,Jan-2012,In Grace Period,22076.55,0.0,Dec-2017
25746, 36 months,8.73,E,5 years,MORTGAGE,27727.0,Verified,car,12.2,0,24,0,24106,96.1,37,410,May-2015,822.44,414,Jun-2011,Fully Paid,29607.899999999998,0.0,Dec-2017
23815, 60 months,13.05,C,10+ years,RENT,62645.0,Verified,credit_card,40.74,0,17,0,35849,49.7,20,415,Mar-2016,456.45,419,Apr-1991,Fully Paid,27387.249999999996,0.0,Dec-2017
38767, 36 months,7.55,E,,OWN,104858.0,Verified,car,26.94,1,2,1,2729,27.0,49,410,Apr-2013,1238.39,414,Aug-1999,Fully Paid,44582.049999999996,0.0,Dec-2017
22485, 60 months,21.92,B,10+ years,MORTGAGE,123234.0,Not Verified,car,14.7,0,25,0,18040,25.3,57,380,May-2012,430.96,384,Nov-1989,Fully Paid,25857.749999999996,0.0,Dec-2017
39701, 60 months,18.98,D,5 years,RENT,20487.0,Not Verified,small_business,7.37,0,5,0,16975,67.8,54,340,Jul-2014,760.94,344,May-2011,Fully Paid,45656.149999999994,0.0,Dec-2017
32438, 36 months,15.83,G,1 year,OWN,147388.0,Source Verified,debt_consolidation,22.34,0,5,2,17358,97.6,7,330,Sep-2014,1036.21,334,Sep-2005,Fully Paid,37303.7,0.0,Dec-2017
1075, 36 months,25.6,C,5 years,OWN,64297.0,Not Verified,small_business,11.5,0,2,0,53437,36.9,13,350,Jul-2016,34.34,354,Jun-1987,Fully Paid,1236.25,0.0,Dec-2017
11062, 60 months,10.13,G,10+ years,MORTGAGE,55494.0,Not Verified,small_business,22.88,2,19,0,58060,74.2,36,395,Mar-2016,212.02,399,Jan-2000,Fully Paid,12721.3,0.0,Dec-2017
20528, 36 months,13.84,F,,OWN,98465.0,Verified,credit_card,20.17,0,12,0,44900,30.8,33,370,Aug-2015,655.76,374,Dec-1997,Fully Paid,23607.199999999997,0.0,Dec-2017
33634, 36 months,23.46,F,1 year,OWN,76327.0,Not Verified,credit_card,22.38,0,6,0,38844,44.5,40,365,Oct-2014,1074.42,369,Jan-1990,Fully Paid,38679.1,0.0,Dec-2017
7940, 36 months,13.36,A,,RENT,147243.0,Not Verified,small_business,19.17,0,28,0,57029,52.9,50,395,Nov-2013,253.64,399,Oct-1991,Fully Paid,9131.0,0.0,Dec-2017
33762, 36 months,21.78,F,5 years,OWN,39219.0,Not Verified,small_business,4.03,0,13,0,29502,76.0,58,415,Jul-2012,1078.51,419,Oct-2003,Fully Paid,38826.299999999996,0.0,Dec-2017
37016, 36 months,7.48,B,,RENT,46660.0,Not Verified,debt_consolidation,17.54,0,17,0,29093,80.1,33,390,Jul-2012,1182.46,394,Mar-2009,Fully Paid,42568.399999999994,0.0,Dec-2017
34673, 36 months,13.58,B,10+ years,RENT,24076.0,Verified,small_business,18.08,0,19,0,1164,4.8,26,335,Sep-2017,1107.61,339,Mar-2014,Late (31-120 days),39873.95,0.0,Dec-2017
10844, 36 months,10.02,C,1 year,MORTGAGE,44205.0,Not Verified,small_business,24.35,1,3,0,36349,28.1,18,380,Nov-2013,346.41,384,Jan-2009,Fully Paid,12470.599999999999,0.0,Dec-2017
17592, 36 months,7.21,E,,OWN,48993.0,Verified,small_business,5.27,2,7,0,24656,75.6,28,415,Apr-2014,561.97,419,Aug-1992,Fully Paid,20230.8,0.0,Dec-2017
33449, 36 months,27.31,C,5 years,OWN,120670.0,Source Verified,car,13.32,0,4,0,23827,57.9,30,410,Mar-2013,1068.51,414,Nov-2000,Fully Paid,38466.35,0.0,Dec-2017
26335, 36 months,7.78,F,10+ years,MORTGAGE,139222.0,Not Verified,credit_card,17.82,0,18,0,53809,80.2,52,330,Feb-2012,841.26,334,Dec-2009,Fully Paid,30285.249999999996,0.0,Dec-2017
16383, 60 months,11.59,E,10+ years,MORTGAGE,70429.0,Verified,small_business,19.22,0,28,0,52862,13.7,56,395,Apr-2015,314.01,399,Feb-2006,Fully Paid,18840.449999999997,0.0,Dec-2017
23322, 36 months,12.62,B,5 years,RENT,68246.0,Source Verified,small_business,12.72,0,24,0,2911,92.6,8,330,Nov-2012,745.01,334,Apr-2000,Fully Paid,26820.3,0.0,Dec-2017
3717, 36 months,15.07,E,< 1 year,RENT,82781.0,Source Verified,small_business,11.74,0,16,0,38143,20.4,57,390,Jul-2014,118.74,394,Aug-2003,Fully Paid,4274.549999999999,0.0,Dec-2017
29834, 36 months,14.37,A,1 year,MORTGAGE,68412.0,Verified,credit_card,2.43,0,6,1,58375,55.7,24,415,May-2012,953.03,419,Mar-1983,Fully Paid,34309.1,0.0,Dec-2017
18165, 36 months,26.47,D,,MORTGAGE,21834.0,Source Verified,car,25.45,0,28,0,38694,20.2,59,405,Feb-2014,580.27,409,Oct-1991,Charged Off,7266.0,908.25,Dec-2017
13999, 36 months,21.67,E,5 years,MORTGAGE,40277.0,Source Verified,car,21.63,0,9,2,14927,30.3,38,375,Dec-2017,447.19,379,Sep-2013,Fully Paid,16098.849999999999,0.0,Dec-2017
27009, 36 months,21.27,F,< 1 year,RENT,107561.0,Not Verified,small_business,5.28,0,20,0,19567,17.2,25,335,Apr-2014,862.79,339,May-2010,Fully Paid,31060.35,0.0,Dec-2017
15140, 60 months,23.44,C,1 year,MORTGAGE,39643.0,Source Verified,small_business,24.05,3,23,1,44892,41.8,55,420,Sep-2015,290.18,424,Aug-2006,Fully Paid,17411.0,0.0,Dec-2017
25378, 36 months,8.99,D,,MORTGAGE,67332.0,Source Verified,car,11.2,1,15,0,21440,90.1,59,390,Jun-2014,810.69,394,Jul-1993,Fully Paid,29184.699999999997,0.0,Dec-2017
19365, 60 months,14.48,D,,RENT,79767.0,Source Verified,debt_consolidation,32.23,0,18,1,21885,15.5,23,345,Mar-2014,371.16,349,Jul-2004,Fully Paid,22269.75,0.0,Dec-2017
20642, 60 months,9.64,G,1 year,RENT,61708.0,Not Verified,credit_card,21.73,2,20,0,1167,3.5,37,370,Jul-2014,395.64,374,Jun-1995,Fully Paid,23738.3,0.0,Dec-2017
26453, 36 months,16.14,B,5 years,RENT,23647.0,Not Verified,car,16.0,1,3,0,6464,26.7,39,415,Nov-2015,845.03,419,Dec-2004,Fully Paid,30420.949999999997,0.0,Dec-2017
7557, 60 months,14.48,B,,RENT,68340.0,Not Verified,debt_consolidation,28.81,0,27,0,51414,36.4,4,410,Dec-2013,144.84,414,Jan-1995,Fully Paid,8690.55,0.0,Dec-2017
39044, 60 months,7.11,C,5 years,OWN,55033.0,Source Verified,small_business,14.28,0,9,0,38440,65.3,17,330,Apr-2013,748.34,334,Sep-2008,Fully Paid,44900.6,0.0,Dec-2017
39606, 60 months,19.68,E,10+ years,MORTGAGE,101336.0,Source Verified,debt_consolidation,29.79,1,23,0,23856,3.9,27,350,Jul-2016,759.12,354,Sep-1993,Late (31-120 days),45546.899999999994,0.0,Dec-2017
32142, 36 months,15.62,E,,OWN,30431.0,Source Verified,debt_consolidation,17.25,0,2,0,58788,36.2,19,405,Aug-2017,1026.76,409,Mar-1994,Current,36963.299999999996,0.0,Dec-2017
27342, 36 months,26.71,C,5 years,RENT,32079.0,Not Verified,small_business,20.14,0,7,0,14335,54.2,18,340,Mar-2015,873.42,344,Jan-1994,Fully Paid,31443.3,0.0,Dec-2017
17992, 36 months,10.05,G,,OWN,47177.0,Verified,debt_consolidation,11.05,0,25,0,49275,14.2,38,370,Oct-2015,574.74,374,Nov-1990,Fully Paid,20690.8,0.0,Dec-2017
27434, 36 months,11.12,A,< 1 year,MORTGAGE,77892.0,Source Verified,car,8.31,0,15,0,22148,84.4,20,400,Jan-2012,876.36,404,Mar-1982,Fully Paid,31549.1,0.0,Dec-2017
19233, 60 months,13.93,D,,OWN,61270.0,Verified,car,15.16,0,8,1,44630,0.9,4,400,Apr-2017,368.63,404,Oct-1994,Current,22117.949999999997,0.0,Dec-2017
7279, 36 months,21.74,E,10+ years,MORTGAGE,50745.0,Not Verified,credit_card,17.71,0,21,0,41648,66.8,52,350,Jun-2014,232.52,354,Apr-2008,Fully Paid,8370.849999999999,0.0,Dec-2017
22191, 36 months,22.09,E,< 1 year,MORTGAGE,166544.0,Source Verified,car,23.67,1,6,0,35246,97.6,19,405,Dec-2012,708.88,409,Sep-1996,Fully Paid,25519.649999999998,0.0,Dec-2017
34991, 36 months,14.48,G,10+ years,MORTGAGE,49118.0,Verified,small_business,13.75,0,5,0,56599,11.5,20,370,May-2013,1117.77,374,Sep-1994,Fully Paid,40239.649999999994,0.0,Dec-2017
7862, 36 months,18.53,E,,OWN,67161.0,Not Verified,debt_consolidation,35.13,1,5,0,41213,7.2,42,345,Sep-2016,251.15,349,Nov-1999,Fully Paid,9041.3,0.0,Dec-2017
9850, 36 months,19.45,D,,RENT,38784.0,Verified,credit_card,6.21,0,6,0,10767,1.4,32,395,Jul-2015,314.65,399,Aug-1989,Fully Paid,11327.5,0.0,Dec-2017
1561, 60 months,26.44,G,< 1 year,MORTGAGE,26853.0,Verified,car,16.08,0,7,0,17557,89.8,34,360,Jul-2016,29.92,364,Dec-1991,Late (31-120 days),1795.1499999999999,0.0,Dec-2017
21169, 60 months,16.1,C,1 year,MORTGAGE,12442.0,Verified,debt_consolidation,23.98,0,14,0,29569,64.6,18,360,Jan-2017,405.74,364,Sep-1990,Fully Paid,24344.35,0.0,Dec-2017
32388, 36 months,16.07,B,5 years,OWN,55867.0,Verified,debt_consolidation,19.78,1,18,0,26346,50.6,35,415,Jun-2012,1034.62,419,Sep-1992,Fully Paid,37246.2,0.0,Dec-2017
3374, 60 months,22.55,D,,MORTGAGE,81157.0,Source Verified,debt_consolidation,19.54,0,16,1,53627,5.8,6,345,Jun-2016,64.67,349,Mar-1990,Late (31-120 days),3880.1,0.0,Dec-2017
15567, 36 months,8.55,A,,RENT,24806.0,Verified,car,6.77,0,28,1,29152,28.8,32,370,Mar-2013,497.28,374,Jan-2001,Fully Paid,17902.05,0.0,Dec-2017
25519, 36 months,22.28,C,1 year,OWN,60376.0,Source Verified,credit_card,22.71,0,26,0,44149,22.9,7,380,Sep-2012,815.19,384,Jun-1995,Fully Paid,29346.85,0.0,Dec-2017
21338, 36 months,9.95,C,5 years,OWN,47632.0,Verified,debt_consolidation,28.86,1,12,1,52235,19.2,42,385,Jan-2017,681.63,389,Sep-1999,In Grace Period,24538.699999999997,0.0,Dec-2017
27238, 36 months,13.71,B,,MORTGAGE,100045.0,Source Verified,debt_consolidation,26.01,1,25,0,35253,44.5,46,405,Jan-2015,870.1,409,Apr-2007,Fully Paid,31323.699999999997,0.0,Dec-2017
34279, 36 months,8.22,C,10+ years,RENT,110683.0,Source Verified,debt_consolidation,17.37,1,27,0,30065,81.8,32,375,Jul-2015,1095.02,379,Apr-1989,Fully Paid,39420.85,0.0,Dec-2017
35677, 36 months,9.69,C,< 1 year,MORTGAGE,33418.0,Verified,car,12.87,0,17,0,51955,97.3,24,420,Oct-2014,1139.68,424,Sep-1997,Fully Paid,41028.549999999996,0.0,Dec-2017
5462, 36 months,16.67,G,,RENT,43207.0,Source Verified,credit_card,25.38,1,3,0,55875,88.2,45,335,Jan-2012,174.48,339,Jan-2007,Fully Paid,6281.299999999999,0.0,Dec-2017
28447, 36 months,25.94,E,5 years,OWN,121821.0,Verified,debt_consolidation,15.95,0,12,1,39549,96.9,32,360,Aug-2014,908.72,364,May-2001,Fully Paid,32714.05,0.0,Dec-2017
27155, 36 months,7.7,F,,OWN,62476.0,Verified,credit_card,16.82,1,11,0,2336,8.6,15,400,Feb-2017,867.45,404,Jun-2000,Fully Paid,31228.249999999996,0.0,Dec-2017
33562, 36 months,12.7,G,10+ years,OWN,39563.0,Not Verified,car,25.83,0,13,0,36473,37.8,5,350,Mar-2014,1072.12,354,Oct-1995,Fully Paid,38596.299999999996,0.0,Dec-2017
16414, 60 months,13.15,D,5 years,MORTGAGE,21827.0,Source Verified,car,22.57,0,9,0,36874,77.7,48,355,Jan-2012,314.6,359,Mar-1988,Fully Paid,18876.1,0.0,Dec-2017
13594, 60 months,26.25,C,< 1 year,OWN,41363.0,Verified,credit_card,23.9,2,21,0,35357,52.1,20,380,Feb-2016,260.55,384,Jul-2007,Fully Paid,15633.099999999999,0.0,Dec-2017
35691, 36 months,20.48,G,< 1 year,MORTGAGE,24116.0,Not Verified,debt_consolidation,13.66,1,8,1,7218,2.4,57,370,Jun-2016,1140.13,374,Mar-1993,Fully Paid,41044.649999999994,0.0,Dec-2017
37545, 36 months,11.06,C,10+ years,OWN,126057.0,Verified,credit_card,9.32,1,6,0,30516,89.8,39,340,Sep-2012,1199.35,344,Jan-2002,Fully Paid,43176.75,0.0,Dec-2017
39107, 36 months,16.18,B,,MORTGAGE,139972.0,Verified,small_business,8.19,1,21,0,4608,24.8,42,395,Oct-2017,1249.25,399,Aug-1996,Late (31-120 days),44973.049999999996,0.0,Dec-2017
8625, 60 months,15.06,F,< 1 year,RENT,73672.0,Verified,car,1.24,1,24,0,38997,53.3,30,410,Apr-2012,165.31,414,Apr-1997,Fully Paid,9918.75,0.0,Dec-2017
9683, 36 months,27.12,F,5 years,OWN,17329.0,Not Verified,credit_card,33.98,0,16,0,46667,55.8,4,340,Jun-2012,309.32,344,Sep-1983,Fully Paid,11135.449999999999,0.0,Dec-2017
1832, 60 months,19.83,D,10+ years,MORTGAGE,26284.0,Source Verified,credit_card,6.67,0,18,1,54478,37.3,23,395,Nov-2015,35.11,399,Dec-2009,Fully Paid,2106.7999999999997,0.0,Dec-2017
18476, 36 months,12.46,C,1 year,MORTGAGE,24867.0,Verified,small_business,11.77,0,23,0,34753,17.4,50,410,Apr-2014,590.21,414,Sep-2006,Fully Paid,21247.399999999998,0.0,Dec-2017
29676, 36 months,7.53,F,< 1 year,RENT,75609.0,Source Verified,credit_card,35.68,0,13,0,12894,78.2,56,330,Mar-2013,947.98,334,Feb-1995,Fully Paid,34127.399999999994,0.0,Dec-2017
22372, 36 months,27.17,C,< 1 year,OWN,74013.0,Source Verified,debt_consolidation,13.13,0,16,0,17405,63.8,49,380,Dec-2012,714.66,384,Jun-2004,Fully Paid,25727.8,0.0,Dec-2017
32320, 36 months,6.86,A,1 year,RENT,56865.0,Not Verified,small_business,8.09,0,19,0,24993,89.2,11,420,Feb-2014,1032.44,424,Jan-1989,Fully Paid,37168.0,0.0,Dec-2017
15909, 36 months,6.44,D,< 1 year,MORTGAGE,62140.0,Source Verified,debt_consolidation,29.97,0,17,0,27950,63.4,41,385,Mar-2017,508.2,389,Feb-1993,Current,18295.35,0.0,Dec-2017
34132, 36 months,27.87,B,1 year,MORTGAGE,53217.0,Source Verified,small_business,17.84,0,5,0,21918,3.4,52,405,Jul-2017,1090.33,409,Mar-2010,Fully Paid,39251.799999999996,0.0,Dec-2017
14131, 36 months,26.16,C,5 years,RENT,67408.0,Not Verified,small_business,17.16,0,21,0,5483,21.4,40,365,Dec-2014,451.41,369,May-1997,Fully Paid,16250.65,0.0,Dec-2017
8559, 60 months,6.61,G,,OWN,63749.0,Not Verified,debt_consolidation,19.83,0,16,0,52474,55.3,59,405,Nov-2012,164.05,409,Jan-1983,Fully Paid,9842.849999999999,0.0,Dec-2017
18951, 36 months,23.38,E,5 years,RENT,87274.0,Not Verified,small_business,10.44,0,10,1,6742,40.5,5,330,Mar-2016,605.38,334,May-2012,Fully Paid,21793.649999999998,0.0,Dec-2017
36227, 36 months,25.5,A,,MORTGAGE,144767.0,Source Verified,debt_consolidation,20.57,1,25,0,43366,86.7,7,365,Feb-2017,1157.25,369,Jul-1988,Late (31-120 days),41661.049999999996,0.0,Dec-2017
36756, 36 months,15.37,D,5 years,MORTGAGE,166506.0,Source Verified,credit_card,19.19,0,4,0,55214,50.3,8,415,Jul-2016,1174.15,419,Oct-1991,Fully Paid,42269.399999999994,0.0,Dec-2017
25799, 36 months,7.21,F,< 1 year,MORTGAGE,110211.0,Verified,credit_card,24.48,0,7,0,52833,96.6,19,415,Jun-2014,824.13,419,Jul-1994,Fully Paid,29668.85,0.0,Dec-2017
36272, 36 months,24.97,F,1 year,MORTGAGE,64104.0,Not Verified,car,30.98,0,12,0,13357,46.9,21,390,Jan-2016,1158.69,394,Nov-2008,Fully Paid,41712.799999999996,0.0,Dec-2017
3708, 36 months,24.41,F,,OWN,36117.0,Not Verified,car,11.12,0,12,0,4020,67.6,43,380,Feb-2013,118.45,384,Apr-2007,Fully Paid,4264.2,0.0,Dec-2017
6848, 60 months,23.01,B,1 year,RENT,109229.0,Source Verified,car,33.89,0,29,0,48272,26.8,56,420,Oct-2017,131.25,424,Feb-1993,Late (31-120 days),7875.2,0.0,Dec-2017
37827, 36 months,16.55,F,1 year,RENT,75012.0,Not Verified,debt_consolidation,6.07,0,6,0,35748,85.7,54,330,Nov-2017,1208.36,334,Sep-2001,In Grace Period,43501.049999999996,0.0,Dec-2017
9085, 36 months,10.24,A,10+ years,MORTGAGE,57807.0,Not Verified,credit_card,9.22,0,25,1,29894,41.4,50,365,Sep-2013,290.22,369,Sep-1991,Fully Paid,10447.75,0.0,Dec-2017
14592, 60 months,23.31,E,1 year,RENT,46522.0,Verified,credit_card,3.52,1,26,0,28354,96.1,6,350,Aug-2015,279.68,354,Dec-2007,Fully Paid,16780.8,0.0,Dec-2017
34079, 36 months,17.31,B,5 years,RENT,59540.0,Source Verified,small_business,16.21,1,18,0,45605,95.8,45,375,Feb-2016,1088.63,379,Mar-2002,Fully Paid,39190.85,0.0,Dec-2017
8295, 36 months,23.72,D,,OWN,53297.0,Not Verified,car,21.3,1,8,0,58136,98.0,9,355,May-2013,264.98,359,Jul-2002,Charged Off,3318.0,414.75,Dec-2017
31181, 36 months,12.55,D,1 year,OWN,17271.0,Verified,car,10.77,0,6,0,14043,14.0,5,345,Oct-2017,996.06,349,Jun-1999,Fully Paid,35858.149999999994,0.0,Dec-2017
16236, 36 months,22.26,G,5 years,RENT,55885.0,Source Verified,debt_consolidation,14.23,0,15,0,57851,5.8,43,330,Jul-2016,518.65,334,Jan-1996,Current,18671.399999999998,0.0,Dec-2017
6448, 36 months,9.76,G,1 year,MORTGAGE,25337.0,Verified,car,4.32,1,2,0,8613,96.0,44,370,Sep-2016,205.98,374,Sep-1987,In Grace Period,7415.2,0.0,Dec-2017
29732, 36 months,26.69,A,10+ years,OWN,114286.0,Verified,small_business,31.57,0,27,0,44041,80.4,4,360,Mar-2014,949.77,364,Jun-1989,Charged Off,11892.800000000001,1486.6000000000001,Dec-2017
14100, 36 months,18.74,F,5 years,OWN,29398.0,Verified,debt_consolidation,11.92,1,7,0,55733,53.0,6,385,Mar-2012,450.42,389,Jan-1992,Charged Off,5640.0,705.0,Dec-2017
23332, 36 months,11.51,F,10+ years,MORTGAGE,59550.0,Not Verified,small_business,10.01,0,24,0,26199,69.2,53,330,Mar-2015,745.33,334,Aug-1994,Fully Paid,26831.8,0.0,Dec-2017
4407, 36 months,10.72,D,1 year,OWN,54723.0,Source Verified,debt_consolidation,17.07,0,9,0,26802,97.0,18,360,Jul-2013,140.78,364,May-2002,Fully Paid,5068.049999999999,0.0,Dec-2017
32973, 36 months,8.51,E,10+ years,MORTGAGE,35131.0,Verified,debt_consolidation,24.23,0,18,1,4590,47.4,30,350,Feb-2014,1053.3,354,Jan-1997,Fully Paid,37918.95,0.0,Dec-2017
38710, 36 months,15.14,G,,RENT,18535.0,Not Verified,car,18.39,0,9,0,22039,53.9,5,365,Mar-2017,1236.57,369,Aug-1994,Fully Paid,44516.5,0.0,Dec-2017
23424, 36 months,16.47,D,< 1 year,OWN,89490.0,Source Verified,small_business,28.74,0,23,0,38980,96.3,34,370,Dec-2012,748.27,374,Dec-1995,Fully Paid,26937.6,0.0,Dec-2017
25707, 60 months,21.25,C,10+ years,RENT,59087.0,Not Verified,credit_card,21.58,2,6,1,3272,69.7,20,405,Jun-2013,492.72,409,Jul-1989,Fully Paid,29563.05,0.0,Dec-2017
35214, 36 months,25.08,F,< 1 year,RENT,54887.0,Source Verified,car,5.59,0,13,1,17771,56.6,32,390,Dec-2016,1124.89,394,Aug-2007,Fully Paid,40496.1,0.0,Dec-2017
36848, 60 months,16.86,G,1 year,OWN,73467.0,Verified,credit_card,17.23,0,15,0,17899,27.3,35,380,Mar-2016,706.25,384,Dec-1998,Fully Paid,42375.2,0.0,Dec-2017
10183, 60 months,13.13,B,1 year,RENT,25681.0,Verified,small_business,0.55,0,11,1,30833,5.9,8,375,Mar-2016,195.17,379,Jul-1991,Fully Paid,11710.449999999999,0.0,Dec-2017
29697, 36 months,23.82,C,< 1 year,OWN,173313.0,Verified,credit_card,15.64,0,21,0,22967,90.1,34,400,May-2015,948.65,404,Jun-1995,Fully Paid,34151.549999999996,0.0,Dec-2017
18076, 36 months,21.63,A,10+ years,MORTGAGE,66483.0,Verified,debt_consolidation,3.36,1,13,0,49453,93.3,50,370,Jul-2013,577.43,374,Jul-1998,Fully Paid,20787.399999999998,0.0,Dec-2017
2096, 36 months,19.83,E,5 years,OWN,82887.0,Not Verified,car,12.45,1,10,0,12595,92.6,12,350,Sep-2017,66.96,354,May-2002,Charged Off,838.4000000000001,104.80000000000001,Dec-2017
21488, 36 months,21.0,B,5 years,RENT,30878.0,Not Verified,car,37.0,0,11,0,36849,98.1,29,340,Mar-2015,686.42,344,Oct-2012,Charged Off,8595.2,1074.4,Dec-2017
6649, 36 months,17.07,B,< 1 year,OWN,38288.0,Verified,car,28.52,2,12,0,11906,88.1,24,400,Jul-2012,212.4,404,Oct-2005,Fully Paid,7646.349999999999,0.0,Dec-2017
5409, 36 months,15.23,F,10+ years,RENT,69948.0,Not Verified,credit_card,16.41,1,6,0,11401,49.4,58,410,Jan-2012,172.79,414,Aug-2007,Fully Paid,6220.349999999999,0.0,Dec-2017
19476, 36 months,10.12,G,5 years,MORTGAGE,35467.0,Not Verified,car,10.51,0,22,0,11830,87.6,22,415,Apr-2013,622.15,419,Oct-1994,Fully Paid,22397.399999999998,0.0,Dec-2017
28265, 60 months,27.91,B,5 years,MORTGAGE,88321.0,Verified,credit_card,33.45,0,5,0,34237,20.1,18,400,Jan-2017,541.75,404,Feb-1991,Current,32504.749999999996,0.0,Dec-2017
15793, 36 months,6.53,A,1 year,OWN,106061.0,Verified,debt_consolidation,19.77,1,29,0,6990,72.2,9,395,Dec-2013,504.5,399,Feb-1999,Fully Paid,18161.949999999997,0.0,Dec-2017
27080, 36 months,7.28,C,,MORTGAGE,13050.0,Verified,car,11.44,1,21,0,24929,12.9,4,410,May-2013,865.06,414,Feb-1991,Fully Paid,31141.999999999996,0.0,Dec-2017
36589, 36 months,23.08,F,5 years,MORTGAGE,67696.0,Source Verified,car,13.86,1,7,0,21964,87.0,26,330,Mar-2012,1168.82,334,Jun-2009,Fully Paid,42077.35,0.0,Dec-2017
12693, 60 months,13.85,B,1 year,OWN,29190.0,Not Verified,small_business,33.3,0,24,0,19428,85.2,54,335,Nov-2013,243.28,339,Sep-1998,Fully Paid,14596.949999999999,0.0,Dec-2017
24706, 36 months,10.76,E,< 1 year,RENT,104825.0,Not Verified,small_business,10.77,0,15,0,58300,58.4,9,360,Jul-2015,789.22,364,Feb-1996,Fully Paid,28411.899999999998,0.0,Dec-2017
19494, 36 months,21.66,E,< 1 year,OWN,44257.0,Verified,small_business,5.89,0,12,0,12447,72.0,36,375,May-2017,622.72,379,May-1994,Current,22418.1,0.0,Dec-2017
35483, 36 months,27.48,B,,RENT,55886.0,Source Verified,credit_card,14.73,0,29,0,21586,46.8,47,340,May-2017,1133.48,344,Feb-2003,Fully Paid,40805.45,0.0,Dec-2017
38661, 36 months,15.23,F,,OWN,111666.0,Not Verified,credit_card,15.56,1,6,0,35202,4.1,43,385,Mar-2013,1235.0,389,Dec-2008,Fully Paid,44460.149999999994,0.0,Dec-2017
29337, 36 months,27.72,C,< 1 year,RENT,190592.0,Source Verified,small_business,8.7,0,3,0,50963,71.6,8,420,Sep-2015,937.15,424,Aug-2005,Fully Paid,33737.549999999996,0.0,Dec-2017
27695, 60 months,24.53,C,10+ years,RENT,35060.0,Not Verified,debt_consolidation,12.52,0,21,0,56229,51.0,45,420,Jan-2016,530.82,424,May-1989,Charged Off,11078.0,1384.75,Dec-2017
32559, 36 months,27.39,D,10+ years,MORTGAGE,93602.0,Verified,small_business,24.21,0,16,0,55982,86.1,27,340,Aug-2012,1040.08,344,May-1989,Fully Paid,37442.85,0.0,Dec-2017
25499, 36 months,15.04,B,5 years,RENT,34530.0,Verified,debt_consolidation,22.6,0,2,0,18043,24.3,30,375,Apr-2012,814.55,379,May-2000,Fully Paid,29323.85,0.0,Dec-2017
19028, 60 months,12.69,C,< 1 year,OWN,52995.0,Not Verified,car,11.35,0,21,0,3592,74.7,52,340,Feb-2015,364.7,344,Apr-1987,Fully Paid,21882.199999999997,0.0,Dec-2017
16689, 36 months,27.71,C,,OWN,34079.0,Not Verified,car,21.56,0,16,0,6042,64.3,20,350,Jun-2015,533.12,354,Dec-2003,Fully Paid,19192.35,0.0,Dec-2017
38957, 60 months,8.49,A,10+ years,MORTGAGE,55788.0,Not Verified,small_business,15.6,0,20,0,39454,75.8,10,415,Nov-2012,746.68,419,Jun-1987,Fully Paid,44800.549999999996,0.0,Dec-2017
20734, 36 months,16.66,F,5 years,MORTGAGE,20134.0,Not Verified,debt_consolidation,15.18,0,4,0,59950,80.3,47,400,Aug-2016,662.34,404,Feb-1990,Fully Paid,23844.1,0.0,Dec-2017
28671, 36 months,18.61,F,10+ years,RENT,39827.0,Not Verified,debt_consolidation,22.51,0,8,0,9078,28.5,32,385,Feb-2012,915.88,389,Sep-1992,Fully Paid,32971.649999999994,0.0,Dec-2017
37054, 36 months,25.77,F,5 years,MORTGAGE,75503.0,Verified,small_business,6.03,1,2,0,46608,4.5,44,350,May-2015,1183.67,354,Jul-2001,Fully Paid,42612.1,0.0,Dec-2017
26865, 36 months,20.94,D,5 years,RENT,61015.0,Not Verified,car,9.14,2,22,0,35242,16.8,33,365,Mar-2014,858.19,369,Nov-2010,Fully Paid,30894.749999999996,0.0,Dec-2017
26578, 36 months,16.67,B,5 years,OWN,33061.0,Source Verified,debt_consolidation,4.33,1,28,0,22029,53.5,20,355,Dec-2017,849.02,359,Oct-2005,Fully Paid,30564.699999999997,0.0,Dec-2017
36117, 60 months,13.35,G,5 years,RENT,112754.0,Verified,debt_consolidation,0.0,1,7,0,34797,88.9,45,385,Sep-2013,692.24,389,May-2010,Fully Paid,41534.549999999996,0.0,Dec-2017
32502, 36 months,13.71,E,1 year,MORTGAGE,39755.0,Not Verified,small_business,19.42,0,5,0,47559,17.3,40,410,Jul-2015,1038.26,414,Jan-2005,Fully Paid,37377.299999999996,0.0,Dec-2017
27864, 36 months,9.13,B,10+ years,OWN,30654.0,Not Verified,car,19.82,0,5,0,17866,38.0,54,395,May-2012,890.1,399,Sep-1997,Fully Paid,32043.6,0.0,Dec-2017
26809, 36 months,21.24,D,,MORTGAGE,56229.0,Source Verified,credit_card,15.37,1,29,0,3720,6.8,8,370,Jul-2014,856.4,374,Aug-2000,Fully Paid,30830.35,0.0,Dec-2017
11790, 36 months,18.06,G,5 years,OWN,24711.0,Source Verified,debt_consolidation,28.46,0,2,0,59792,90.1,45,345,Jan-2016,376.62,349,Sep-1996,Fully Paid,13558.499999999998,0.0,Dec-2017
3659, 60 months,18.21,G,5 years,RENT,98785.0,Source Verified,car,7.93,0,17,0,44046,69.1,46,380,Oct-2013,70.13,384,Apr-1994,Fully Paid,4207.849999999999,0.0,Dec-2017
33950, 60 months,20.08,G,10+ years,MORTGAGE,79603.0,Not Verified,debt_consolidation,34.02,0,4,0,15784,13.2,11,395,Jul-2017,650.71,399,Oct-1996,Current,39042.5,0.0,Dec-2017
7558, 36 months,25.32,A,,OWN,12969.0,Not Verified,credit_card,20.25,0,2,0,52082,64.3,46,410,Oct-2015,241.44,414,Feb-2012,Fully Paid,8691.699999999999,0.0,Dec-2017
18842, 60 months,18.68,F,10+ years,OWN,39448.0,Verified,car,11.73,0,11,0,30340,16.5,24,405,Oct-2015,361.14,409,Mar-1988,Fully Paid,21668.3,0.0,Dec-2017
3169, 60 months,24.43,E,< 1 year,OWN,21613.0,Verified,debt_consolidation,7.33,2,24,0,26535,81.3,7,365,Apr-2016,60.74,369,Jan-1998,Fully Paid,3644.35,0.0,Dec-2017
12725, 36 months,27.39,G,10+ years,RENT,57229.0,Source Verified,car,28.81,0,5,0,33039,11.5,47,400,Apr-2017,406.49,404,Mar-2010,Current,14633.749999999998,0.0,Dec-2017
9474, 36 months,16.92,F,1 year,OWN,23754.0,Verified,small_business,7.31,1,26,0,50954,89.4,58,400,Jun-2014,302.64,404,Jun-1989,Charged Off,3789.6000000000004,473.70000000000005,Dec-2017
31163, 36 months,11.96,C,1 year,OWN,73920.0,Verified,credit_card,22.1,0,17,0,50009,4.6,31,375,Feb-2014,995.48,379,Feb-2007,Fully Paid,35837.45,0.0,Dec-2017
3193, 60 months,26.05,D,1 year,MORTGAGE,98287.0,Verified,car,28.02,0,14,0,13381,22.1,22,355,Sep-2017,61.2,359,Dec-1991,Fully Paid,3671.95,0.0,Dec-2017
15772, 36 months,14.48,E,1 year,RENT,20387.0,Not Verified,small_business,24.1,0,16,0,29774,44.4,48,420,Apr-2015,503.83,424,Apr-2009,Fully Paid,18137.8,0.0,Dec-2017
32250, 60 months,13.86,A,10+ years,MORTGAGE,9520.0,Not Verified,debt_consolidation,16.52,1,14,0,46855,90.8,46,390,Feb-2016,618.12,394,Jun-2007,Fully Paid,37087.5,0.0,Dec-2017
8116, 36 months,27.79,B,10+ years,MORTGAGE,95939.0,Not Verified,debt_consolidation,12.88,0,12,0,2550,48.1,50,390,Nov-2014,259.26,394,Aug-1991,Fully Paid,9333.4,0.0,Dec-2017
37967, 36 months,15.99,B,1 year,OWN,15699.0,Verified,small_business,25.17,0,11,0,10480,89.9,19,350,Aug-2015,1212.83,354,Apr-1987,Fully Paid,43662.049999999996,0.0,Dec-2017
15396, 60 months,15.53,F,,MORTGAGE,26821.0,Not Verified,credit_card,15.45,1,11,1,32765,93.3,43,330,Sep-2012,295.09,334,Mar-1991,Charged Off,6158.400000000001,769.8000000000001,Dec-2017
9944, 36 months,21.69,D,1 year,MORTGAGE,49752.0,Verified,car,22.39,0,14,0,29459,44.4,55,340,Sep-2013,317.66,344,Sep-2009,Charged Off,3977.6000000000004,497.20000000000005,Dec-2017
13586, 60 months,15.92,F,5 years,RENT,33944.0,Source Verified,car,26.11,0,15,0,2399,9.9,41,365,Sep-2016,260.4,369,Sep-1988,Late (31-120 days),15623.9,0.0,Dec-2017
5555, 36 months,9.01,E,< 1 year,OWN,107546.0,Not Verified,car,0.26,0,2,0,4564,45.3,59,355,Nov-2017,177.45,359,Sep-1994,In Grace Period,6388.249999999999,0.0,Dec-2017
21901, 36 months,21.56,E,10+ years,OWN,178944.0,Not Verified,small_business,18.49,0,26,0,24678,43.8,20,420,Jun-2014,699.62,424,May-1987,Fully Paid,25186.149999999998,0.0,Dec-2017
17651, 36 months,18.59,G,1 year,OWN,121797.0,Source Verified,small_business,13.36,0,19,0,43003,38.8,48,330,Jun-2013,563.85,334,May-1988,Fully Paid,20298.649999999998,0.0,Dec-2017
5127, 36 months,14.7,C,1 year,RENT,187494.0,Verified,car,15.79,0,21,1,36356,68.1,57,420,Mar-2014,163.78,424,Mar-1991,Fully Paid,5896.049999999999,0.0,Dec-2017
20104, 36 months,27.95,G,< 1 year,MORTGAGE,86465.0,Source Verified,debt_consolidation,9.3,0,17,0,30551,39.7,29,400,Dec-2014,642.21,404,Jan-1993,Fully Paid,23119.6,0.0,Dec-2017
32914, 36 months,8.43,E,5 years,OWN,41221.0,Verified,car,19.19,1,21,0,29372,24.8,30,375,Jun-2015,1051.42,379,Jan-1989,Fully Paid,37851.1,0.0,Dec-2017
31609, 60 months,9.96,F,,MORTGAGE,35590.0,Verified,credit_card,19.11,0,3,0,4981,12.0,46,345,Oct-2014,605.84,349,Aug-1993,Fully Paid,36350.35,0.0,Dec-2017
15440, 36 months,19.92,D,5 years,RENT,74005.0,Verified,credit_card,9.06,0,12,0,38260,91.4,26,370,Oct-2012,493.22,374,Apr-2007,Fully Paid,17756.0,0.0,Dec-2017
16582, 60 months,7.66,D,,RENT,72636.0,Source Verified,car,15.65,0,20,0,11398,81.4,14,345,Oct-2014,317.82,349,Apr-1985,Fully Paid,19069.3,0.0,Dec-2017
9112, 60 months,16.76,E,,MORTGAGE,92113.0,Not Verified,car,15.23,0,6,0,36421,1.9,31,335,May-2015,174.65,339,Jul-2008,Charged Off,3644.8,455.6,Dec-2017
33803, 36 months,9.8,E,1 year,RENT,20831.0,Source Verified,debt_consolidation,9.36,0,21,0,6231,61.3,34,410,Mar-2014,1079.82,414,Feb-2012,Fully Paid,38873.45,0.0,Dec-2017
38685, 36 months,27.78,E,1 year,MORTGAGE,50846.0,Not Verified,small_business,29.85,0,24,0,20071,56.8,44,385,Jun-2017,1235.77,389,Jul-2003,Current,44487.75,0.0,Dec-2017
38436, 36 months,9.74,G,5 years,OWN,91455.0,Source Verified,car,29.54,0,25,0,15300,66.4,58,340,Apr-2016,1227.82,344,Jun-1995,Fully Paid,44201.399999999994,0.0,Dec-2017
18769, 60 months,19.69,B,10+ years,MORTGAGE,119871.0,Not Verified,debt_consolidation,25.51,0,20,0,52072,81.2,16,415,Feb-2012,359.74,419,May-2001,Charged Off,7507.6,938.45,Dec-2017
15841, 60 months,15.12,D,,RENT,22980.0,Not Verified,credit_card,5.93,1,25,0,14905,50.9,8,355,Nov-2016,303.62,359,May-1994,Fully Paid,18217.149999999998,0.0,Dec-2017
28362, 36 months,10.77,D,10+ years,OWN,34806.0,Source Verified,debt_consolidation,11.6,0,28,0,21047,41.6,24,365,Nov-2016,906.01,369,Sep-1990,Fully Paid,32616.3,0.0,Dec-2017
38009, 36 months,7.66,B,1 year,RENT,45134.0,Source Verified,car,20.11,0,4,0,41760,81.1,8,380,Oct-2012,1214.18,384,Jun-2009,Fully Paid,43710.35,0.0,Dec-2017
31938, 36 months,14.65,F,10+ years,MORTGAGE,25097.0,Not Verified,debt_consolidation,7.65,1,20,0,2150,26.2,59,350,Dec-2016,1020.24,354,Nov-1992,Late (31-120 days),36728.7,0.0,Dec-2017
16677, 36 months,19.41,D,5 years,OWN,73757.0,Not Verified,small_business,9.19,0,21,0,25331,80.0,33,415,Mar-2012,532.74,419,Sep-1992,Fully Paid,19178.55,0.0,Dec-2017
34023, 36 months,10.5,F,< 1 year,RENT,52238.0,Source Verified,small_business,26.86,0,25,0,28265,94.9,4,370,Sep-2016,1086.85,374,Jan-1991,Late (31-120 days),39126.45,0.0,Dec-2017
30609, 60 months,20.9,C,< 1 year,RENT,90792.0,Verified,debt_consolidation,23.25,0,26,0,29982,88.3,21,395,Aug-2014,586.67,399,May-2005,Fully Paid,35200.35,0.0,Dec-2017
10793, 60 months,27.91,B,< 1 year,RENT,58152.0,Source Verified,small_business,12.78,0,27,0,38011,88.3,40,330,May-2017,206.87,334,Aug-2014,Current,12411.949999999999,0.0,Dec-2017
28444, 36 months,24.1,E,< 1 year,MORTGAGE,73733.0,Verified,small_business,0.0,0,10,0,47076,43.3,17,380,Dec-2017,908.63,384,Apr-2005,Fully Paid,32710.6,0.0,Dec-2017
38601, 36 months,27.02,G,10+ years,OWN,17798.0,Verified,small_business,18.58,0,16,0,21917,63.3,29,365,Dec-2012,1233.09,369,Mar-1984,Fully Paid,44391.149999999994,0.0,Dec-2017
11663, 36 months,11.31,E,< 1 year,OWN,65257.0,Not Verified,small_business,8.3,0,4,0,46951,99.1,6,400,Dec-2015,372.57,404,Mar-2012,Fully Paid,13412.449999999999,0.0,Dec-2017
39811, 36 months,14.19,A,< 1 year,OWN,88136.0,Verified,debt_consolidation,13.47,1,15,0,50190,69.4,47,390,Nov-2013,1271.74,394,Aug-2006,Fully Paid,45782.649999999994,0.0,Dec-2017
2546, 60 months,14.06,E,,MORTGAGE,72106.0,Verified,car,17.2,0,9,0,39915,49.0,41,395,Aug-2015,48.8,399,Jan-1993,Fully Paid,2927.8999999999996,0.0,Dec-2017
30797, 36 months,13.81,E,1 year,OWN,42476.0,Not Verified,small_business,32.47,0,14,0,42008,61.9,30,370,Jan-2014,983.79,374,Dec-2009,Fully Paid,35416.549999999996,0.0,Dec-2017
12297, 60 months,19.24,G,5 years,OWN,9090.0,Source Verified,debt_consolidation,16.76,0,27,0,59882,21.0,5,410,Sep-2014,235.69,414,Mar-2001,Fully Paid,14141.55,0.0,Dec-2017
2966, 60 months,13.98,A,1 year,RENT,87687.0,Not Verified,small_business,25.63,0,17,0,40382,96.6,38,365,Oct-2016,56.85,369,Nov-1997,Fully Paid,3410.8999999999996,0.0,Dec-2017
5361, 36 months,12.2,B,5 years,MORTGAGE,63152.0,Verified,debt_consolidation,23.81,2,7,0,2525,66.1,55,405,Oct-2016,171.25,409,Jul-1989,Fully Paid,6165.15,0.0,Dec-2017
19903, 36 months,23.33,D,5 years,RENT,93789.0,Source Verified,car,32.79,0,5,0,39014,62.9,4,360,Jul-2014,635.79,364,Jul-1989,Fully Paid,22888.449999999997,0.0,Dec-2017
23902, 60 months,13.69,F,1 year,MORTGAGE,136173.0,Verified,debt_consolidation,20.42,0,5,0,8290,87.6,9,400,May-2012,458.12,404,Nov-2004,Fully Paid,27487.3,0.0,Dec-2017
32100, 36 months,24.42,G,< 1 year,OWN,65623.0,Source Verified,credit_card,16.3,0,2,0,14800,12.4,12,410,Jan-2016,1025.42,414,May-2008,Fully Paid,36915.0,0.0,Dec-2017
1679, 36 months,8.74,A,10+ years,OWN,65489.0,Not Verified,small_business,14.72,0,22,0,15938,34.6,51,375,Sep-2015,53.63,379,Jun-1999,Fully Paid,1930.85,0.0,Dec-2017
5856, 36 months,25.16,A,5 years,OWN,28430.0,Verified,car,27.99,2,12,0,11765,28.1,49,360,Jul-2015,187.07,364,Jul-1995,Fully Paid,6734.4,0.0,Dec-2017
28311, 36 months,7.27,C,1 year,RENT,31469.0,Not Verified,debt_consolidation,21.47,0,19,0,58081,74.5,41,355,Nov-2016,904.38,359,Oct-2013,Fully Paid,32557.649999999998,0.0,Dec-2017
12838, 60 months,16.02,B,,OWN,39202.0,Not Verified,car,23.68,0,6,0,30954,31.6,31,355,Sep-2017,246.06,359,Apr-1996,Fully Paid,14763.699999999999,0.0,Dec-2017
22927, 36 months,22.07,C,10+ years,RENT,81176.0,Not Verified,credit_card,20.02,0,7,1,12574,70.4,36,400,Mar-2014,732.39,404,Apr-2005,Fully Paid,26366.05,0.0,Dec-2017
7901, 60 months,26.71,C,< 1 year,OWN,35966.0,Verified,small_business,19.61,1,20,0,20724,17.9,40,330,Oct-2015,151.44,334,Sep-2005,Charged Off,3160.4,395.05,Dec-2017
19096, 36 months,18.42,E,10+ years,OWN,97125.0,Verified,small_business,12.12,1,6,1,12002,91.6,23,345,Sep-2014,610.01,349,Feb-2003,Fully Paid,21960.399999999998,0.0,Dec-2017
26745, 36 months,8.49,B,1 year,OWN,78644.0,Not Verified,credit_card,0.0,0,27,0,14377,33.8,58,360,Nov-2016,854.35,364,Oct-2014,Current,30756.749999999996,0.0,Dec-2017
38919, 60 months,15.34,C,10+ years,RENT,60559.0,Source Verified,small_business,10.89,0,2,0,31117,31.2,54,420,Oct-2013,745.95,424,Aug-2005,Fully Paid,44756.85,0.0,Dec-2017
18282, 36 months,7.86,C,< 1 year,MORTGAGE,55474.0,Source Verified,debt_consolidation,23.89,0,21,0,10068,80.4,55,380,Jul-2013,584.01,384,Oct-1994,Fully Paid,21024.3,0.0,Dec-2017
32856, 60 months,19.74,F,1 year,RENT,71344.0,Verified,car,27.11,1,9,1,32120,10.1,21,360,Sep-2014,629.74,364,Nov-2008,Fully Paid,37784.399999999994,0.0,Dec-2017
34038, 36 months,14.93,E,< 1 year,OWN,63788.0,Not Verified,small_business,14.86,1,26,0,38087,76.2,40,345,May-2016,1087.32,349,Jul-2003,Fully Paid,39143.7,0.0,Dec-2017
1431, 36 months,20.3,A,< 1 year,RENT,67465.0,Source Verified,car,10.52,0,23,0,2513,8.5,26,370,Dec-2015,45.71,374,Jul-2000,Fully Paid,1645.6499999999999,0.0,Dec-2017
34196, 60 months,8.0,A,,OWN,71359.0,Verified,credit_card,27.04,0,18,0,29256,57.4,36,360,Mar-2013,655.42,364,Mar-1992,Fully Paid,39325.399999999994,0.0,Dec-2017
3085, 60 months,24.24,D,,RENT,44330.0,Not Verified,debt_consolidation,22.3,0,13,0,53174,98.7,33,415,Jan-2012,59.13,419,Nov-2003,Charged Off,1234.0,154.25,Dec-2017
25481, 36 months,12.71,D,5 years,RENT,77415.0,Verified,car,14.86,1,28,1,3754,46.1,21,340,Sep-2015,813.98,344,Aug-1995,Fully Paid,29303.149999999998,0.0,Dec-2017
25153, 36 months,25.87,F,5 years,OWN,41769.0,Not Verified,credit_card,8.4,0,28,0,23329,48.0,50,385,Apr-2012,803.5,389,Sep-2001,Fully Paid,28925.949999999997,0.0,Dec-2017
34443, 60 months,25.85,B,< 1 year,MORTGAGE,59667.0,Not Verified,small_business,17.59,1,13,0,16457,92.8,18,400,May-2013,660.16,404,May-2007,Charged Off,13777.2,1722.15,Dec-2017
29576, 60 months,18.42,F,5 years,OWN,36113.0,Source Verified,debt_consolidation,14.79,0,2,0,35706,81.8,45,330,Feb-2015,566.87,334,Apr-2006,Fully Paid,34012.399999999994,0.0,Dec-2017
38615, 36 months,26.48,G,,RENT,81840.0,Not Verified,credit_card,29.37,0,10,0,51734,26.0,50,375,Dec-2016,1233.53,379,Jan-2014,Late (31-120 days),44407.25,0.0,Dec-2017
27316, 36 months,27.07,F,1 year,OWN,20066.0,Verified,small_business,19.4,1,7,0,19072,71.2,19,350,Mar-2013,872.59,354,Feb-1997,Fully Paid,31413.399999999998,0.0,Dec-2017
6136, 36 months,6.53,E,10+ years,OWN,36388.0,Verified,small_business,24.97,0,26,0,31605,63.5,36,375,Apr-2014,196.01,379,Apr-1993,Fully Paid,7056.4,0.0,Dec-2017
5685, 36 months,26.87,C,1 year,MORTGAGE,82165.0,Source Verified,credit_card,7.27,0,25,0,28432,93.9,34,340,May-2013,181.6,344,Sep-1994,Fully Paid,6537.749999999999,0.0,Dec-2017
33546, 60 months,20.3,A,1 year,RENT,82170.0,Source Verified,debt_consolidation,11.81,0,2,0,57914,86.1,47,370,Feb-2017,642.96,374,Jun-2009,Current,38577.899999999994,0.0,Dec-2017
29187, 36 months,18.8,A,1 year,MORTGAGE,87043.0,Verified,debt_consolidation,19.15,0,11,0,27312,9.1,46,365,Aug-2014,932.36,369,Apr-1985,Fully Paid,33565.049999999996,0.0,Dec-2017
27111, 36 months,22.62,B,10+ years,MORTGAGE,39881.0,Not Verified,credit_card,16.98,0,14,0,56872,18.1,43,365,Aug-2013,866.05,369,Oct-1991,Fully Paid,31177.649999999998,0.0,Dec-2017
33480, 36 months,24.54,B,10+ years,RENT,34923.0,Verified,debt_consolidation,7.32,0,18,0,23538,89.8,4,345,Apr-2015,1069.5,349,Sep-2007,Fully Paid,38502.0,0.0,Dec-2017
15477, 60 months,13.12,G,10+ years,MORTGAGE,44057.0,Not Verified,car,17.37,0,4,0,12469,52.3,30,400,Jun-2012,296.64,404,Feb-2010,Fully Paid,17798.55,0.0,Dec-2017
25653, 36 months,20.63,G,10+ years,MORTGAGE,124573.0,Not Verified,small_business,16.94,0,26,0,1421,32.0,26,365,Jun-2016,819.47,369,Jul-2000,Current,29500.949999999997,0.0,Dec-2017
11406, 60 months,13.34,B,< 1 year,MORTGAGE,73750.0,Not Verified,credit_card,34.79,1,16,0,51491,44.0,25,360,Sep-2016,218.61,364,Aug-1999,Fully Paid,13116.9,0.0,Dec-2017
30913, 36 months,17.79,C,10+ years,MORTGAGE,173353.0,Not Verified,debt_consolidation,23.72,2,18,0,58242,55.1,24,385,Mar-2013,987.5,389,Jul-2001,Fully Paid,35549.95,0.0,Dec-2017
11824, 36 months,8.82,G,< 1 year,MORTGAGE,82603.0,Not Verified,credit_card,17.16,1,25,0,43364,83.4,51,400,Nov-2012,377.71,404,Oct-1991,Fully Paid,13597.599999999999,0.0,Dec-2017
16908, 36 months,14.31,E,1 year,OWN,111558.0,Verified,small_business,20.18,0,16,0,35287,40.9,12,385,Mar-2017,540.12,389,Jan-2000,Late (31-120 days),19444.199999999997,0.0,Dec-2017
39759, 36 months,15.55,A,< 1 year,MORTGAGE,73869.0,Not Verified,debt_consolidation,25.18,1,28,0,39100,5.5,8,380,Feb-2014,1270.08,384,Oct-2006,Fully Paid,45722.85,0.0,Dec-2017
8045, 36 months,16.89,A,1 year,MORTGAGE,111804.0,Verified,car,13.55,0,9,0,13944,66.8,43,360,Jan-2017,256.99,364,Aug-2001,Late (31-120 days),9251.75,0.0,Dec-2017
15170, 36 months,7.95,B,5 years,MORTGAGE,29093.0,Verified,small_business,13.26,0,8,0,52042,4.0,42,335,Apr-2015,484.6,339,Jul-2010,Fully Paid,17445.5,0.0,Dec-2017
31250, 36 months,24.51,G,1 year,MORTGAGE,29076.0,Not Verified,debt_consolidation,15.59,0,10,0,57698,73.9,51,335,Jun-2015,998.26,339,Apr-1993,Fully Paid,35937.5,0.0,Dec-2017
26671, 36 months,25.94,A,5 years,MORTGAGE,31575.0,Source Verified,debt_consolidation,10.7,0,25,0,45226,65.8,10,345,Dec-2017,851.99,349,Mar-2013,Late (31-120 days),30671.649999999998,0.0,Dec-2017
4897, 60 months,14.14,B,< 1 year,MORTGAGE,38580.0,Verified,car,0.38,1,10,1,39867,4.7,42,420,Oct-2012,93.86,424,Feb-2003,Fully Paid,5631.549999999999,0.0,Dec-2017
37282, 36 months,7.5,E,,OWN,82424.0,Source Verified,car,27.34,0,15,0,22045,65.0,40,355,Dec-2014,1190.95,359,Aug-2007,Fully Paid,42874.299999999996,0.0,Dec-2017
5908, 60 months,18.26,B,1 year,OWN,54844.0,Verified,credit_card,17.16,0,26,0,21702,78.9,54,380,Aug-2014,113.24,384,Nov-2003,Fully Paid,6794.2,0.0,Dec-2017
34296, 60 months,18.34,D,< 1 year,RENT,63545.0,Not Verified,debt_consolidation,5.96,0,23,0,22008,37.4,11,335,Apr-2012,657.34,339,Sep-1990,Fully Paid,39440.399999999994,0.0,Dec-2017
31293, 60 months,14.69,G,10+ years,OWN,29719.0,Source Verified,credit_card,26.47,0,10,0,14156,9.1,27,340,May-2012,599.78,344,Mar-1996,Fully Paid,35986.95,0.0,Dec-2017
31175, 36 months,6.01,E,5 years,OWN,24703.0,Verified,debt_consolidation,22.66,0,5,1,9144,45.0,31,345,Oct-2015,995.87,349,Apr-2010,Fully Paid,35851.25,0.0,Dec-2017
1789, 60 months,17.91,E,< 1 year,OWN,91730.0,Not Verified,credit_card,25.43,0,27,0,22218,37.2,13,420,Oct-2017,34.29,424,Apr-2005,In Grace Period,2057.35,0.0,Dec-2017
24737, 60 months,8.32,F,5 years,MORTGAGE,91164.0,Source Verified,credit_card,24.01,0,17,0,11798,29.7,15,405,Oct-2016,474.13,409,May-1997,Late (31-120 days),28447.55,0.0,Dec-2017
7601, 36 months,16.98,A,5 years,RENT,38811.0,Not Verified,small_business,14.32,0,6,0,14393,32.6,38,350,Dec-2012,242.81,354,Nov-1995,Fully Paid,8741.15,0.0,Dec-2017
25325, 36 months,12.81,C,< 1 year,MORTGAGE,103459.0,Verified,car,18.02,0,6,0,50146,55.9,12,350,Jan-2015,808.99,354,Nov-1990,Fully Paid,29123.749999999996,0.0,Dec-2017
26187, 36 months,12.39,G,,RENT,67088.0,Verified,debt_consolidation,16.02,0,24,0,49159,98.9,5,415,Apr-2017,836.53,419,Jan-2005,Late (31-120 days),30115.05,0.0,Dec-2017
34913, 36 months,26.98,B,1 year,OWN,53993.0,Not Verified,credit_card,16.75,0,11,0,1922,99.4,5,355,Jun-2012,1115.28,359,Jul-2003,Fully Paid,40149.95,0.0,Dec-2017
21257, 36 months,15.2,F,,OWN,80824.0,Source Verified,small_business,24.82,0,12,0,19560,63.9,41,415,Feb-2015,679.04,419,Mar-2001,Fully Paid,24445.55,0.0,Dec-2017
31465, 36 months,9.0,D,1 year,OWN,52735.0,Source Verified,small_business,4.73,1,26,1,38369,93.4,52,335,Apr-2016,1005.13,339,Mar-2000,Fully Paid,36184.75,0.0,Dec-2017
28985, 36 months,25.14,D,10+ years,OWN,139997.0,Source Verified,credit_card,18.35,0,20,0,21082,96.9,39,355,Nov-2013,925.91,359,Feb-1999,Fully Paid,33332.75,0.0,Dec-2017
26755, 36 months,10.01,D,1 year,RENT,29391.0,Source Verified,car,16.08,0,28,1,44257,98.3,12,330,Jun-2017,854.67,334,Sep-2006,Current,30768.249999999996,0.0,Dec-2017
13088, 36 months,23.12,A,1 year,OWN,123319.0,Not Verified,small_business,19.8,0,16,2,54144,75.2,56,410,Jun-2012,418.09,414,Nov-1990,Fully Paid,15051.199999999999,0.0,Dec-2017
34771, 36 months,11.75,E,,OWN,39798.0,Source Verified,small_business,11.02,0,7,0,13136,46.9,46,410,May-2012,1110.74,414,Jul-1988,Fully Paid,39986.649999999994,0.0,Dec-2017
32678, 36 months,9.91,G,1 year,OWN,119265.0,Verified,small_business,20.68,1,28,0,7471,35.6,35,335,May-2015,1043.88,339,Feb-2007,Fully Paid,37579.7,0.0,Dec-2017
39296, 36 months,9.18,G,< 1 year,MORTGAGE,20476.0,Verified,car,6.09,1,10,0,43906,0.5,11,340,Sep-2013,1255.29,344,Dec-2001,Fully Paid,45190.399999999994,0.0,Dec-2017
28703, 36 months,22.05,D,< 1 year,MORTGAGE,40021.0,Verified,car,10.02,0,22,0,46727,55.6,20,335,May-2014,916.9,339,Apr-1999,Fully Paid,33008.45,0.0,Dec-2017
23901, 36 months,25.51,C,10+ years,RENT,66169.0,Source Verified,debt_consolidation,31.48,0,15,0,48319,90.9,46,330,Jan-2013,763.5,334,Feb-1992,Fully Paid,27486.149999999998,0.0,Dec-2017
22086, 36 months,16.78,F,,MORTGAGE,45292.0,Not Verified,car,23.6,0,23,0,1443,95.0,6,350,Sep-2012,705.52,354,Mar-1996,Fully Paid,25398.899999999998,0.0,Dec-2017
25249, 36 months,26.44,D,,OWN,18487.0,Source Verified,car,12.84,0,12,0,3597,18.4,32,395,Apr-2013,806.57,399,Aug-1991,Fully Paid,29036.35,0.0,Dec-2017
8074, 36 months,10.56,C,10+ years,RENT,60395.0,Verified,credit_card,14.8,0,20,0,4818,77.4,45,355,Jun-2012,257.92,359,Jan-2001,Fully Paid,9285.099999999999,0.0,Dec-2017
39361, 36 months,21.41,B,< 1 year,MORTGAGE,49178.0,Verified,small_business,19.83,1,10,0,36462,36.4,18,330,Jan-2014,1257.37,334,Nov-1996,Fully Paid,45265.149999999994,0.0,Dec-2017
14695, 60 months,14.8,C,1 year,OWN,169065.0,Not Verified,credit_card,19.05,0,9,0,45280,26.4,53,340,Oct-2014,281.65,344,Jan-2003,Fully Paid,16899.25,0.0,Dec-2017
30579, 36 months,24.49,A,10+ years,OWN,25964.0,Not Verified,debt_consolidation,13.69,0,4,0,8742,67.2,5,350,Dec-2012,976.83,354,Jun-1991,Fully Paid,35165.85,0.0,Dec-2017
8816, 36 months,22.89,C,10+ years,OWN,45562.0,Verified,car,15.02,1,22,0,20805,45.3,8,330,Oct-2012,281.62,334,May-1992,Fully Paid,10138.4,0.0,Dec-2017
8127, 36 months,19.17,D,10+ years,RENT,51094.0,Not Verified,debt_consolidation,24.07,0,28,0,53872,18.8,25,400,Jan-2013,259.61,404,Oct-2002,Fully Paid,9346.05,0.0,Dec-2017
24957, 60 months,16.65,D,1 year,OWN,58034.0,Source Verified,small_business,17.46,0,14,0,528,75.1,8,380,Aug-2013,478.34,384,Jun-2002,Fully Paid,28700.55,0.0,Dec-2017
17298, 36 months,24.57,G,10+ years,OWN,81713.0,Verified,debt_consolidation,15.84,0,9,0,53680,8.4,24,415,May-2015,552.57,419,Mar-2006,Fully Paid,19892.699999999997,0.0,Dec-2017
33039, 36 months,7.02,E,10+ years,MORTGAGE,41395.0,Not Verified,credit_card,21.31,0,9,0,11678,14.1,46,405,Nov-2017,1055.41,409,Jul-1988,Current,37994.85,0.0,Dec-2017
15024, 36 months,6.31,D,10+ years,RENT,46778.0,Verified,debt_consolidation,6.97,1,10,0,2854,72.8,39,355,Jun-2016,479.93,359,Apr-2001,Fully Paid,17277.6,0.0,Dec-2017
10797, 36 months,18.78,D,,RENT,34407.0,Source Verified,debt_consolidation,17.55,0,24,0,36638,53.8,51,400,Mar-2016,344.9,404,Jan-2014,Fully Paid,12416.55,0.0,Dec-2017
18310, 36 months,10.6,G,5 years,OWN,61132.0,Not Verified,small_business,21.27,1,15,0,5125,74.0,28,400,Jul-2014,584.9,404,Mar-1997,Fully Paid,21056.5,0.0,Dec-2017
37039, 60 months,23.5,F,5 years,RENT,155011.0,Not Verified,debt_consolidation,23.42,0,12,0,56985,56.8,53,410,May-2016,709.91,414,Nov-1989,Fully Paid,42594.85,0.0,Dec-2017
3275, 60 months,14.54,E,1 year,MORTGAGE,51103.0,Verified,credit_card,22.17,0,6,0,51106,88.3,53,360,Jun-2017,62.77,364,May-2006,In Grace Period,3766.2499999999995,0.0,Dec-2017
24158, 36 months,11.53,A,< 1 year,OWN,50320.0,Not Verified,credit_card,24.33,0,27,1,8303,29.1,50,355,Nov-2017,771.71,359,Dec-2006,Current,27781.699999999997,0.0,Dec-2017
23578, 36 months,11.63,A,10+ years,MORTGAGE,86794.0,Verified,car,32.86,0,7,0,22597,74.2,32,395,Apr-2012,753.19,399,Apr-1992,Fully Paid,27114.699999999997,0.0,Dec-2017
32760, 36 months,7.23,D,1 year,RENT,33498.0,Not Verified,credit_card,23.04,0,20,0,51218,81.3,57,380,Feb-2013,1046.5,384,Jul-2010,Fully Paid,37674.0,0.0,Dec-2017
3797, 60 months,26.57,E,1 year,MORTGAGE,161691.0,Verified,debt_consolidation,29.63,0,13,0,40385,99.4,49,350,May-2014,72.78,354,Aug-1986,Fully Paid,4366.549999999999,0.0,Dec-2017
26206, 36 months,16.89,C,,MORTGAGE,115889.0,Verified,debt_consolidation,28.18,1,29,0,41140,89.0,40,340,May-2017,837.14,344,Oct-1991,Late (31-120 days),30136.899999999998,0.0,Dec-2017
6812, 36 months,13.05,B,10+ years,RENT,128310.0,Verified,small_business,20.9,0,3,0,4482,45.6,17,335,Feb-2016,217.61,339,Jul-1990,Fully Paid,7833.799999999999,0.0,Dec-2017
11675, 60 months,12.17,B,10+ years,OWN,77337.0,Verified,credit_card,17.22,0,28,1,27449,2.3,9,410,Jun-2012,223.77,414,Mar-1994,Fully Paid,13426.249999999998,0.0,Dec-2017
26070, 36 months,7.83,B,1 year,RENT,149589.0,Not Verified,small_business,0.0,0,29,0,59931,50.1,9,410,Aug-2015,832.79,414,Jun-2010,Fully Paid,29980.499999999996,0.0,Dec-2017
37225, 36 months,23.09,C,1 year,RENT,82965.0,Not Verified,small_business,32.77,0,12,0,3426,43.7,24,345,Jan-2016,1189.13,349,May-2008,Fully Paid,42808.75,0.0,Dec-2017
23146, 60 months,25.6,D,10+ years,RENT,105347.0,Verified,credit_card,20.61,0,28,0,43282,46.4,34,375,May-2015,443.63,379,Aug-1999,Fully Paid,26617.899999999998,0.0,Dec-2017
36816, 60 months,22.72,F,,OWN,58700.0,Not Verified,car,18.2,1,5,0,22352,19.2,51,345,Aug-2013,705.64,349,Nov-2000,Fully Paid,42338.399999999994,0.0,Dec-2017
14663, 36 months,19.46,F,,OWN,20788.0,Source Verified,car,19.19,0,12,0,25225,18.9,13,420,Oct-2015,468.4,424,Feb-2007,Fully Paid,16862.449999999997,0.0,Dec-2017
17163, 36 months,7.78,G,1 year,RENT,88690.0,Verified,debt_consolidation,18.3,0,21,1,17456,50.2,52,350,Jan-2017,548.26,354,Jun-2010,Late (31-120 days),19737.449999999997,0.0,Dec-2017
37161, 36 months,17.31,F,5 years,RENT,59282.0,Not Verified,debt_consolidation,17.99,0,8,0,24542,28.7,45,350,Jul-2017,1187.09,354,Oct-1999,In Grace Period,42735.149999999994,0.0,Dec-2017
30583, 60 months,8.54,A,,MORTGAGE,65863.0,Not Verified,small_business,22.77,0,16,0,30034,21.0,16,350,Jun-2017,586.17,354,May-2004,Fully Paid,35170.45,0.0,Dec-2017
19405, 36 months,11.35,B,< 1 year,OWN,88321.0,Verified,debt_consolidation,17.07,0,7,0,90,19.9,15,345,Jul-2015,619.88,349,Aug-1990,Fully Paid,22315.75,0.0,Dec-2017
32161, 36 months,21.83,D,5 years,MORTGAGE,54012.0,Verified,credit_card,16.44,0,3,0,40417,14.4,48,410,Feb-2015,1027.37,414,May-1985,Fully Paid,36985.149999999994,0.0,Dec-2017
28502, 36 months,21.92,D,1 year,RENT,136645.0,Source Verified,car,40.25,0,7,0,38105,8.8,23,365,Jan-2012,910.48,369,Aug-1983,Fully Paid,32777.299999999996,0.0,Dec-2017
23683, 36 months,17.1,D,< 1 year,RENT,51477.0,Verified,debt_consolidation,4.8,3,24,0,5083,25.5,26,385,May-2014,756.54,389,Jan-2001,Fully Paid,27235.449999999997,0.0,Dec-2017
20603, 36 months,26.81,C,10+ years,RENT,37834.0,Source Verified,small_business,30.5,0,16,0,15513,35.8,31,380,Mar-2012,658.15,384,Jan-2006,Fully Paid,23693.449999999997,0.0,Dec-2017
20699, 36 months,23.68,D,,RENT,45285.0,Verified,car,17.42,1,28,0,56983,39.2,46,395,Feb-2014,661.22,399,Jan-1985,Fully Paid,23803.85,0.0,Dec-2017
34655, 60 months,13.75,A,5 years,RENT,33306.0,Source Verified,car,9.18,0,18,0,51206,26.9,51,370,Nov-2017,664.22,374,Mar-1994,In Grace Period,39853.25,0.0,Dec-2017
16723, 36 months,19.61,E,10+ years,MORTGAGE,62451.0,Not Verified,credit_card,0.0,0,9,0,57187,27.1,15,390,Aug-2017,534.21,394,Feb-2002,In Grace Period,19231.449999999997,0.0,Dec-2017
17308, 36 months,16.09,C,10+ years,OWN,207982.0,Source Verified,small_business,10.23,0,27,0,181,15.7,20,405,Sep-2017,552.89,409,Nov-2010,Late (31-120 days),19904.199999999997,0.0,Dec-2017
22525, 36 months,13.54,A,,OWN,60863.0,Verified,small_business,6.62,0,14,0,1298,61.9,32,370,Feb-2017,719.55,374,Nov-2009,Fully Paid,25903.749999999996,0.0,Dec-2017
37740, 36 months,13.7,E,1 year,OWN,75256.0,Verified,car,33.66,0,18,0,46710,39.4,23,420,Mar-2013,1205.58,424,Sep-1997,Fully Paid,43401.0,0.0,Dec-2017
12973, 36 months,26.62,C,10+ years,MORTGAGE,87989.0,Verified,debt_consolidation,25.48,0,19,0,9455,58.9,5,355,Mar-2017,414.42,359,Oct-2008,Charged Off,5189.200000000001,648.6500000000001,Dec-2017
24323, 36 months,11.17,C,1 year,RENT,90317.0,Source Verified,small_business,0.0,0,10,0,54380,83.6,30,410,Nov-2015,776.98,414,Jun-1990,Fully Paid,27971.449999999997,0.0,Dec-2017
9490, 36 months,27.74,D,10+ years,RENT,50832.0,Source Verified,car,22.24,0,9,2,25848,49.8,55,405,Jan-2016,303.15,409,Jan-2011,Fully Paid,10913.5,0.0,Dec-2017
20659, 36 months,8.4,E,< 1 year,OWN,213198.0,Source Verified,credit_card,17.88,0,18,0,43905,79.4,50,330,Sep-2016,659.94,334,Nov-1996,Current,23757.85,0.0,Dec-2017
23972, 36 months,25.79,E,10+ years,RENT,90884.0,Verified,debt_consolidation,24.77,0,13,0,34369,63.5,15,420,Feb-2012,765.77,424,Mar-1996,Fully Paid,27567.8,0.0,Dec-2017
24589, 36 months,23.39,F,10+ years,OWN,22344.0,Source Verified,small_business,8.23,0,11,0,19400,89.7,39,415,Dec-2016,785.48,419,May-1988,Late (31-120 days),28277.35,0.0,Dec-2017
2704, 60 months,18.98,A,1 year,RENT,86747.0,Source Verified,small_business,9.95,1,18,1,112,45.4,42,365,Aug-2014,51.83,369,Jun-1995,Fully Paid,3109.6,0.0,Dec-2017
5635, 36 months,22.84,B,5 years,OWN,63935.0,Verified,credit_card,12.14,0,7,0,1166,35.7,23,340,Aug-2016,180.01,344,Sep-1994,Fully Paid,6480.249999999999,0.0,Dec-2017
20831, 36 months,24.34,B,10+ years,RENT,89729.0,Verified,credit_card,30.73,0,7,1,47639,71.1,24,385,Jul-2017,665.43,389,Sep-2014,Fully Paid,23955.649999999998,0.0,Dec-2017
26826, 60 months,22.54,D,,MORTGAGE,93368.0,Not Verified,debt_consolidation,31.7,0,28,0,46270,46.2,56,340,Dec-2013,514.16,344,Dec-2005,Fully Paid,30849.899999999998,0.0,Dec-2017
33668, 36 months,14.87,B,5 years,RENT,40690.0,Not Verified,small_business,16.8,0,27,0,58658,92.6,45,400,Jul-2012,1075.51,404,Dec-1996,Fully Paid,38718.2,0.0,Dec-2017
14342, 60 months,14.89,C,1 year,OWN,93973.0,Not Verified,debt_consolidation,16.16,1,19,0,23424,99.1,41,400,Nov-2017,274.89,404,Dec-1999,Late (31-120 days),5736.8,717.1,Dec-2017
2145, 36 months,15.3,G,10+ years,MORTGAGE,101380.0,Not Verified,credit_card,7.57,0,24,0,40392,78.6,53,365,Mar-2014,68.52,369,Nov-1984,Fully Paid,2466.75,0.0,Dec-2017
24610, 36 months,13.08,E,1 year,MORTGAGE,48309.0,Source Verified,credit_card,10.26,0,23,0,6856,57.3,16,350,Jun-2017,786.15,354,Feb-1988,Current,28301.499999999996,0.0,Dec-2017
33568, 36 months,6.44,A,10+ years,OWN,55377.0,Source Verified,small_business,15.2,0,27,0,19255,19.9,48,420,Jun-2017,1072.31,424,Feb-2002,Late (31-120 days),38603.2,0.0,Dec-2017
15791, 36 months,21.54,D,< 1 year,RENT,38043.0,Source Verified,debt_consolidation,17.59,0,27,0,6950,86.4,4,355,Nov-2013,504.43,359,Oct-1998,Charged Off,6316.400000000001,789.5500000000001,Dec-2017
38478, 36 months,15.7,D,,OWN,36351.0,Source Verified,car,23.57,0,15,0,28382,2.9,58,380,Sep-2013,1229.16,384,Jul-1997,Fully Paid,44249.7,0.0,Dec-2017
6357, 36 months,26.14,B,5 years,MORTGAGE,96475.0,Verified,debt_consolidation,22.4,0,28,0,24713,79.9,31,420,Nov-2015,203.07,424,Apr-1997,Fully Paid,7310.549999999999,0.0,Dec-2017
4746, 60 months,14.45,C,10+ years,OWN,60657.0,Verified,car,25.78,0,16,0,15286,35.5,30,350,Sep-2016,90.96,354,Oct-1994,In Grace Period,5457.9,0.0,Dec-2017
15060, 36 months,25.29,G,< 1 year,RENT,66069.0,Source Verified,car,20.24,0,26,0,35218,72.7,56,350,Apr-2012,481.08,354,Dec-1995,Fully Paid,17319.0,0.0,Dec-2017
3831, 60 months,19.75,D,,RENT,36388.0,Source Verified,small_business,23.38,0,4,0,26955,23.4,34,420,Sep-2013,73.43,424,Sep-2006,Fully Paid,4405.65,0.0,Dec-2017
8854, 36 months,16.16,D,,OWN,110977.0,Not Verified,small_business,25.14,1,15,0,51235,17.4,20,355,Sep-2013,282.84,359,Jul-1996,Fully Paid,10182.099999999999,0.0,Dec-2017
2181, 60 months,11.17,B,,OWN,55539.0,Source Verified,small_business,28.48,0,23,0,51052,69.7,54,350,Jul-2014,41.8,354,Oct-1997,Fully Paid,2508.1499999999996,0.0,Dec-2017
17832, 60 months,14.15,B,1 year,MORTGAGE,93386.0,Verified,small_business,5.84,0,29,0,31491,3.0,36,370,Jun-2013,341.78,374,Feb-1993,Fully Paid,20506.8,0.0,Dec-2017
23692, 36 months,25.75,F,10+ years,MORTGAGE,16100.0,Source Verified,small_business,26.87,0,4,0,35207,87.1,17,345,Jan-2013,756.83,349,Sep-2010,Fully Paid,27245.8,0.0,Dec-2017
9059, 60 months,20.36,C,,OWN,22323.0,Source Verified,credit_card,3.33,0,23,0,22512,96.9,36,355,Nov-2017,173.63,359,Sep-1996,Fully Paid,10417.849999999999,0.0,Dec-2017
16808, 36 months,20.53,C,,MORTGAGE,108237.0,Source Verified,credit_card,23.49,0,28,0,28866,50.4,41,340,Apr-2017,536.92,344,Jun-1997,Current,19329.199999999997,0.0,Dec-2017
38989, 36 months,23.64,D,1 year,MORTGAGE,75051.0,Not Verified,credit_card,23.88,2,18,1,30032,53.3,5,345,Oct-2014,1245.48,349,Jan-2010,Fully Paid,44837.35,0.0,Dec-2017
27268, 60 months,19.74,B,1 year,OWN,44235.0,Not Verified,credit_card,20.57,0,17,0,16236,21.4,42,355,Aug-2017,522.64,359,Feb-2013,Late (31-120 days),31358.199999999997,0.0,Dec-2017
4373, 60 months,17.55,C,,RENT,31455.0,Source Verified,debt_consolidation,25.29,0,20,0,44117,49.8,19,400,Feb-2014,83.82,404,Feb-1987,Fully Paid,5028.95,0.0,Dec-2017
8145, 36 months,12.79,D,10+ years,MORTGAGE,209952.0,Source Verified,car,14.69,1,14,0,45538,60.2,24,330,Nov-2015,260.19,334,Sep-1990,Fully Paid,9366.75,0.0,Dec-2017
19408, 60 months,18.03,E,10+ years,RENT,36594.0,Not Verified,debt_consolidation,19.61,0,7,0,16895,85.4,44,395,Sep-2016,371.99,399,Sep-1995,Charged Off,7763.200000000001,970.4000000000001,Dec-2017
28274, 60 months,22.03,B,1 year,OWN,73308.0,Source Verified,debt_consolidation,8.01,0,17,0,58538,73.7,22,410,Apr-2017,541.92,414,Jan-1993,Current,32515.1,0.0,Dec-2017
11508, 60 months,26.27,B,10+ years,MORTGAGE,30208.0,Source Verified,debt_consolidation,32.59,0,26,0,17659,28.9,21,395,Jul-2016,220.57,399,May-2009,Charged Off,4603.2,575.4,Dec-2017
17541, 36 months,17.84,A,10+ years,MORTGAGE,26523.0,Not Verified,credit_card,16.93,0,13,0,28627,43.2,13,395,Mar-2014,560.34,399,May-2007,Fully Paid,20172.149999999998,0.0,Dec-2017
19556, 36 months,21.01,D,,OWN,21205.0,Not Verified,car,12.3,0,16,0,4237,87.6,9,385,Nov-2012,624.71,389,Apr-1994,Fully Paid,22489.399999999998,0.0,Dec-2017
38022, 60 months,13.83,E,5 years,OWN,62985.0,Verified,credit_card,26.96,0,7,0,17292,58.1,43,330,Dec-2017,728.76,334,Feb-2009,In Grace Period,15208.800000000001,1901.1000000000001,Dec-2017
32772, 36 months,9.94,E,10+ years,MORTGAGE,125355.0,Not Verified,debt_consolidation,24.67,0,7,0,22100,45.6,50,360,Sep-2012,1046.88,364,Feb-1995,Fully Paid,37687.799999999996,0.0,Dec-2017
27899, 36 months,21.56,F,< 1 year,OWN,43725.0,Not Verified,car,8.25,1,17,0,10538,84.9,10,330,Jan-2017,891.22,334,Aug-2013,Fully Paid,32083.85,0.0,Dec-2017
29977, 36 months,6.13,D,< 1 year,RENT,81576.0,Not Verified,debt_consolidation,6.55,1,28,0,9154,27.0,14,360,Jan-2014,957.6,364,Apr-1995,Fully Paid,34473.549999999996,0.0,Dec-2017
23810, 36 months,19.28,A,10+ years,OWN,99666.0,Source Verified,credit_card,25.0,0,22,0,33286,93.4,18,415,May-2016,760.6,419,Dec-1991,Fully Paid,27381.499999999996,0.0,Dec-2017
39746, 60 months,27.77,A,,RENT,109401.0,Source Verified,small_business,12.22,1,8,0,20511,11.6,27,385,Nov-2012,761.8,389,Jan-1992,Fully Paid,45707.899999999994,0.0,Dec-2017
21755, 36 months,12.27,B,5 years,RENT,71724.0,Not Verified,car,8.12,0,15,0,14226,23.5,35,405,May-2012,694.95,409,Apr-1989,Fully Paid,25018.249999999996,0.0,Dec-2017
32479, 36 months,11.72,D,5 years,OWN,26352.0,Not Verified,car,22.45,0,29,1,37742,35.3,21,380,Jan-2013,1037.52,384,Apr-2007,Fully Paid,37350.85,0.0,Dec-2017
17165, 60 months,10.67,F,< 1 year,OWN,34651.0,Verified,debt_consolidation,5.72,0,12,1,33875,13.9,25,395,May-2017,329.0,399,Nov-1990,Fully Paid,19739.75,0.0,Dec-2017
1562, 36 months,27.85,C,,RENT,25649.0,Not Verified,credit_card,12.63,0,4,0,41641,51.5,32,355,Mar-2013,49.9,359,Jul-1998,Fully Paid,1796.3,0.0,Dec-2017
5285, 60 months,24.72,F,,MORTGAGE,22949.0,Verified,small_business,12.95,0,9,0,58889,95.3,46,330,Dec-2016,101.3,334,Aug-2012,Current,6077.749999999999,0.0,Dec-2017
24419, 36 months,22.64,C,10+ years,RENT,54039.0,Verified,debt_consolidation,0.17,0,3,0,59064,99.3,28,405,Oct-2013,780.05,409,Jun-1992,Fully Paid,28081.85,0.0,Dec-2017
32317, 36 months,26.02,A,5 years,MORTGAGE,70996.0,Source Verified,credit_card,19.69,1,21,0,46972,98.4,40,400,Jan-2014,1032.35,404,Aug-2000,Fully Paid,37164.549999999996,0.0,Dec-2017
7032, 36 months,13.18,G,< 1 year,RENT,107827.0,Not Verified,debt_consolidation,12.64,1,15,0,40330,68.0,23,420,Jan-2016,224.63,424,Mar-1988,Fully Paid,8086.799999999999,0.0,Dec-2017
26265, 36 months,22.06,F,5 years,RENT,19554.0,Not Verified,debt_consolidation,18.37,0,24,0,53117,34.6,20,410,Nov-2014,839.02,414,Nov-2010,Fully Paid,30204.749999999996,0.0,Dec-2017
6998, 36 months,7.19,B,1 year,RENT,414048.0,Verified,small_business,13.63,0,5,0,548,79.6,13,405,Mar-2015,223.55,409,Dec-2007,Fully Paid,8047.7,0.0,Dec-2017
8995, 36 months,23.99,F,1 year,MORTGAGE,48703.0,Verified,car,18.59,0,29,0,14184,1.1,55,420,Jun-2012,287.34,424,Mar-2004,Fully Paid,10344.25,0.0,Dec-2017
9340, 36 months,19.9,G,1 year,OWN,69379.0,Not Verified,car,7.31,0,24,0,50076,87.9,52,340,Jan-2014,298.36,344,Apr-1994,Fully Paid,10741.0,0.0,Dec-2017
2516, 36 months,7.47,F,5 years,RENT,102966.0,Source Verified,small_business,5.59,0,27,0,16342,25.4,42,410,Oct-2013,80.37,414,Aug-1998,Fully Paid,2893.3999999999996,0.0,Dec-2017
6146, 36 months,7.27,B,1 year,OWN,57512.0,Verified,credit_card,11.06,0,19,0,24889,24.7,10,335,Mar-2015,196.33,339,Jul-2005,Fully Paid,7067.9,0.0,Dec-2017
5128, 60 months,14.96,A,< 1 year,RENT,26191.0,Not Verified,car,18.43,0,29,0,50223,37.3,30,400,May-2014,98.29,404,Nov-1999,Fully Paid,5897.2,0.0,Dec-2017
23978, 36 months,20.49,D,10+ years,OWN,48108.0,Verified,debt_consolidation,6.67,0,15,0,17648,35.9,31,380,Jul-2012,765.96,384,Mar-1991,Fully Paid,27574.699999999997,0.0,Dec-2017
1575, 36 months,27.66,A,,RENT,33383.0,Verified,debt_consolidation,24.83,1,5,0,49613,65.1,57,360,Apr-2014,50.31,364,Jan-2002,Fully Paid,1811.2499999999998,0.0,Dec-2017
33478, 36 months,11.53,D,1 year,RENT,73785.0,Source Verified,debt_consolidation,12.79,0,26,0,37309,29.7,30,360,Feb-2014,1069.44,364,Aug-2010,Fully Paid,38499.7,0.0,Dec-2017
38647, 60 months,7.1,D,5 years,MORTGAGE,51935.0,Source Verified,debt_consolidation,22.63,1,27,0,49360,20.5,33,395,Aug-2016,740.73,399,Jul-2002,Current,44444.049999999996,0.0,Dec-2017
22971, 60 months,20.57,C,10+ years,OWN,116296.0,Verified,car,14.55,1,13,0,32885,68.1,39,335,Mar-2015,440.28,339,May-2012,Fully Paid,26416.649999999998,0.0,Dec-2017
23922, 36 months,26.96,C,5 years,MORTGAGE,22587.0,Verified,credit_card,17.21,0,10,0,51215,39.7,40,420,May-2017,764.18,424,Jan-1993,Fully Paid,27510.3,0.0,Dec-2017
8965, 36 months,27.76,A,< 1 year,OWN,67151.0,Verified,debt_consolidation,6.15,0,21,0,45786,58.3,10,360,Aug-2013,286.38,364,Jul-1987,Fully Paid,10309.75,0.0,Dec-2017
17208, 60 months,18.6,E,5 years,MORTGAGE,22865.0,Source Verified,small_business,8.56,0,21,0,31213,10.9,15,390,Jul-2014,329.82,394,Apr-1987,Fully Paid,19789.199999999997,0.0,Dec-2017
21007, 36 months,11.14,B,10+ years,OWN,20289.0,Verified,car,17.31,0,18,0,8513,21.6,20,415,Jun-2017,671.06,419,Mar-2015,Late (31-120 days),24158.05,0.0,Dec-2017
15524, 60 months,21.87,A,< 1 year,MORTGAGE,139208.0,Source Verified,small_business,23.22,0,6,0,14035,16.3,40,385,Dec-2012,297.54,389,Feb-1995,Fully Paid,17852.6,0.0,Dec-2017
28153, 36 months,16.97,B,1 year,OWN,111862.0,Source Verified,credit_card,21.82,0,21,0,56788,28.7,31,340,Feb-2014,899.33,344,Oct-1998,Fully Paid,32375.949999999997,0.0,Dec-2017
32997, 36 months,10.11,A,1 year,OWN,57366.0,Not Verified,debt_consolidation,16.05,1,15,0,42004,26.1,31,375,Jun-2017,1054.07,379,Nov-1998,Fully Paid,37946.549999999996,0.0,Dec-2017
7500, 60 months,13.23,C,10+ years,MORTGAGE,36283.0,Source Verified,small_business,20.11,0,15,0,30782,68.0,56,330,Jun-2016,143.75,334,Aug-1999,Current,8625.0,0.0,Dec-2017
19135, 36 months,6.9,C,< 1 year,OWN,33438.0,Source Verified,car,13.53,0,27,0,25761,80.9,15,415,Nov-2012,611.26,419,Jan-2007,Fully Paid,22005.25,0.0,Dec-2017
7811, 36 months,7.54,G,10+ years,OWN,32748.0,Source Verified,car,10.66,0,11,0,59432,46.1,43,395,Aug-2012,249.52,399,Aug-1998,Fully Paid,8982.65,0.0,Dec-2017
37296, 36 months,12.79,G,1 year,MORTGAGE,26961.0,Not Verified,credit_card,28.05,0,15,1,21737,41.0,18,400,Aug-2015,1191.4,404,Jun-1986,Fully Paid,42890.399999999994,0.0,Dec-2017
14196, 36 months,9.44,G,5 years,MORTGAGE,15995.0,Source Verified,credit_card,14.92,0,25,0,41866,95.4,36,365,Mar-2017,453.48,369,Jun-2009,Fully Paid,16325.4,0.0,Dec-2017
26454, 36 months,9.75,G,10+ years,RENT,30874.0,Source Verified,credit_card,23.22,1,23,0,35307,66.6,8,415,Feb-2015,845.06,419,Feb-2001,Fully Paid,30422.1,0.0,Dec-2017
20586, 60 months,8.14,C,10+ years,OWN,130323.0,Not Verified,credit_card,28.14,0,9,0,34137,43.7,34,340,Feb-2015,394.56,344,Jan-2005,Fully Paid,23673.899999999998,0.0,Dec-2017
9345, 36 months,22.42,F,,RENT,59557.0,Verified,credit_card,3.95,0,17,0,16034,28.3,55,355,May-2014,298.52,359,Jan-2002,Fully Paid,10746.75,0.0,Dec-2017
31509, 36 months,16.64,D,10+ years,RENT,39231.0,Source Verified,car,14.22,1,12,0,3945,15.7,24,360,Nov-2015,1006.54,364,Oct-2004,Fully Paid,36235.35,0.0,Dec-2017
35462, 36 months,13.79,B,< 1 year,OWN,105413.0,Not Verified,debt_consolidation,33.17,0,26,0,35758,97.2,22,375,Nov-2012,1132.81,379,Feb-1985,Fully Paid,40781.299999999996,0.0,Dec-2017
24675, 60 months,12.62,G,,MORTGAGE,77838.0,Source Verified,credit_card,15.35,0,18,0,53010,99.2,31,340,Jul-2016,472.94,344,Aug-2001,Current,28376.249999999996,0.0,Dec-2017
29834, 36 months,22.43,F,10+ years,MORTGAGE,29133.0,Not Verified,car,13.35,0,5,0,13093,19.5,56,395,Sep-2015,953.03,399,May-1986,Fully Paid,34309.1,0.0,Dec-2017
22158, 36 months,21.32,F,5 years,OWN,38792.0,Source Verified,debt_consolidation,21.72,0,25,0,30238,68.4,43,345,Oct-2012,707.82,349,Jan-1991,Charged Off,8863.2,1107.9,Dec-2017
9095, 36 months,23.83,F,,MORTGAGE,31409.0,Source Verified,debt_consolidation,14.45,1,18,0,31630,83.1,7,385,Jul-2017,290.53,389,Oct-1989,In Grace Period,10459.25,0.0,Dec-2017
20540, 36 months,15.19,F,10+ years,RENT,39208.0,Not Verified,credit_card,6.17,0,7,1,21946,47.2,9,420,Dec-2016,656.14,424,Mar-2009,Fully Paid,23620.999999999996,0.0,Dec-2017
24885, 60 months,10.85,B,< 1 year,MORTGAGE,59873.0,Not Verified,small_business,18.5,0,13,2,38324,99.6,37,360,Jun-2013,476.96,364,Mar-2009,Fully Paid,28617.749999999996,0.0,Dec-2017
36597, 60 months,13.38,C,,RENT,114438.0,Source Verified,credit_card,14.13,0,10,0,2899,32.9,47,415,Jan-2015,701.44,419,Jul-2001,Fully Paid,42086.549999999996,0.0,Dec-2017
21522, 36 months,13.04,A,,OWN,151486.0,Verified,debt_consolidation,12.67,0,2,0,40169,60.7,27,335,Sep-2017,687.51,339,Mar-2004,Current,24750.3,0.0,Dec-2017
1962, 36 months,17.45,G,1 year,MORTGAGE,66198.0,Source Verified,car,23.63,0,9,1,44657,24.3,43,370,Dec-2013,62.68,374,Sep-1991,Fully Paid,2256.2999999999997,0.0,Dec-2017
7669, 36 months,20.14,A,1 year,OWN,31191.0,Not Verified,credit_card,13.28,0,10,0,38812,70.8,41,370,Feb-2015,244.98,374,Aug-1989,Charged Off,3067.6000000000004,383.45000000000005,Dec-2017
19668, 60 months,17.0,D,10+ years,OWN,37058.0,Source Verified,credit_card,19.47,1,19,0,58909,85.4,53,330,Oct-2013,376.97,334,Jun-1994,Charged Off,7867.200000000001,983.4000000000001,Dec-2017
20883, 36 months,11.41,F,< 1 year,RENT,65281.0,Source Verified,credit_card,26.38,0,24,0,55163,67.1,27,400,Apr-2016,667.1,404,Jul-2011,Fully Paid,24015.449999999997,0.0,Dec-2017
20896, 60 months,8.43,G,< 1 year,RENT,43660.0,Source Verified,debt_consolidation,23.75,0,6,1,1741,15.8,8,345,Mar-2015,400.51,349,May-1991,Fully Paid,24030.399999999998,0.0,Dec-2017
35692, 36 months,10.85,B,,RENT,58744.0,Not Verified,car,7.3,1,7,0,22787,20.8,6,350,Feb-2015,1140.16,354,May-1998,Fully Paid,41045.799999999996,0.0,Dec-2017
23962, 36 months,13.83,F,1 year,OWN,41564.0,Verified,credit_card,20.43,0,6,0,26365,41.5,6,375,Jan-2015,765.45,379,Jul-2004,Fully Paid,27556.3,0.0,Dec-2017
32914, 36 months,10.92,C,1 year,RENT,162529.0,Not Verified,car,26.25,0,28,0,32998,1.4,30,380,Dec-2012,1051.42,384,Mar-2003,Fully Paid,37851.1,0.0,Dec-2017
8172, 36 months,21.85,E,,RENT,120394.0,Source Verified,credit_card,26.78,0,20,0,49336,61.3,19,360,Jun-2017,261.05,364,Jul-2003,Current,9397.8,0.0,Dec-2017
35379, 36 months,18.09,A,10+ years,OWN,48810.0,Source Verified,small_business,4.92,1,13,0,11152,69.3,24,340,Jun-2012,1130.16,344,Jun-1985,Fully Paid,40685.85,0.0,Dec-2017
6846, 36 months,18.33,D,1 year,OWN,22390.0,Not Verified,debt_consolidation,19.35,0,2,0,3438,42.9,42,415,Oct-2013,218.69,419,Feb-1998,Fully Paid,7872.9,0.0,Dec-2017
39109, 60 months,19.97,C,< 1 year,MORTGAGE,61934.0,Verified,car,31.75,0,27,0,37692,46.4,46,405,Mar-2012,749.59,409,Dec-1996,Fully Paid,44975.35,0.0,Dec-2017
23660, 36 months,22.5,A,1 year,OWN,66347.0,Not Verified,car,8.55,0,4,0,35419,78.8,36,420,Jul-2013,755.81,424,Sep-1999,Fully Paid,27208.999999999996,0.0,Dec-2017
39908, 36 months,7.42,C,1 year,OWN,42501.0,Not Verified,small_business,55.86,0,3,0,53065,98.9,24,375,Apr-2012,1274.84,379,Jan-1993,Fully Paid,45894.2,0.0,Dec-2017
26068, 36 months,7.3,D,< 1 year,RENT,42691.0,Verified,small_business,27.74,0,26,0,45460,32.1,52,410,Apr-2015,832.73,414,Sep-1996,Fully Paid,29978.199999999997,0.0,Dec-2017
30578, 36 months,25.72,E,10+ years,OWN,104731.0,Not Verified,credit_card,27.41,1,23,0,53069,91.2,24,335,Sep-2014,976.8,339,Aug-2011,Fully Paid,35164.7,0.0,Dec-2017
36884, 60 months,16.74,B,5 years,RENT,19698.0,Not Verified,debt_consolidation,23.9,0,28,0,16504,38.0,39,365,Oct-2013,706.94,369,Jun-1992,Charged Off,14753.6,1844.2,Dec-2017
39293, 36 months,13.6,D,5 years,RENT,70406.0,Not Verified,car,11.95,0,20,1,47883,12.7,27,395,Feb-2014,1255.19,399,Jul-2005,Fully Paid,45186.95,0.0,Dec-2017
12000, 36 months,11.96,E,,OWN,71623.0,Not Verified,debt_consolidation,17.63,0,26,0,54619,49.5,55,335,Feb-2015,383.33,339,Dec-1985,Fully Paid,13799.999999999998,0.0,Dec-2017
6451, 36 months,13.32,C,1 year,OWN,43642.0,Not Verified,small_business,25.81,0,26,0,7583,44.9,17,350,Apr-2016,206.07,354,Mar-1991,Fully Paid,7418.65,0.0,Dec-2017
16779, 36 months,7.04,F,,MORTGAGE,123760.0,Verified,credit_card,11.68,1,2,0,9056,0.1,24,385,Apr-2014,536.0,389,Jun-2001,Fully Paid,19295.85,0.0,Dec-2017
18541, 36 months,6.55,G,1 year,MORTGAGE,33414.0,Not Verified,car,7.05,0,6,0,42832,2.1,34,340,May-2014,592.28,344,Feb-2007,Fully Paid,21322.149999999998,0.0,Dec-2017
9891, 60 months,13.02,F,1 year,MORTGAGE,60991.0,Verified,car,28.15,0,26,0,1258,29.2,11,360,Jul-2013,189.58,364,May-2009,Fully Paid,11374.65,0.0,Dec-2017
5968, 36 months,23.1,A,1 year,RENT,43869.0,Verified,small_business,4.86,0,28,0,25663,94.2,46,405,Dec-2014,190.64,409,Jan-2010,Fully Paid,6863.2,0.0,Dec-2017
15812, 36 months,12.75,A,,RENT,24539.0,Source Verified,credit_card,18.11,0,28,0,52564,63.4,57,330,Mar-2015,505.11,334,Jul-2003,Fully Paid,18183.8,0.0,Dec-2017
18301, 36 months,19.84,B,,MORTGAGE,138375.0,Verified,credit_card,31.6,0,18,0,4088,14.4,4,400,Oct-2012,584.62,404,Feb-1998,Fully Paid,21046.149999999998,0.0,Dec-2017
5756, 60 months,22.64,B,5 years,MORTGAGE,91355.0,Source Verified,car,20.81,1,11,0,45992,32.7,14,330,Oct-2013,110.32,334,Oct-2000,Fully Paid,6619.4,0.0,Dec-2017
2939, 60 months,17.68,G,5 years,OWN,78140.0,Source Verified,debt_consolidation,23.96,2,4,0,35215,86.2,34,345,Apr-2016,56.33,349,Aug-1986,Fully Paid,3379.85,0.0,Dec-2017
25292, 36 months,15.42,C,1 year,MORTGAGE,44281.0,Verified,car,21.57,1,16,0,59043,26.6,23,365,Sep-2012,807.94,369,Dec-1985,Fully Paid,29085.8,0.0,Dec-2017
1773, 36 months,12.97,B,1 year,RENT,51315.0,Source Verified,small_business,26.28,0,6,0,49400,29.1,50,415,Oct-2013,56.64,419,Dec-1993,Fully Paid,2038.9499999999998,0.0,Dec-2017
38469, 60 months,18.5,G,,MORTGAGE,32964.0,Not Verified,credit_card,24.63,1,4,0,30777,95.3,44,420,Jan-2014,737.32,424,Feb-2010,Charged Off,15387.6,1923.45,Dec-2017
20636, 36 months,16.66,E,10+ years,MORTGAGE,29874.0,Not Verified,small_business,22.23,2,12,1,12162,22.4,17,420,Jul-2016,659.21,424,Mar-2010,Late (31-120 days),23731.399999999998,0.0,Dec-2017
9011, 36 months,16.36,F,,RENT,35976.0,Source Verified,credit_card,25.03,0,23,0,2270,61.4,6,360,Dec-2014,287.85,364,Jun-1996,Fully Paid,10362.65,0.0,Dec-2017
17161, 60 months,21.05,F,10+ years,MORTGAGE,33849.0,Source Verified,car,22.88,0,5,0,53225,10.8,19,365,Feb-2016,328.92,369,Nov-2004,Fully Paid,19735.149999999998,0.0,Dec-2017
32013, 36 months,22.67,C,< 1 year,RENT,93619.0,Source Verified,credit_card,16.11,0,10,0,50816,91.0,32,375,Oct-2016,1022.64,379,Jul-1995,Fully Paid,36814.95,0.0,Dec-2017
31406, 36 months,19.28,D,5 years,MORTGAGE,85988.0,Source Verified,credit_card,15.6,1,11,0,52083,24.4,51,410,Nov-2015,1003.25,414,Aug-1986,Fully Paid,36116.899999999994,0.0,Dec-2017
30570, 36 months,14.36,E,1 year,RENT,40293.0,Source Verified,small_business,21.67,0,22,0,4200,3.1,11,385,Jan-2013,976.54,389,Apr-1996,Fully Paid,35155.5,0.0,Dec-2017
8749, 60 months,11.79,A,1 year,OWN,46735.0,Verified,small_business,20.9,0,18,0,17549,41.8,8,390,Jan-2012,167.69,394,Mar-1988,Fully Paid,10061.349999999999,0.0,Dec-2017
11875, 36 months,27.61,F,10+ years,RENT,34209.0,Verified,debt_consolidation,14.39,1,25,0,40366,42.9,50,375,Mar-2015,379.34,379,Aug-2009,Fully Paid,13656.249999999998,0.0,Dec-2017
6117, 36 months,27.68,G,1 year,OWN,66843.0,Not Verified,small_business,15.89,0,6,0,24941,26.0,47,380,Nov-2016,195.4,384,May-2005,Fully Paid,7034.549999999999,0.0,Dec-2017
27650, 60 months,25.22,E,10+ years,OWN,57787.0,Source Verified,small_business,3.46,0,29,0,45114,47.4,57,380,Oct-2012,529.96,384,Jul-2007,Fully Paid,31797.499999999996,0.0,Dec-2017
5950, 36 months,15.86,C,1 year,OWN,68684.0,Not Verified,debt_consolidation,14.56,0,7,0,13645,79.0,49,395,Sep-2015,190.07,399,Aug-2006,Fully Paid,6842.499999999999,0.0,Dec-2017
17239, 36 months,13.07,E,1 year,RENT,27483.0,Not Verified,debt_consolidation,17.93,2,7,0,43995,4.2,22,410,Jan-2016,550.69,414,Mar-1992,Fully Paid,19824.85,0.0,Dec-2017
26664, 36 months,16.51,D,10+ years,RENT,44141.0,Verified,small_business,22.0,0,8,0,54946,38.2,20,335,Aug-2015,851.77,339,Feb-2009,Charged Off,10665.6,1333.2,Dec-2017
20590, 36 months,21.19,D,,MORTGAGE,67758.0,Source Verified,small_business,19.73,1,2,0,30263,55.8,51,330,Aug-2014,657.74,334,Jan-1994,Fully Paid,23678.499999999996,0.0,Dec-2017
7963, 36 months,24.39,A,10+ years,MORTGAGE,29759.0,Verified,debt_consolidation,21.4,0,23,0,9524,2.3,22,365,Jan-2017,254.37,369,May-2011,Current,9157.449999999999,0.0,Dec-2017
13698, 36 months,20.01,G,< 1 year,MORTGAGE,43489.0,Verified,credit_card,4.2,1,13,0,3597,39.5,50,335,Mar-2016,437.58,339,Oct-2012,Fully Paid,15752.699999999999,0.0,Dec-2017
11887, 60 months,26.65,B,10+ years,RENT,112409.0,Source Verified,debt_consolidation,9.26,0,17,0,52042,55.3,30,345,Apr-2013,227.83,349,Mar-1988,Fully Paid,13670.05,0.0,Dec-2017
13349, 36 months,19.27,B,,OWN,45488.0,Verified,car,8.36,0,29,0,26513,33.5,10,385,Nov-2013,426.43,389,Nov-1994,Fully Paid,15351.349999999999,0.0,Dec-2017
27656, 36 months,16.8,D,10+ years,RENT,25100.0,Not Verified,car,16.93,0,26,0,743,70.0,46,380,Jul-2015,883.46,384,Nov-1996,Fully Paid,31804.399999999998,0.0,Dec-2017
18828, 36 months,12.19,B,< 1 year,OWN,195241.0,Not Verified,car,23.59,0,14,0,51487,48.6,17,390,May-2016,601.45,394,Apr-1990,Fully Paid,21652.199999999997,0.0,Dec-2017
20001, 60 months,24.96,F,1 year,RENT,45033.0,Verified,small_business,24.35,0,23,0,59208,69.4,31,400,Nov-2017,383.35,404,Jan-2004,In Grace Period,23001.149999999998,0.0,Dec-2017
22553, 36 months,21.74,A,1 year,MORTGAGE,58951.0,Not Verified,credit_card,14.25,0,22,0,36386,5.6,52,335,Aug-2015,720.44,339,Jan-2012,Fully Paid,25935.949999999997,0.0,Dec-2017
11548, 36 months,16.68,F,5 years,OWN,28897.0,Verified,debt_consolidation,17.97,0,21,0,34176,90.9,29,330,Dec-2016,368.89,334,Dec-2008,Fully Paid,13280.199999999999,0.0,Dec-2017
8196, 36 months,9.69,B,5 years,RENT,17665.0,Not Verified,credit_card,34.95,0,28,0,20923,83.2,21,360,Sep-2013,261.82,364,Nov-1991,Fully Paid,9425.4,0.0,Dec-2017
21054, 36 months,9.46,F,5 years,RENT,58717.0,Verified,car,24.0,0,8,0,55900,61.9,13,385,Jul-2017,672.56,389,Jun-2015,In Grace Period,24212.1,0.0,Dec-2017
13960, 36 months,8.16,A,10+ years,MORTGAGE,102510.0,Verified,debt_consolidation,8.23,1,23,0,44969,68.4,15,415,Apr-2017,445.94,419,Aug-1987,Late (31-120 days),16053.999999999998,0.0,Dec-2017
6841, 36 months,15.79,B,,RENT,88889.0,Verified,small_business,20.07,0,26,0,33888,33.7,31,375,Feb-2015,218.53,379,Jan-1994,Fully Paid,7867.15,0.0,Dec-2017
8284, 60 months,6.33,E,10+ years,OWN,49996.0,Not Verified,debt_consolidation,10.11,0,29,0,54624,94.2,49,420,Sep-2014,158.78,424,May-2011,Fully Paid,9526.599999999999,0.0,Dec-2017
13444, 36 months,27.94,E,,MORTGAGE,121040.0,Source Verified,credit_card,27.78,1,24,0,24669,97.1,52,330,Jun-2012,429.46,334,Aug-1998,Fully Paid,15460.599999999999,0.0,Dec-2017
37136, 36 months,18.12,B,10+ years,MORTGAGE,156412.0,Not Verified,car,18.31,0,6,1,54657,60.1,9,385,Feb-2015,1186.29,389,Jun-2009,Fully Paid,42706.399999999994,0.0,Dec-2017
32726, 36 months,19.88,D,5 years,MORTGAGE,50825.0,Not Verified,car,24.04,0,4,0,45619,80.8,7,330,Dec-2015,1045.41,334,Jul-2013,Fully Paid,37634.899999999994,0.0,Dec-2017
5618, 36 months,22.89,G,< 1 year,OWN,67148.0,Not Verified,debt_consolidation,14.05,0,27,0,18808,71.8,23,415,Nov-2017,179.46,419,Apr-2015,Current,6460.7,0.0,Dec-2017
35455, 36 months,13.61,C,10+ years,MORTGAGE,50298.0,Not Verified,car,21.09,0,22,0,53076,62.7,50,390,Dec-2016,1132.59,394,Sep-1995,Fully Paid,40773.25,0.0,Dec-2017
31114, 36 months,7.19,G,< 1 year,RENT,87843.0,Verified,small_business,22.88,2,9,0,37081,76.2,52,370,Oct-2014,993.92,374,Oct-1985,Fully Paid,35781.1,0.0,Dec-2017
38018, 36 months,17.63,F,10+ years,RENT,41251.0,Verified,small_business,15.09,2,23,0,18167,3.2,58,390,Sep-2013,1214.46,394,Dec-1994,Fully Paid,43720.7,0.0,Dec-2017
14049, 36 months,20.86,F,10+ years,OWN,98317.0,Not Verified,small_business,17.5,0,26,0,9184,44.1,29,390,Sep-2015,448.79,394,Dec-2007,Fully Paid,16156.349999999999,0.0,Dec-2017
15490, 36 months,22.77,D,< 1 year,MORTGAGE,65283.0,Verified,debt_consolidation,19.37,0,9,1,24025,81.2,4,335,Oct-2014,494.82,339,Jul-2010,Fully Paid,17813.5,0.0,Dec-2017
19749, 36 months,19.44,C,10+ years,RENT,44887.0,Source Verified,debt_consolidation,19.62,0,12,0,1955,28.2,58,400,Nov-2013,630.87,404,Jun-2009,Fully Paid,22711.35,0.0,Dec-2017
11428, 36 months,16.33,B,10+ years,RENT,19956.0,Source Verified,car,17.81,0,28,0,22228,62.5,28,360,Sep-2013,365.06,364,Oct-1988,Fully Paid,13142.199999999999,0.0,Dec-2017
31620, 36 months,22.18,B,5 years,RENT,148850.0,Verified,small_business,21.22,0,17,0,27828,94.8,15,410,Dec-2014,1010.08,414,Jun-2003,Fully Paid,36363.0,0.0,Dec-2017
2404, 36 months,9.33,A,10+ years,OWN,88154.0,Verified,car,20.13,0,29,0,38108,74.2,22,385,Jan-2013,76.79,389,Oct-1999,Fully Paid,2764.6,0.0,Dec-2017
18391, 60 months,14.15,F,,MORTGAGE,16493.0,Not Verified,small_business,18.34,1,22,1,54204,55.2,28,375,Sep-2013,352.49,379,Sep-1984,Fully Paid,21149.649999999998,0.0,Dec-2017
25254, 36 months,25.4,A,1 year,RENT,84518.0,Verified,small_business,20.03,0,8,0,58433,11.1,49,375,Feb-2017,806.72,379,Feb-1994,Current,29042.1,0.0,Dec-2017
7398, 36 months,23.81,D,,MORTGAGE,12271.0,Verified,credit_card,24.46,0,18,0,20394,74.9,11,400,Aug-2017,236.32,404,Jan-2007,Fully Paid,8507.699999999999,0.0,Dec-2017
13930, 36 months,12.87,F,< 1 year,MORTGAGE,41784.0,Source Verified,debt_consolidation,16.27,0,29,1,20085,18.2,7,360,Jan-2016,444.99,364,Jan-1992,Fully Paid,16019.499999999998,0.0,Dec-2017
13406, 36 months,13.14,F,< 1 year,RENT,51675.0,Not Verified,car,30.01,1,19,0,3960,75.1,30,360,Apr-2012,428.25,364,Jul-1997,Fully Paid,15416.9,0.0,Dec-2017
2709, 36 months,25.81,C,,RENT,114790.0,Verified,car,35.4,0,16,0,57532,8.6,28,350,Mar-2015,86.54,354,Jul-1986,Fully Paid,3115.35,0.0,Dec-2017
33821, 60 months,7.92,G,< 1 year,RENT,161175.0,Verified,credit_card,16.59,0,27,0,5727,45.7,35,410,May-2014,648.24,414,Jan-1990,Fully Paid,38894.149999999994,0.0,Dec-2017
21938, 36 months,16.83,A,5 years,RENT,23663.0,Verified,credit_card,38.68,0,24,0,16879,7.2,7,395,Dec-2016,700.8,399,Aug-2002,Fully Paid,25228.699999999997,0.0,Dec-2017
5216, 36 months,13.64,C,5 years,RENT,104415.0,Source Verified,debt_consolidation,4.49,1,7,0,26610,11.3,4,415,Jun-2014,166.62,419,May-1989,Fully Paid,5998.4,0.0,Dec-2017
7678, 36 months,15.41,D,1 year,RENT,51001.0,Verified,car,17.16,0,21,1,56885,50.8,46,340,Jun-2013,245.27,344,Dec-2002,Fully Paid,8829.699999999999,0.0,Dec-2017
18796, 60 months,19.88,E,,RENT,67351.0,Not Verified,credit_card,14.56,0,22,0,42614,87.9,28,355,Dec-2016,360.26,359,Jul-2012,Fully Paid,21615.399999999998,0.0,Dec-2017
7198, 36 months,10.44,F,< 1 year,OWN,148028.0,Verified,small_business,23.06,0,27,0,28567,48.7,58,360,Jan-2016,229.94,364,Dec-2011,Fully Paid,8277.699999999999,0.0,Dec-2017
20109, 60 months,7.79,C,,OWN,89379.0,Source Verified,car,18.77,0,16,0,12154,45.3,20,345,Jan-2013,385.42,349,Apr-2005,Fully Paid,23125.35,0.0,Dec-2017
2903, 60 months,19.26,D,5 years,MORTGAGE,82102.0,Not Verified,car,16.46,0,22,0,56302,31.6,49,420,Sep-2017,55.64,424,Jun-2011,Late (31-120 days),3338.45,0.0,Dec-2017
8020, 36 months,26.46,D,5 years,RENT,33670.0,Not Verified,credit_card,24.36,0,2,0,43573,47.7,55,405,Jun-2013,256.19,409,Feb-2010,Fully Paid,9223.0,0.0,Dec-2017
36472, 60 months,16.14,D,< 1 year,RENT,29501.0,Verified,credit_card,28.78,0,5,0,45653,91.4,12,370,Nov-2016,699.05,374,Jun-1996,Late (31-120 days),41942.799999999996,0.0,Dec-2017
33295, 36 months,19.28,A,1 year,RENT,47594.0,Verified,debt_consolidation,28.64,0,20,0,24802,44.5,7,335,Feb-2014,1063.59,339,Dec-2008,Charged Off,13318.0,1664.75,Dec-2017
22289, 36 months,6.26,B,,OWN,96457.0,Not Verified,debt_consolidation,10.75,1,5,0,39540,71.6,41,375,Mar-2016,712.01,379,Dec-1992,Fully Paid,25632.35,0.0,Dec-2017
8429, 36 months,14.98,B,10+ years,MORTGAGE,134715.0,Verified,credit_card,18.23,0,7,0,47869,93.8,22,355,Jun-2014,269.26,359,Oct-1992,Fully Paid,9693.349999999999,0.0,Dec-2017
5937, 36 months,22.61,E,1 year,RENT,32120.0,Not Verified,credit_card,16.06,0,29,0,51291,59.7,15,335,Feb-2017,189.65,339,Oct-2002,Late (31-120 days),2374.8,296.85,Dec-2017
3479, 36 months,23.68,A,1 year,OWN,120416.0,Verified,car,17.91,1,15,0,38032,73.6,7,365,Jan-2015,111.13,369,Oct-1987,Fully Paid,4000.85,0.0,Dec-2017
6742, 36 months,22.03,G,10+ years,MORTGAGE,53128.0,Not Verified,car,30.03,0,12,0,56005,64.7,36,420,Jan-2014,215.37,424,Aug-2010,Fully Paid,7753.299999999999,0.0,Dec-2017
7298, 60 months,24.29,E,5 years,OWN,67537.0,Verified,car,14.58,0,9,0,53721,86.9,30,370,Nov-2014,139.88,374,Mar-2002,Fully Paid,8392.699999999999,0.0,Dec-2017
37576, 36 months,14.14,E,< 1 year,RENT,40689.0,Verified,credit_card,11.61,0,18,0,36560,8.1,31,370,Feb-2014,1200.34,374,Sep-1988,Fully Paid,43212.399999999994,0.0,Dec-2017
30916, 36 months,23.06,B,5 years,RENT,59690.0,Not Verified,credit_card,14.19,1,9,0,17504,1.7,26,400,Jan-2016,987.59,404,Nov-1990,Fully Paid,35553.399999999994,0.0,Dec-2017
3949, 60 months,21.76,E,< 1 year,OWN,36871.0,Verified,debt_consolidation,8.32,0,12,0,52455,47.9,7,375,Jan-2012,75.69,379,May-2004,Charged Off,1579.6000000000001,197.45000000000002,Dec-2017
16638, 36 months,16.33,C,< 1 year,OWN,92215.0,Verified,credit_card,21.09,0,17,0,1958,83.1,8,330,May-2014,531.49,334,Jul-1986,Fully Paid,19133.699999999997,0.0,Dec-2017
25082, 36 months,15.77,A,10+ years,OWN,40544.0,Verified,credit_card,36.45,0,14,0,28967,28.1,41,365,Feb-2016,801.23,369,Aug-1988,Fully Paid,28844.3,0.0,Dec-2017
26903, 36 months,25.24,G,,OWN,44798.0,Source Verified,car,7.73,0,8,0,3376,46.9,15,370,May-2013,859.4,374,Apr-2000,Fully Paid,30938.449999999997,0.0,Dec-2017
2166, 60 months,15.97,G,10+ years,RENT,73252.0,Not Verified,debt_consolidation,12.05,0,16,0,38608,99.7,26,370,Mar-2017,41.52,374,Dec-1994,Late (31-120 days),2490.8999999999996,0.0,Dec-2017
4655, 36 months,17.0,G,10+ years,RENT,115813.0,Not Verified,debt_consolidation,32.48,0,18,0,10965,17.1,8,380,Apr-2012,148.7,384,Apr-1994,Fully Paid,5353.25,0.0,Dec-2017
15885, 36 months,24.5,B,10+ years,OWN,33986.0,Not Verified,debt_consolidation,20.19,0,22,0,20462,47.3,43,355,Jul-2014,507.44,359,May-1993,Fully Paid,18267.75,0.0,Dec-2017
14447, 36 months,12.97,E,< 1 year,RENT,112587.0,Verified,debt_consolidation,22.46,0,5,0,53490,59.2,29,335,May-2012,461.5,339,Mar-1993,Fully Paid,16614.05,0.0,Dec-2017
37753, 36 months,23.51,G,1 year,OWN,107802.0,Verified,debt_consolidation,23.66,0,22,0,30295,39.2,11,390,Apr-2017,1206.0,394,Sep-1995,Fully Paid,43415.95,0.0,Dec-2017
29988, 60 months,11.7,G,5 years,RENT,116347.0,Source Verified,small_business,16.41,0,10,0,635,27.5,23,360,Feb-2012,574.77,364,Mar-1989,Fully Paid,34486.2,0.0,Dec-2017
15308, 36 months,10.88,G,,MORTGAGE,64106.0,Source Verified,credit_card,20.86,0,29,0,39404,6.1,49,405,Dec-2016,489.01,409,Nov-2000,Fully Paid,17604.199999999997,0.0,Dec-2017
28782, 36 months,22.88,A,5 years,RENT,49390.0,Source Verified,car,22.12,0,29,0,40032,43.1,49,395,Apr-2012,919.42,399,Oct-2005,Fully Paid,33099.299999999996,0.0,Dec-2017
18338, 60 months,10.39,E,1 year,RENT,62461.0,Not Verified,credit_card,29.12,0,21,0,22897,59.7,11,410,Aug-2016,351.48,414,Apr-1989,Late (31-120 days),21088.699999999997,0.0,Dec-2017
35873, 36 months,8.82,B,< 1 year,RENT,51001.0,Not Verified,debt_consolidation,22.52,0,6,0,46910,64.0,50,410,Nov-2016,1145.94,414,Jan-1992,Late (31-120 days),41253.95,0.0,Dec-2017
3764, 60 months,17.82,A,< 1 year,RENT,185947.0,Not Verified,car,19.36,1,26,0,56617,91.0,19,385,Mar-2014,72.14,389,Aug-1986,Fully Paid,4328.599999999999,0.0,Dec-2017
31330, 36 months,24.2,D,5 years,OWN,16540.0,Not Verified,small_business,15.84,0,12,0,5502,9.3,12,415,Jul-2016,1000.82,419,Jun-2011,Late (31-120 days),36029.5,0.0,Dec-2017
3796, 36 months,22.27,F,< 1 year,OWN,84960.0,Verified,credit_card,9.55,0,11,0,46275,57.4,21,390,Sep-2016,121.26,394,Aug-2005,Fully Paid,4365.4,0.0,Dec-2017
24245, 60 months,9.51,D,< 1 year,MORTGAGE,273978.0,Not Verified,small_business,19.99,0,13,0,11006,43.5,37,405,May-2013,464.7,409,Feb-1986,Fully Paid,27881.749999999996,0.0,Dec-2017
23375, 60 months,15.57,F,1 year,RENT,50570.0,Source Verified,credit_card,5.92,0,26,0,7440,49.7,47,405,Sep-2015,448.02,409,Jan-1994,Fully Paid,26881.249999999996,0.0,Dec-2017
26661, 60 months,7.06,E,,RENT,51001.0,Source Verified,debt_consolidation,15.87,0,17,0,23742,62.7,9,420,Feb-2017,511.0,424,Jul-1991,Fully Paid,30660.149999999998,0.0,Dec-2017
38204, 60 months,15.18,A,1 year,RENT,94831.0,Source Verified,debt_consolidation,14.67,2,3,0,22092,53.0,39,350,Sep-2017,732.24,354,Jan-1989,Fully Paid,43934.6,0.0,Dec-2017
2358, 60 months,12.06,C,10+ years,RENT,78742.0,Source Verified,credit_card,10.86,0,18,0,26877,77.1,11,375,Nov-2012,45.19,379,Sep-1991,Fully Paid,2711.7,0.0,Dec-2017
34819, 36 months,25.91,E,1 year,RENT,60689.0,Verified,car,21.6,0,25,0,20252,40.8,15,400,Nov-2012,1112.27,404,May-1999,Fully Paid,40041.85,0.0,Dec-2017
23206, 36 months,18.83,D,< 1 year,MORTGAGE,30304.0,Source Verified,car,6.3,0,4,0,35501,8.8,48,400,Dec-2014,741.3,404,Dec-1987,Fully Paid,26686.899999999998,0.0,Dec-2017
26367, 36 months,22.93,B,10+ years,MORTGAGE,103317.0,Source Verified,debt_consolidation,0.0,0,3,0,57163,5.2,24,365,Oct-2016,842.28,369,May-1990,Fully Paid,30322.05,0.0,Dec-2017
22471, 60 months,18.93,B,1 year,RENT,57464.0,Source Verified,small_business,29.52,0,20,0,6085,37.3,17,385,Aug-2012,430.69,389,Jul-2003,Fully Paid,25841.649999999998,0.0,Dec-2017
39163, 60 months,8.09,D,5 years,OWN,80041.0,Source Verified,debt_consolidation,19.71,1,24,1,56244,61.3,24,360,Aug-2014,750.62,364,Sep-1988,Fully Paid,45037.45,0.0,Dec-2017
23105, 36 months,16.3,B,10+ years,OWN,87202.0,Source Verified,car,29.01,2,22,1,51031,88.8,30,355,Aug-2017,738.08,359,Jul-2015,Fully Paid,26570.749999999996,0.0,Dec-2017
17838, 60 months,27.45,E,5 years,MORTGAGE,34669.0,Verified,debt_consolidation,8.0,0,2,0,48162,38.4,40,400,Jul-2013,341.9,404,Jul-1999,Fully Paid,20513.699999999997,0.0,Dec-2017
23184, 60 months,11.08,F,5 years,RENT,110016.0,Source Verified,car,27.19,0,7,0,11773,19.3,12,380,Sep-2015,444.36,384,Apr-1997,Fully Paid,26661.6,0.0,Dec-2017
38353, 60 months,20.69,D,1 year,OWN,53197.0,Not Verified,debt_consolidation,32.9,0,27,0,2638,62.7,17,390,Mar-2012,735.1,394,Feb-1993,Fully Paid,44105.95,0.0,Dec-2017
8713, 36 months,9.92,B,5 years,MORTGAGE,33580.0,Not Verified,debt_consolidation,26.55,0,27,0,3109,76.4,55,380,Dec-2015,278.33,384,Mar-1995,Fully Paid,10019.949999999999,0.0,Dec-2017
21440, 36 months,6.92,G,< 1 year,OWN,62004.0,Verified,debt_consolidation,18.28,0,5,1,39819,2.7,25,395,Jul-2017,684.89,399,Jun-1990,Fully Paid,24655.999999999996,0.0,Dec-2017
39108, 36 months,23.47,G,1 year,OWN,30437.0,Source Verified,car,18.6,0,19,0,10550,24.4,5,360,Jan-2017,1249.28,364,Jun-2012,Late (31-120 days),44974.2,0.0,Dec-2017
3474, 60 months,24.78,F,1 year,RENT,85441.0,Verified,car,14.73,1,8,0,56618,62.6,9,415,Apr-2012,66.58,419,Aug-1989,Charged Off,1389.6000000000001,173.70000000000002,Dec-2017
9662, 60 months,6.29,A,< 1 year,MORTGAGE,38016.0,Not Verified,car,21.21,0,25,0,28493,15.6,58,405,Jan-2015,185.19,409,Sep-2005,Fully Paid,11111.3,0.0,Dec-2017
19117, 36 months,15.19,D,1 year,MORTGAGE,76327.0,Verified,debt_consolidation,16.04,0,8,0,58075,21.4,46,385,Mar-2017,610.68,389,Aug-2001,Late (31-120 days),21984.55,0.0,Dec-2017
20463, 36 months,10.12,G,10+ years,RENT,61459.0,Not Verified,car,6.55,1,14,0,5514,33.6,49,335,May-2017,653.68,339,Nov-1987,Fully Paid,23532.449999999997,0.0,Dec-2017
38705, 36 months,19.9,F,5 years,MORTGAGE,74668.0,Verified,debt_consolidation,30.93,0,11,0,42213,28.8,42,330,Apr-2014,1236.41,334,Mar-2012,Fully Paid,44510.75,0.0,Dec-2017
16455, 36 months,9.58,D,5 years,RENT,59623.0,Source Verified,small_business,29.15,1,22,0,52015,76.2,36,370,Oct-2013,525.65,374,Jan-2002,Fully Paid,18923.25,0.0,Dec-2017
17253, 36 months,25.56,C,10+ years,OWN,32771.0,Verified,car,39.0,1,5,0,22580,93.3,45,340,May-2017,551.14,344,Mar-1995,Charged Off,6901.200000000001,862.6500000000001,Dec-2017
19081, 60 months,18.99,A,,OWN,152435.0,Not Verified,credit_card,17.7,0,23,0,9389,4.0,38,355,Sep-2014,365.72,359,Dec-2003,Fully Paid,21943.149999999998,0.0,Dec-2017
39431, 36 months,20.49,A,1 year,MORTGAGE,36201.0,Not Verified,debt_consolidation,21.89,0,9,0,20143,81.3,29,415,Nov-2013,1259.6,419,Oct-2005,Charged Off,15772.400000000001,1971.5500000000002,Dec-2017
8098, 36 months,27.47,A,10+ years,RENT,120784.0,Verified,debt_consolidation,23.09,0,15,0,30849,82.1,34,420,Feb-2017,258.69,424,Jun-1996,Fully Paid,9312.699999999999,0.0,Dec-2017
16168, 36 months,12.16,D,10+ years,OWN,169470.0,Verified,credit_card,10.67,2,18,0,31033,97.7,14,380,Dec-2015,516.48,384,Dec-2008,Fully Paid,18593.199999999997,0.0,Dec-2017
6803, 36 months,10.32,B,5 years,RENT,87149.0,Source Verified,car,8.37,0,5,0,12464,44.4,28,420,Jan-2016,217.32,424,Jul-1998,Fully Paid,7823.45,0.0,Dec-2017
7304, 36 months,19.33,G,,OWN,115235.0,Not Verified,debt_consolidation,19.57,0,25,0,33223,71.4,5,400,Mar-2014,233.32,404,Dec-1989,Fully Paid,8399.599999999999,0.0,Dec-2017
9664, 36 months,14.75,B,5 years,OWN,156398.0,Verified,car,16.57,0,18,0,2949,98.6,33,400,Apr-2017,308.71,404,Feb-2005,In Grace Period,11113.599999999999,0.0,Dec-2017
10926, 36 months,18.65,B,10+ years,OWN,130094.0,Not Verified,small_business,6.65,0,25,0,14384,87.9,14,355,Jan-2014,349.02,359,Jul-1990,Fully Paid,12564.9,0.0,Dec-2017
24168, 36 months,8.19,F,1 year,RENT,33243.0,Not Verified,car,21.3,0,25,0,22781,13.9,51,395,May-2015,772.03,399,Dec-2008,Fully Paid,27793.199999999997,0.0,Dec-2017
10348, 36 months,6.55,G,1 year,RENT,29086.0,Source Verified,credit_card,14.6,0,2,0,10378,35.2,14,330,Nov-2015,330.56,334,Apr-2013,Fully Paid,11900.199999999999,0.0,Dec-2017
37002, 60 months,25.71,F,< 1 year,MORTGAGE,70297.0,Verified,debt_consolidation,21.12,0,13,0,25227,10.9,56,380,Dec-2014,709.2,384,Oct-1988,Fully Paid,42552.299999999996,0.0,Dec-2017
23716, 60 months,12.59,G,1 year,MORTGAGE,66493.0,Not Verified,credit_card,25.2,1,21,0,12624,96.1,41,405,Aug-2016,454.56,409,Mar-1996,Charged Off,9486.4,1185.8,Dec-2017
35788, 36 months,17.39,B,10+ years,MORTGAGE,76203.0,Not Verified,small_business,5.83,1,7,0,38575,65.6,44,420,Apr-2016,1143.23,424,Jun-2000,Fully Paid,41156.2,0.0,Dec-2017
7216, 36 months,9.72,F,< 1 year,OWN,54009.0,Not Verified,debt_consolidation,13.97,1,5,0,20717,96.4,17,380,Nov-2012,230.51,384,Mar-1989,Fully Paid,8298.4,0.0,Dec-2017
27886, 36 months,23.79,B,< 1 year,MORTGAGE,75718.0,Not Verified,car,25.91,0,20,0,51937,17.0,11,340,May-2015,890.8,344,May-2009,Fully Paid,32068.899999999998,0.0,Dec-2017
14977, 60 months,13.32,A,1 year,RENT,38210.0,Source Verified,credit_card,17.49,0,11,0,44235,46.0,43,365,Jul-2012,287.06,369,Apr-2005,Fully Paid,17223.55,0.0,Dec-2017
5779, 60 months,10.21,G,10+ years,MORTGAGE,69504.0,Not Verified,car,28.25,0,6,0,13600,98.9,26,405,May-2017,110.76,409,May-2006,In Grace Period,6645.849999999999,0.0,Dec-2017
38849, 36 months,13.92,B,5 years,MORTGAGE,70986.0,Not Verified,car,27.81,1,4,0,46952,98.9,9,365,Jun-2013,1241.01,369,Jul-2004,Charged Off,15539.6,1942.45,Dec-2017
36475, 36 months,19.57,F,10+ years,OWN,84859.0,Source Verified,credit_card,0.0,1,7,0,13464,88.3,33,345,May-2016,1165.17,349,Feb-2007,Fully Paid,41946.25,0.0,Dec-2017
5505, 36 months,18.55,D,5 years,OWN,61258.0,Verified,credit_card,16.2,0,22,0,19768,82.9,4,350,Nov-2012,175.85,354,Jun-1998,Fully Paid,6330.749999999999,0.0,Dec-2017
32569, 36 months,6.88,E,,MORTGAGE,116280.0,Source Verified,credit_card,6.94,0,18,0,40987,77.2,30,420,Sep-2012,1040.4,424,Jun-2002,Fully Paid,37454.35,0.0,Dec-2017
26447, 36 months,27.19,F,< 1 year,RENT,59014.0,Verified,debt_consolidation,14.29,0,17,0,57478,29.0,5,420,Jun-2013,844.83,424,May-2000,Charged Off,10578.800000000001,1322.3500000000001,Dec-2017
37598, 36 months,14.77,B,10+ years,MORTGAGE,97778.0,Verified,small_business,21.24,0,6,0,9277,66.4,59,365,Jul-2013,1201.05,369,Aug-2004,Fully Paid,43237.7,0.0,Dec-2017
9832, 36 months,9.35,B,< 1 year,MORTGAGE,24510.0,Not Verified,small_business,17.84,1,26,1,18184,8.4,26,355,Jul-2017,314.08,359,Feb-2013,Fully Paid,11306.8,0.0,Dec-2017
25912, 36 months,15.38,C,1 year,MORTGAGE,93372.0,Not Verified,credit_card,15.66,0,25,0,7219,39.8,6,340,Nov-2017,827.74,344,Jun-2001,Fully Paid,29798.8,0.0,Dec-2017
16805, 60 months,21.78,E,,MORTGAGE,77740.0,Verified,credit_card,7.68,0,4,0,39822,32.9,56,380,Jun-2017,322.1,384,Jul-1999,In Grace Period,19325.75,0.0,Dec-2017
6920, 60 months,16.97,E,10+ years,MORTGAGE,60017.0,Verified,small_business,16.81,0,19,0,48585,59.5,18,400,Oct-2012,132.63,404,Jul-1998,Fully Paid,7957.999999999999,0.0,Dec-2017
4035, 60 months,22.21,A,5 years,RENT,78706.0,Source Verified,credit_card,13.26,0,22,0,53086,59.2,44,350,Sep-2015,77.34,354,Jul-2002,Fully Paid,4640.25,0.0,Dec-2017
15723, 36 months,15.34,E,< 1 year,MORTGAGE,59183.0,Not Verified,debt_consolidation,38.06,0,16,0,22674,95.0,13,330,Feb-2016,502.26,334,Sep-2012,Fully Paid,18081.449999999997,0.0,Dec-2017
30434, 36 months,18.77,A,< 1 year,MORTGAGE,82418.0,Source Verified,car,16.94,1,20,0,43413,26.8,14,370,Jun-2017,972.2,374,May-2009,Fully Paid,34999.1,0.0,Dec-2017
22258, 60 months,21.62,G,,MORTGAGE,46381.0,Verified,debt_consolidation,22.2,0,27,0,9772,90.2,7,395,Jul-2012,426.61,399,May-2000,Fully Paid,25596.699999999997,0.0,Dec-2017
34125, 36 months,18.46,D,1 year,MORTGAGE,51884.0,Not Verified,car,29.52,0,22,0,50321,73.7,55,345,Oct-2013,1090.1,349,Sep-2001,Fully Paid,39243.75,0.0,Dec-2017
7887, 60 months,7.53,B,< 1 year,RENT,44462.0,Verified,debt_consolidation,23.01,0,23,1,30823,48.1,14,385,Apr-2017,151.17,389,Apr-2013,Current,9070.05,0.0,Dec-2017
30579, 36 months,23.91,F,< 1 year,RENT,33314.0,Not Verified,small_business,7.1,0,18,0,23071,7.4,27,340,Jul-2012,976.83,344,Jun-1990,Fully Paid,35165.85,0.0,Dec-2017
15916, 36 months,21.64,C,5 years,RENT,101204.0,Verified,small_business,3.07,0,18,0,24452,78.9,21,340,Sep-2014,508.43,344,Mar-1986,Fully Paid,18303.399999999998,0.0,Dec-2017
13816, 36 months,27.12,A,< 1 year,OWN,50331.0,Verified,debt_consolidation,17.31,0,20,0,6478,5.4,19,330,Mar-2014,441.34,334,Jun-1984,Fully Paid,15888.4,0.0,Dec-2017
12832, 36 months,15.46,C,< 1 year,OWN,51129.0,Verified,credit_card,18.77,1,11,0,5861,6.8,8,355,Jun-2016,409.91,359,May-1988,In Grace Period,14756.8,0.0,Dec-2017
22102, 36 months,16.18,A,1 year,MORTGAGE,134373.0,Source Verified,car,14.88,1,7,0,12642,55.7,9,365,Apr-2017,706.04,369,Feb-1992,In Grace Period,25417.3,0.0,Dec-2017
37254, 60 months,6.88,F,5 years,OWN,67107.0,Verified,small_business,15.1,0,15,0,36590,65.4,46,355,May-2012,714.04,359,Apr-2004,Fully Paid,42842.1,0.0,Dec-2017
13232, 60 months,25.21,B,1 year,RENT,81560.0,Verified,debt_consolidation,4.23,0,16,0,22353,8.9,24,330,Mar-2012,253.61,334,Oct-1988,Fully Paid,15216.8,0.0,Dec-2017
23477, 60 months,21.26,A,10+ years,OWN,51356.0,Verified,small_business,6.44,1,27,0,4650,41.0,13,365,May-2014,449.98,369,Oct-1984,Fully Paid,26998.55,0.0,Dec-2017
39196, 36 months,8.88,C,5 years,MORTGAGE,76880.0,Not Verified,debt_consolidation,18.77,0,12,0,34426,38.1,22,340,Mar-2017,1252.09,344,Oct-2006,In Grace Period,45075.399999999994,0.0,Dec-2017
2998, 36 months,12.5,F,10+ years,OWN,181005.0,Not Verified,debt_consolidation,15.27,0,28,0,50219,44.0,42,365,Jan-2016,95.77,369,May-2013,Fully Paid,3447.7,0.0,Dec-2017
17658, 60 months,26.89,B,10+ years,OWN,79321.0,Source Verified,credit_card,16.38,0,15,0,27875,80.7,38,375,Sep-2014,338.44,379,Dec-1992,Fully Paid,20306.699999999997,0.0,Dec-2017
27268, 36 months,11.36,F,10+ years,RENT,187364.0,Source Verified,small_business,16.23,0,23,0,34698,34.1,52,410,Mar-2016,871.06,414,Feb-2013,Fully Paid,31358.199999999997,0.0,Dec-2017
32916, 36 months,16.06,E,10+ years,OWN,81552.0,Verified,debt_consolidation,5.92,0,17,0,57030,89.2,18,415,Jun-2016,1051.48,419,Dec-2010,Fully Paid,37853.399999999994,0.0,Dec-2017
38683, 60 months,12.24,A,< 1 year,RENT,99817.0,Verified,small_business,18.21,0,6,0,46175,43.5,44,380,Jan-2017,741.42,384,Dec-1988,In Grace Period,44485.45,0.0,Dec-2017
4503, 36 months,20.94,E,10+ years,RENT,33573.0,Not Verified,credit_card,24.96,0,22,0,44327,97.6,55,405,Feb-2015,143.85,409,Jul-1988,Fully Paid,5178.45,0.0,Dec-2017
37820, 60 months,12.02,E,1 year,RENT,79376.0,Not Verified,car,13.19,1,18,0,6069,44.5,11,335,Aug-2013,724.88,339,Oct-1985,Fully Paid,43493.0,0.0,Dec-2017
37935, 36 months,8.15,B,5 years,OWN,81247.0,Verified,car,15.06,0,13,0,10253,16.0,56,405,Jul-2012,1211.81,409,Apr-1984,Fully Paid,43625.25,0.0,Dec-2017
